Institution ID,Cohort,Student GUID,Cohort Term,Student Age,Enrollment Type,Enrollment Intensity First Term,Math Placement,English Placement,Dual and Summer Enrollment,Race,Ethnicity,Gender,First Gen,Pell Status First Year,Attendance Status Term 1,Credential Type Sought Year 1,Program of Study Term 1,GPA Group Term 1,GPA Group Year 1,Number of Credits Attempted Year 1,Number of Credits Earned Year 1,Number of Credits Attempted Year 2,Number of Credits Earned Year 2,Number of Credits Attempted Year 3,Number of Credits Earned Year 3,Number of Credits Attempted Year 4,Number of Credits Earned Year 4,Gateway Math Status,Gateway English Status,AttemptedGatewayMathYear1,AttemptedGatewayEnglishYear1,CompletedGatewayMathYear1,CompletedGatewayEnglishYear1,GatewayMathGradeY1,GatewayEnglishGradeY1,AttemptedDevMathY1,AttemptedDevEnglishY1,CompletedDevMathY1,CompletedDevEnglishY1,Retention,Persistence,Years to Bachelors at cohort inst.,Years to Associates or Certificate at cohort inst.,Years to Bachelor at other inst.,Years to Associates or Certificate at other inst.,Years of Last Enrollment at cohort institution,Years of Last Enrollment at other institution,Time to Credential,Reading Placement,Special Program,NASPA First-Generation,Incarcerated Status,Military Status,Employment Status,Disability Status,Foreign Language Completion,First Year to Bachelors at cohort inst.,First Year to Associates or Certificate at cohort inst.,First Year to Bachelor at other inst.,First Year to Associates or Certificate at other inst.,Program of Study Year 1,Most Recent Bachelors at Other Institution STATE,Most Recent Associates or Certificate at Other Institution STATE,Most Recent Last Enrollment at Other institution STATE,First Bachelors at Other Institution STATE,First Associates or Certificate at Other Institution STATE,Most Recent Bachelors at Other Institution CARNEGIE,Most Recent Associates or Certificate at Other Institution CARNEGIE,Most Recent Last Enrollment at Other institution CARNEGIE,First Bachelors at Other Institution CARNEGIE,First Associates or Certificate at Other Institution CARNEGIE,Most Recent Bachelors at Other Institution LOCALE,Most Recent Associates or Certificate at Other Institution LOCALE,Most Recent Last Enrollment at Other institution LOCALE,First Bachelors at Other Institution LOCALE,First Associates or Certificate at Other Institution LOCALE,Years to Latest Associates at Cohort Inst,Years to Latest Certificate at Cohort Inst,Years to Latest Associates at Other Inst,Years to Latest Certificate at Other Inst,First Year to Associates at Cohort Inst,First Year to Certificate at Cohort Inst,First Year to Associates at Other Inst,First Year to Certificate at Other Inst
86753091,2019-20,STU00000,FALL,20 and younger,Transfer-In,Full-Time,C,C,,Black or African American,N,M,A,N,Transfer-In Full-Time,B,110701,3.81,3.83,14,11,26,22,27,26,0,0,N,N,NA,NA,NA,NA,,,NA,NA,NA,NA,1,0,0,0,0,0,3,0,,C,,0,N,0,4,N,N,0,0,0,0,110701,,,,,,,,,,,,,,,,,,,,,,,
86753091,2019-20,STU00001,FALL,20 and younger,First-Time,Full-Time,C,N,,Asian,N,M,,N,First-Time Full-Time,B,422814,2.41,2.57,17,14,23,18,31,23,21,20,N,R,NA,Y,NA,D,,W,NA,Y,NA,C,1,0,0,0,0,0,3,0,,N,,0,N,0,2,N,N,0,0,0,0,422814,,,,,,,,,,,,,,,,,,,,,,,
86753091,2017-18,STU00002,FALL,Older than 24,First-Time,Full-Time,C,C,UK,White,N,F,N,Y,First-Time Full-Time,B,540101,2.53,2.59,20,14,0,0,0,0,0,0,N,N,NA,NA,NA,NA,,,NA,NA,NA,NA,0,0,0,0,0,0,1,0,,C,Bridge Program,-1,N,0,0,N,N,0,0,0,0,540101,,,,,,,,,,,,,,,,,,,,,,,
86753091,2019-20,STU00003,FALL,20 and younger,First-Time,Full-Time,N,C,,White,N,F,P,N,First-Time Full-Time,A,230101,4,4,12,12,27,25,25,19,36,36,R,N,Y,NA,C,NA,P,,N,NA,N,NA,1,0,0,0,0,0,2,0,,C,STEM Scholars 2019,1,N,0,3,Y,N,4,0,0,0,230101,,,,,,,,,,,,,,,,,,,,,,,
86753091,2017-18,STU00004,FALL,Older than 24,First-Time,Part-Time,N,N,UK,Hispanic,H,F,B,N,First-Time Part-Time,C1,230101,3.58,3.65,3,3,11,10,0,0,0,0,R,R,Y,Y,C,C,2.05,3.08,N,Y,N,D,1,0,0,0,0,0,2,0,,N,,4,N,-1,1,UK,N,0,0,0,0,230101,,,,,,,,,,,,,,,,,,,,,,,
86753091,2020-21,STU00005,FALL,20 and younger,Re-admit,Full-Time,C,C,,White,N,P,A,N,Re-admit Full-Time,03,240101,2.42,3.14,14,14,23,23,28,19,0,0,N,N,NA,NA,NA,NA,,,NA,NA,NA,NA,1,0,0,0,0,0,1,0,,C,,-1,N,0,0,N,N,0,0,0,0,240101,,,,,,,,,,,,,,,,,,,,,,,
86753091,2020-21,STU00006,FALL,Older than 24,First-Time,Part-Time,UK,C,,White,N,F,B,Y,First-Time Part-Time,02,520201,3.63,2.88,2,1,25,17,0,0,0,0,UK,N,UK,NA,UK,NA,,,UK,NA,UK,NA,1,1,0,0,0,0,4,2,,C,,0,UK,-1,2,N,N,0,0,0,0,520201,,,VA,,,,,Doctoral Universities,,,,,Suburb,,,,,,,,,,
86753091,2018-19,STU00007,SPRING,Older than 24,Transfer-In,Part-Time,C,C,,Hispanic,H,M,,Y,Transfer-In Part-Time,B,230101,4,3.99,13,13,11,10,0,0,0,0,N,N,NA,NA,NA,NA,,,NA,NA,NA,NA,1,1,0,0,0,0,4,1,,C,,0,N,0,4,UK,N,0,0,0,0,230101,,,,,,,,,,,,,Suburb,,,,,,,,,,
86753091,2016-17,STU00008,FALL,20 and younger,Transfer-In,Part-Time,C,N,,Hispanic,H,M,,Y,Transfer-In Part-Time,A,513899,3.12,3.49,4,3,18,13,13,11,17,15,N,R,NA,N,NA,N,,,NA,Y,NA,C,1,1,0,0,0,0,3,1,,N,,0,N,0,0,N,N,0,3,0,0,513899,,,NJ,,,,,Doctoral Universities,,,,,,,,,,,,3,,,
86753091,2017-18,STU00009,SPRING,>20 - 24,First-Time,Full-Time,C,C,UK,White,N,M,B,N,First-Time Full-Time,A,230101,1.84,1.39,13,6,0,0,0,0,0,0,N,N,NA,NA,NA,NA,,,NA,NA,NA,NA,0,0,0,0,0,0,1,0,,C,,4,N,0,4,N,N,0,0,0,0,230101,,,,,,,,,,,,,,,,,,,,,,,
86753091,2017-18,STU00010,FALL,20 and younger,Transfer-In,Full-Time,C,N,,White,N,F,N,N,Transfer-In Full-Time,B,261504,4,3.8,13,11,32,32,28,28,26,24,N,R,NA,Y,NA,C,,3.53,NA,N,NA,N,1,0,0,0,0,0,1,0,,N,STEM Scholars 2019,1,N,-1,3,Y,N,6,0,0,0,261504,,,,,,,,,,,,,,,,,,,,,,,
86753091,2020-21,STU00011,FALL,20 and younger,First-Time,Full-Time,C,C,,Asian,N,M,P,N,First-Time Full-Time,B,240101,3.23,3.36,17,11,27,27,0,0,0,0,N,N,NA,NA,NA,NA,,,NA,NA,NA,NA,1,1,0,0,0,0,4,0,,C,First Year Success,-1,P,0,3,N,Fall 2020,0,0,0,0,240101,,,,,,,,Baccalaureate Colleges,,,,,Urban,,,,,,,,,,
86753091,2017-18,STU00012,FALL,Older than 24,Transfer-In,Part-Time,R,C,,Hispanic,H,F,N,N,Transfer-In Part-Time,03,131202,4,4,8,7,6,6,0,0,0,0,R,N,Y,NA,C,NA,2.55,,NA,NA,NA,NA,1,0,0,0,0,0,1,0,,C,,2,UK,0,3,N,N,0,2,0,0,131202,,,,,,,,,,,,,,,,,,,,2,,,
86753091,2018-19,STU00013,SUMMER,>20 - 24,Transfer-In,Full-Time,N,R,UK,White,N,M,,N,Transfer-In Full-Time,B,513899,3.93,3.62,11,11,30,28,24,23,30,30,R,R,Y,Y,C,C,3.56,P,Y,NA,C,NA,1,1,0,0,0,0,2,0,,R,,1,N,1,-1,N,N,0,0,0,0,513899,,,MI,,,,,Baccalaureate Colleges,,,,,Urban,,,,,,,,,,
86753091,2018-19,STU00014,SPRING,Older than 24,First-Time,Full-Time,N,C,,American Indian or Alaska Native,N,F,N,N,First-Time Full-Time,B,261504,1.7,1.08,17,9,23,9,26,14,33,17,R,N,Y,NA,C,NA,1.91,,N,NA,N,NA,1,1,0,0,0,0,1,1,,C,STEM Scholars 2019,0,N,0,2,UK,N,4,0,0,0,261504,,,NY,,,,,Associate's Colleges,,,,,Urban,,,,,,,,,,
86753091,2016-17,STU00015,FALL,>20 - 24,First-Time,Full-Time,C,R,,Asian,N,M,B,N,First-Time Full-Time,B,420101,4,3.7,12,12,35,30,0,0,0,0,N,R,NA,N,NA,N,,,NA,NA,NA,NA,1,0,0,0,0,0,1,0,,R,,1,N,0,0,N,N,0,2,0,0,420101,,,,,,,,,,,,,,,,,,,,2,,,
86753091,2019-20,STU00016,FALL,>20 - 24,First-Time,Full-Time,C,C,,Asian,N,F,P,N,First-Time Full-Time,02,240101,2.79,3.3,14,10,29,26,31,31,0,0,N,N,NA,NA,NA,NA,,,NA,NA,NA,NA,1,1,0,0,0,0,1,1,,C,,1,N,-1,0,N,Fall 2019,4,0,0,0,240101,,,MA,,,,,Baccalaureate Colleges,,,,,Suburb,,,,,,,,,,
86753091,2018-19,STU00017,FALL,20 and younger,Re-admit,Part-Time,C,C,UK,Black or African American,N,M,C,N,Re-admit Part-Time,03,513899,4,4,8,8,15,12,12,12,0,0,N,N,NA,NA,NA,NA,,,NA,NA,NA,NA,1,0,0,0,0,0,4,0,,C,,4,N,0,3,N,Spring 2021,0,0,0,0,513899,,,,,,,,,,,,,,,,,,,,,,,
86753091,2019-20,STU00018,FALL,>20 - 24,Transfer-In,Full-Time,C,C,,Black or African American,N,F,B,UK,Transfer-In Full-Time,B,270101,3,3.15,16,16,24,17,29,23,27,19,N,N,NA,NA,NA,NA,,,NA,NA,NA,NA,1,1,0,0,5,0,3,1,,C,,2,N,0,-1,N,N,0,0,5,0,270101,MA,,MA,MA,,Baccalaureate Colleges,,Baccalaureate Colleges,Baccalaureate Colleges,,Suburb,,Suburb,Suburb,,,,,,,,,
86753091,2018-19,STU00019,SPRING,Older than 24,First-Time,Full-Time,N,C,UK,Hispanic,H,F,,N,First-Time Full-Time,B,261504,3.7,3.87,16,16,0,0,0,0,0,0,R,N,Y,NA,C,NA,3.39,,N,NA,N,NA,0,0,0,0,0,0,1,0,,C,,6,N,0,2,N,N,0,0,0,0,261504,,,,,,,,,,,,,,,,,,,,,,,
86753091,2019-20,STU00020,SUMMER,20 and younger,Transfer-In,Full-Time,N,C,UK,White,N,M,N,N,Transfer-In Full-Time,B,270101,2.63,2.55,20,17,31,22,30,19,22,17,R,N,Y,NA,C,NA,3.5,,Y,NA,C,NA,1,0,0,2,0,0,3,0,2.1,C,,4,Y,0,2,N,N,0,2,0,0,270101,,,,,,,,,,,,,,,,2,,,,2,,,
86753091,2016-17,STU00021,FALL,Older than 24,First-Time,Part-Time,N,C,,Two or More Races,N,UK,B,Y,First-Time Part-Time,03,540101,3.47,3.18,10,9,15,13,14,12,17,12,R,N,UK,NA,UK,NA,,,Y,NA,D,NA,1,1,0,0,0,0,1,0,,C,Bridge Program,0,N,0,1,N,N,0,0,0,0,540101,,,CA,,,,,Master's Colleges & Universities,,,,,Suburb,,,,,,,,,,
86753091,2016-17,STU00022,FALL,>20 - 24,Transfer-In,Full-Time,C,C,,Hispanic,H,M,B,Y,Transfer-In Full-Time,B,240101,3.74,3.97,14,10,0,0,0,0,0,0,N,N,NA,NA,NA,NA,,,NA,NA,NA,NA,0,0,0,0,0,0,1,0,,C,,5,N,0,0,Y,N,0,0,0,0,240101,,,,,,,,,,,,,,,,,,,,,,,
86753091,2020-21,STU00023,SUMMER,20 and younger,First-Time,Full-Time,R,C,,White,N,M,N,UK,First-Time Full-Time,C2,240101,3.37,3.91,18,15,21,20,0,0,0,0,R,N,Y,NA,C,NA,1.93,,NA,NA,NA,NA,1,1,0,0,0,0,3,0,,C,,-1,UK,0,4,N,N,0,0,0,0,240101,,,OH,,,,,Doctoral Universities,,,,,Suburb,,,,,,,,,,
86753091,2019-20,STU00024,SUMMER,Older than 24,First-Time,Part-Time,C,N,UK,White,N,F,N,N,First-Time Part-Time,B,110701,3.89,3.68,2,1,12,11,0,0,0,0,N,R,NA,N,NA,N,,,NA,Y,NA,C,1,1,0,0,0,3,5,2,,N,,1,UK,0,0,N,N,5,0,0,3,110701,,,,,,,Baccalaureate Colleges,Baccalaureate Colleges,,Baccalaureate Colleges,,Urban,Urban,,Urban,,,3,,,,3,
86753091,2020-21,STU00025,FALL,20 and younger,First-Time,Full-Time,N,C,DE,White,N,M,,N,First-Time Full-Time,A,131202,3.95,3.15,22,18,0,0,0,0,0,0,R,N,Y,NA,D,NA,F,,Y,NA,D,NA,0,0,0,0,0,0,1,0,,C,,1,N,0,-1,N,N,0,0,0,0,131202,,,,,,,,,,,,,,,,,,,,,,,
86753091,2017-18,STU00026,FALL,20 and younger,First-Time,Full-Time,C,C,,Hispanic,H,F,B,N,First-Time Full-Time,B,261504,3.4,3.51,16,15,28,28,0,0,0,0,N,N,NA,NA,NA,NA,,,NA,NA,NA,NA,1,0,0,0,0,0,2,0,,C,,2,N,0,0,N,N,0,0,0,0,261504,,,,,,,,,,,,,,,,,,,,,,,
86753091,2017-18,STU00027,FALL,>20 - 24,First-Time,Full-Time,C,C,,Black or African American,N,F,C,N,First-Time Full-Time,B,131202,2.96,2.42,14,13,27,16,20,16,0,0,N,N,NA,NA,NA,NA,,,NA,NA,NA,NA,1,0,0,0,0,0,1,0,,C,,1,N,0,1,N,N,0,0,0,0,131202,,,,,,,,,,,,,,,,,,,,,,,
86753091,2020-21,STU00028,FALL,Older than 24,Transfer-In,Full-Time,C,C,,Asian,N,F,,Y,Transfer-In Full-Time,03,420101,2.83,3.41,16,14,30,24,30,24,0,0,N,N,NA,NA,NA,NA,,,NA,NA,NA,NA,1,1,0,2,0,0,2,1,1.8,C,,1,N,0,1,N,N,0,2,0,0,420101,,,,,,,,Baccalaureate Colleges,,,,,Suburb,,,2,,,,2,,,
86753091,2016-17,STU00029,FALL,Older than 24,First-Time,Part-Time,N,N,,Black or African American,N,F,,UK,First-Time Part-Time,B,261504,4,3.8,6,5,10,10,0,0,0,0,R,R,Y,Y,C,C,1.7,3.11,Y,N,C,N,1,1,0,0,0,0,2,0,,N,,5,N,1,2,N,N,0,0,0,0,261504,,,WA,,,,,Doctoral Universities,,,,,Urban,,,,,,,,,,
86753091,2016-17,STU00030,SPRING,>20 - 24,Transfer-In,Full-Time,C,C,,White,N,M,A,Y,Transfer-In Full-Time,B,110701,3.8,3.59,13,10,23,20,21,20,26,24,N,N,NA,NA,NA,NA,,,NA,NA,NA,NA,1,1,0,0,4,0,2,0,,C,,5,N,0,0,N,N,4,2,4,0,110701,NC,,NC,NC,,Doctoral Universities,,Doctoral Universities,Doctoral Universities,,Town/Rural,,Town/Rural,Town/Rural,,,,,,2,,,
86753091,2016-17,STU00031,SPRING,>20 - 24,First-Time,Full-Time,C,N,,Black or African American,N,M,B,Y,First-Time Full-Time,03,230101,3.58,4,15,14,0,0,0,0,0,0,N,R,NA,UK,NA,UK,,,NA,N,NA,N,0,1,0,0,0,0,1,2,,N,,4,N,0,3,UK,N,0,0,0,0,230101,,,IL,,,,,Master's Colleges & Universities,,,,,Urban,,,,,,,,,,
86753091,2017-18,STU00032,SPRING,Older than 24,First-Time,Full-Time,N,N,,White,N,M,N,N,First-Time Full-Time,B,520201,2.37,2.26,15,13,0,0,0,0,0,0,R,R,Y,Y,C,C,2.82,2.82,Y,N,D,N,0,0,0,0,0,0,1,0,,N,,1,N,0,1,UK,Spring 2021,0,0,0,0,520201,,,,,,,,,,,,,,,,,,,,,,,
86753091,2020-21,STU00033,FALL,20 and younger,First-Time,Full-Time,N,N,,Black or African American,N,F,B,Y,First-Time Full-Time,B,513899,3.48,3.29,16,16,25,22,37,28,27,22,R,R,Y,N,C,N,3.13,,Y,Y,D,D,1,0,0,0,0,0,3,0,,N,,2,N,2,0,N,N,0,0,0,0,513899,,,,,,,,,,,,,,,,,,,,,,,
86753091,2018-19,STU00034,SUMMER,>20 - 24,First-Time,Full-Time,C,C,,White,N,M,N,Y,First-Time Full-Time,B,510904,3.33,3.7,14,13,27,27,22,22,0,0,N,N,NA,NA,NA,NA,,,NA,NA,NA,NA,1,0,0,0,0,0,3,0,,C,,0,N,0,0,N,N,0,0,0,0,510904,,,,,,,,,,,,,,,,,,,,,,,
86753091,2016-17,STU00035,FALL,Older than 24,Transfer-In,Part-Time,N,C,,White,N,M,A,Y,Transfer-In Part-Time,A,513899,3.76,4,6,6,16,16,0,0,0,0,R,N,N,NA,N,NA,,,Y,NA,C,NA,1,0,0,0,0,0,3,0,,C,,0,N,0,4,N,N,0,0,0,0,513899,,,,,,,,,,,,,,,,,,,,,,,
86753091,2019-20,STU00036,SUMMER,>20 - 24,First-Time,Part-Time,C,C,,White,N,M,N,Y,First-Time Part-Time,B,110701,3.65,4,5,5,18,18,0,0,0,0,N,N,NA,NA,NA,NA,,,NA,NA,NA,NA,1,0,0,0,0,0,2,0,,C,,-1,N,0,-1,N,N,6,0,0,0,110701,,,,,,,,,,,,,,,,,,,,,,,
86753091,2017-18,STU00037,FALL,>20 - 24,Transfer-In,Full-Time,C,C,UK,Black or African American,N,M,N,Y,Transfer-In Full-Time,B,540101,3.98,4,13,12,28,28,0,0,0,0,N,N,NA,NA,NA,NA,,,NA,NA,NA,NA,1,0,0,0,0,0,3,0,,C,,-1,N,0,-1,Y,Fall 2020,0,3,0,0,540101,,,,,,,,,,,,,,,,,,,,3,,,
86753091,2020-21,STU00038,SUMMER,20 and younger,First-Time,Full-Time,C,C,,Hispanic,H,M,B,N,First-Time Full-Time,B,420101,4,4,12,12,0,0,0,0,0,0,N,N,NA,NA,NA,NA,,,NA,NA,NA,NA,0,0,0,0,0,0,1,0,,C,,6,N,0,2,N,Spring 2021,0,2,0,0,420101,,,,,,,,,,,,,,,,,,,,2,,,
86753091,2016-17,STU00039,FALL,20 and younger,First-Time,Full-Time,C,C,,Black or African American,N,M,N,N,First-Time Full-Time,A,230101,3.93,4,15,13,22,19,0,0,0,0,N,N,NA,NA,NA,NA,,,NA,NA,NA,NA,1,0,0,0,0,0,1,0,,C,,1,N,0,0,N,N,0,0,0,0,230101,,,,,,,,,,,,,,,,,,,,,,,
86753091,2019-20,STU00040,FALL,20 and younger,First-Time,Full-Time,N,C,DE,Two or More Races,N,F,A,UK,First-Time Full-Time,B,420101,2.75,2.63,12,8,31,26,25,19,23,16,R,N,Y,NA,C,NA,2.76,,Y,NA,D,NA,1,0,0,0,0,0,1,0,,C,,0,N,0,2,N,Fall 2019,4,2,0,0,420101,,,,,,,,,,,,,,,,,,,,2,,,
86753091,2016-17,STU00041,FALL,>20 - 24,First-Time,Full-Time,N,C,,Hispanic,H,F,,Y,First-Time Full-Time,B,540101,2.39,3,14,12,0,0,0,0,0,0,R,N,Y,NA,C,NA,1.91,,Y,NA,D,NA,0,0,0,0,0,0,1,0,,C,Bridge Program,0,N,0,3,UK,Fall 2020,0,2,0,0,540101,,,,,,,,,,,,,,,,,,,,2,,,
86753091,2020-21,STU00042,FALL,>20 - 24,Transfer-In,Full-Time,C,C,,Native Hawaiian or Other Pacific Islander,N,M,B,N,Transfer-In Full-Time,B,420101,3.55,3.36,14,14,27,27,29,22,33,29,N,N,NA,NA,NA,NA,,,NA,NA,NA,NA,1,0,0,0,0,0,4,0,,C,,0,N,0,0,UK,Fall 2020,0,0,0,0,420101,,,,,,,,,,,,,,,,,,,,,,,
86753091,2020-21,STU00043,FALL,>20 - 24,Transfer-In,Full-Time,N,R,,Black or African American,N,F,B,UK,Transfer-In Full-Time,A,540101,3.44,3.24,17,11,17,14,0,0,0,0,R,R,Y,Y,C,C,1.73,2.83,Y,NA,C,NA,1,0,0,0,0,0,2,0,,R,,5,N,0,-1,N,N,4,0,0,0,540101,,,,,,,,,,,,,,,,,,,,,,,
86753091,2017-18,STU00044,FALL,20 and younger,Transfer-In,Full-Time,R,C,,Black or African American,N,M,B,Y,Transfer-In Full-Time,B,422814,1.21,2.1,17,13,24,17,27,22,27,18,R,N,Y,NA,D,NA,I,,NA,NA,NA,NA,1,1,0,0,0,0,1,0,,C,,0,N,0,0,UK,N,0,0,0,0,422814,,,VA,,,,,Doctoral Universities,,,,,Urban,,,,,,,,,,
86753091,2020-21,STU00045,FALL,20 and younger,First-Time,Full-Time,C,N,,Black or African American,N,M,P,Y,First-Time Full-Time,B,540101,4,4,14,14,23,19,29,28,29,29,N,R,NA,Y,NA,C,,3.09,NA,N,NA,N,1,1,0,0,4,0,2,1,,N,,1,Y,0,0,N,N,0,0,4,0,540101,NJ,,NJ,NJ,,Master's Colleges & Universities,,Master's Colleges & Universities,Master's Colleges & Universities,,Suburb,,Suburb,Suburb,,,,,,,,,
86753091,2020-21,STU00046,FALL,>20 - 24,Transfer-In,Full-Time,C,R,,Black or African American,N,F,B,N,Transfer-In Full-Time,B,510904,3.01,3.08,18,14,23,23,34,26,0,0,N,R,NA,Y,NA,C,,2.76,NA,NA,NA,NA,1,1,0,0,0,0,3,1,,R,,1,N,0,4,N,N,5,0,0,0,510904,,,FL,,,,,Baccalaureate Colleges,,,,,Town/Rural,,,,,,,,,,
86753091,2016-17,STU00047,SPRING,Older than 24,First-Time,Part-Time,C,N,,White,N,F,B,N,First-Time Part-Time,03,422814,2.9,3.64,6,4,21,18,11,10,19,19,N,R,NA,Y,NA,C,,3.57,NA,Y,NA,D,1,0,0,0,0,0,1,0,,N,,2,N,0,3,N,N,0,0,0,0,422814,,,,,,,,,,,,,,,,,,,,,,,
86753091,2020-21,STU00048,FALL,20 and younger,Transfer-In,Full-Time,C,C,,Hispanic,H,F,B,N,Transfer-In Full-Time,A,270101,4,4,15,15,33,26,0,0,0,0,N,N,NA,NA,NA,NA,,,NA,NA,NA,NA,1,0,0,0,0,0,1,0,,C,,-1,N,0,4,N,N,0,0,0,0,270101,,,,,,,,,,,,,,,,,,,,,,,
86753091,2019-20,STU00049,FALL,>20 - 24,First-Time,Full-Time,C,C,,Asian,N,M,B,N,First-Time Full-Time,B,420101,3.43,3.23,14,13,0,0,0,0,0,0,N,N,NA,NA,NA,NA,,,NA,NA,NA,NA,0,1,0,0,0,0,1,1,,C,,0,N,0,0,N,N,0,3,0,0,420101,,,NY,,,,,,,,,,Suburb,,,,,,,3,,,
86753091,2017-18,STU00050,FALL,20 and younger,First-Time,Full-Time,R,N,,Asian,N,M,C,N,First-Time Full-Time,B,510904,3.14,3.08,16,12,27,26,25,19,0,0,R,R,Y,Y,C,C,1.93,P,NA,Y,NA,C,1,0,0,0,0,0,4,0,,N,First Year Success,0,UK,0,3,N,N,0,2,0,0,510904,,,,,,,,,,,,,,,,,,,,2,,,
86753091,2019-20,STU00051,SUMMER,20 and younger,First-Time,Full-Time,C,C,,Asian,N,F,P,N,First-Time Full-Time,B,513899,2.98,4,17,15,32,27,28,28,0,0,N,N,NA,NA,NA,NA,,,NA,NA,NA,NA,1,0,0,0,0,0,2,0,,C,,4,N,0,0,N,Fall 2020,0,0,0,0,513899,,,,,,,,,,,,,,,,,,,,,,,
86753091,2020-21,STU00052,FALL,>20 - 24,First-Time,Full-Time,C,C,,Hispanic,H,M,B,Y,First-Time Full-Time,B,510904,2.97,3.05,19,17,24,19,29,29,0,0,N,N,NA,NA,NA,NA,,,NA,NA,NA,NA,1,0,0,0,0,0,3,0,,C,,-1,N,0,4,N,Spring 2021,0,0,0,0,510904,,,,,,,,,,,,,,,,,,,,,,,
86753091,2018-19,STU00053,FALL,Older than 24,Transfer-In,Part-Time,C,R,,Hispanic,H,M,B,N,Transfer-In Part-Time,B,513899,3.71,3.58,7,5,18,16,21,20,19,16,N,R,NA,Y,NA,C,,3.91,NA,NA,NA,NA,1,0,0,0,0,0,2,0,,R,,0,N,0,3,UK,Spring 2020,0,0,0,0,513899,,,,,,,,,,,,,,,,,,,,,,,
86753091,2017-18,STU00054,FALL,20 and younger,First-Time,Full-Time,C,N,,Asian,N,F,P,Y,First-Time Full-Time,B,520201,3.35,2.73,14,13,28,23,31,26,30,23,N,R,NA,Y,NA,C,,2.29,NA,Y,NA,C,1,0,0,0,0,0,1,0,,N,,4,P,0,0,N,N,0,0,0,0,520201,,,,,,,,,,,,,,,,,,,,,,,
86753091,2016-17,STU00055,FALL,>20 - 24,Transfer-In,Full-Time,C,C,,White,N,F,C,UK,Transfer-In Full-Time,01,510904,2.16,2.73,19,13,0,0,0,0,0,0,N,N,NA,NA,NA,NA,,,NA,NA,NA,NA,0,0,0,0,0,0,1,0,,C,,0,UK,0,-1,Y,Fall 2020,0,0,0,0,510904,,,,,,,,,,,,,,,,,,,,,,,
86753091,2017-18,STU00056,SPRING,>20 - 24,First-Time,Full-Time,C,N,,White,N,M,A,Y,First-Time Full-Time,A,540101,3.32,3.2,13,13,27,20,34,32,0,0,N,R,NA,N,NA,N,,,NA,N,NA,N,1,0,0,0,0,0,4,0,,N,First Year Success,4,N,0,4,UK,N,0,0,0,0,540101,,,,,,,,,,,,,,,,,,,,,,,
86753091,2018-19,STU00057,SPRING,20 and younger,First-Time,Full-Time,C,C,,Asian,N,F,,Y,First-Time Full-Time,B,131202,4,4,16,16,28,28,0,0,0,0,N,N,NA,NA,NA,NA,,,NA,NA,NA,NA,1,1,0,0,0,0,4,0,,C,,0,UK,0,2,N,N,0,0,0,0,131202,,,NJ,,,,,Associate's Colleges,,,,,Suburb,,,,,,,,,,
86753091,2017-18,STU00058,FALL,20 and younger,Transfer-In,Part-Time,C,C,,Black or African American,N,F,N,N,Transfer-In Part-Time,03,230101,3.26,3.34,9,8,18,16,20,16,0,0,N,N,NA,NA,NA,NA,,,NA,NA,NA,NA,1,0,0,0,0,0,1,0,,C,First Year Success,1,N,0,3,N,Fall 2019,0,0,0,0,230101,,,,,,,,,,,,,,,,,,,,,,,
86753091,2017-18,STU00059,FALL,Older than 24,First-Time,Part-Time,N,N,UK,White,N,M,A,Y,First-Time Part-Time,03,422814,2.43,2.51,8,6,17,12,0,0,0,0,R,R,N,Y,N,C,,A,Y,Y,C,D,1,0,0,0,0,0,4,0,,N,,1,N,0,1,N,N,0,0,0,0,422814,,,,,,,,,,,,,,,,,,,,,,,
86753091,2020-21,STU00060,SPRING,Older than 24,Transfer-In,Part-Time,N,C,,Hispanic,H,F,B,Y,Transfer-In Part-Time,03,230101,2.22,2.7,10,8,18,14,0,0,0,0,R,N,Y,NA,C,NA,P,,N,NA,N,NA,1,0,0,0,0,0,3,0,,C,STEM Scholars 2019,0,N,0,1,N,N,0,0,0,0,230101,,,,,,,,,,,,,,,,,,,,,,,
86753091,2017-18,STU00061,FALL,20 and younger,Transfer-In,Full-Time,N,C,,Asian,N,F,P,Y,Transfer-In Full-Time,B,110701,2.12,2.29,15,10,0,0,0,0,0,0,R,N,Y,NA,C,NA,2.51,,Y,NA,D,NA,0,0,0,0,0,0,1,0,,C,,1,N,0,0,N,Fall 2020,4,2,0,0,110701,,,,,,,,,,,,,,,,,,,,2,,,
86753091,2018-19,STU00062,FALL,>20 - 24,First-Time,Part-Time,N,C,,Asian,N,M,B,N,First-Time Part-Time,A,261504,3.72,3.67,10,9,14,13,16,12,11,10,R,N,UK,NA,UK,NA,,,Y,NA,C,NA,1,0,0,0,0,0,2,0,,C,,4,N,0,0,N,Fall 2019,0,0,0,0,261504,,,,,,,,,,,,,,,,,,,,,,,
86753091,2016-17,STU00063,SPRING,>20 - 24,First-Time,Full-Time,C,C,,Asian,N,F,B,UK,First-Time Full-Time,03,510904,4,4,14,14,26,25,0,0,0,0,N,N,NA,NA,NA,NA,,,NA,NA,NA,NA,1,1,0,0,0,0,2,3,,C,,0,UK,0,1,Y,N,0,0,0,0,510904,,,WA,,,,,Associate's Colleges,,,,,Town/Rural,,,,,,,,,,
86753091,2020-21,STU00064,FALL,20 and younger,Transfer-In,Full-Time,C,N,,Hispanic,H,F,B,Y,Transfer-In Full-Time,B,110701,2.51,2.84,16,11,30,19,30,20,0,0,N,R,NA,Y,NA,C,,1.65,NA,Y,NA,C,1,1,0,0,0,0,5,1,,N,,6,UK,0,2,N,N,0,3,0,0,110701,,,AZ,,,,,Baccalaureate Colleges,,,,,Urban,,,,,,,3,,,
86753091,2018-19,STU00065,FALL,20 and younger,Transfer-In,Full-Time,C,C,,White,N,M,B,UK,Transfer-In Full-Time,B,540101,3.4,4,17,17,31,27,32,30,27,27,N,N,NA,NA,NA,NA,,,NA,NA,NA,NA,1,1,0,0,0,0,2,0,,C,,0,UK,0,3,N,N,0,0,0,0,540101,,,FL,,,,,Baccalaureate Colleges,,,,,Suburb,,,,,,,,,,
86753091,2020-21,STU00066,FALL,Older than 24,First-Time,Full-Time,C,N,,White,N,X,B,UK,First-Time Full-Time,02,240101,3.51,2.72,13,8,28,26,36,17,0,0,N,R,NA,Y,NA,NC,,I,NA,Y,NA,D,1,0,0,0,0,0,3,0,,N,,0,N,0,2,N,Spring 2021,0,0,0,0,240101,,,,,,,,,,,,,,,,,,,,,,,
86753091,2020-21,STU00067,SPRING,20 and younger,First-Time,Full-Time,C,C,,White,N,M,B,N,First-Time Full-Time,B,420101,1.97,2.61,14,10,24,20,26,18,28,23,N,N,NA,NA,NA,NA,,,NA,NA,NA,NA,1,1,0,0,0,0,4,2,,C,,6,N,0,3,N,Fall 2020,0,0,0,0,420101,,,NC,,,,,,,,,,Town/Rural,,,,,,,,,,
86753091,2017-18,STU00068,FALL,20 and younger,First-Time,Full-Time,UK,N,,White,N,F,B,Y,First-Time Full-Time,B,422814,2.33,2.86,11,8,28,24,26,19,29,19,UK,R,UK,Y,UK,D,,F,UK,Y,UK,C,1,0,0,0,0,0,2,0,,N,STEM Scholars 2019,5,N,0,2,N,N,0,0,0,0,422814,,,,,,,,,,,,,,,,,,,,,,,
86753091,2018-19,STU00069,WINTER,20 and younger,Transfer-In,Full-Time,C,N,,Nonresident alien,N,M,N,UK,Transfer-In Full-Time,B,510904,3.16,3.35,15,14,35,25,27,19,16,14,N,R,NA,Y,NA,C,,3.43,NA,Y,NA,C,1,1,0,0,0,0,4,3,,N,STEM Scholars 2019,0,N,0,-1,N,N,0,0,0,0,510904,,,,,,,,Doctoral Universities,,,,,,,,,,,,,,,
86753091,2018-19,STU00070,FALL,>20 - 24,First-Time,Full-Time,N,C,,Asian,N,M,B,N,First-Time Full-Time,B,422814,2.14,3.59,20,12,28,27,23,20,0,0,R,N,Y,NA,C,NA,3.8,,Y,NA,C,NA,1,0,0,0,0,0,1,0,,C,,4,N,0,3,Y,N,0,0,0,0,422814,,,,,,,,,,,,,,,,,,,,,,,
86753091,2020-21,STU00071,FALL,Older than 24,First-Time,Full-Time,C,C,,Nonresident alien,N,F,B,Y,First-Time Full-Time,03,230101,2.65,3.09,14,12,0,0,0,0,0,0,N,N,NA,NA,NA,NA,,,NA,NA,NA,NA,0,1,0,0,0,2,1,1,,C,,4,N,-1,1,N,N,0,0,0,2,230101,,FL,FL,,FL,,Baccalaureate Colleges,Baccalaureate Colleges,,Baccalaureate Colleges,,Suburb,Suburb,,Suburb,,,2,,,,2,
86753091,2018-19,STU00072,FALL,>20 - 24,First-Time,Full-Time,N,C,,Asian,N,M,B,N,First-Time Full-Time,C2,110701,2.97,1.98,15,7,0,0,0,0,0,0,R,N,N,NA,N,NA,,,Y,NA,C,NA,0,0,0,0,0,0,1,0,,C,,0,N,-1,-1,N,Spring 2021,0,0,0,0,110701,,,,,,,,,,,,,,,,,,,,,,,
86753091,2018-19,STU00073,FALL,>20 - 24,First-Time,Full-Time,N,N,UK,Hispanic,H,F,C,Y,First-Time Full-Time,C1,230101,3.28,2.68,16,13,25,22,28,19,0,0,R,R,Y,Y,C,D,1.31,W,Y,Y,C,D,1,0,0,0,0,0,4,0,,N,,1,P,0,-1,N,N,0,0,0,0,230101,,,,,,,,,,,,,,,,,,,,,,,
86753091,2019-20,STU00074,SUMMER,>20 - 24,Transfer-In,Full-Time,C,C,,White,N,M,B,N,Transfer-In Full-Time,B,540101,3.38,3.71,14,12,28,22,0,0,0,0,N,N,NA,NA,NA,NA,,,NA,NA,NA,NA,1,0,0,0,0,0,2,0,,C,,3,N,0,4,N,N,0,0,0,0,540101,,,,,,,,,,,,,,,,,,,,,,,
86753091,2019-20,STU00075,FALL,20 and younger,First-Time,Full-Time,C,N,,Nonresident alien,N,F,C,N,First-Time Full-Time,B,270101,3.09,2.67,10,7,23,17,0,0,0,0,N,R,NA,Y,NA,C,,A,NA,Y,NA,D,1,0,0,0,0,0,4,0,,N,,0,UK,0,3,N,N,0,0,0,0,270101,,,,,,,,,,,,,,,,,,,,,,,
86753091,2016-17,STU00076,FALL,20 and younger,First-Time,Full-Time,UK,UK,,White,N,F,B,N,First-Time Full-Time,B,270101,3.8,3.93,13,11,27,22,21,21,27,27,UK,UK,UK,UK,UK,UK,,,UK,UK,UK,UK,1,0,0,0,0,0,2,0,,UK,STEM Scholars 2019,6,UK,0,4,N,Fall 2019,0,0,0,0,270101,,,,,,,,,,,,,,,,,,,,,,,
86753091,2020-21,STU00077,FALL,>20 - 24,First-Time,Full-Time,C,R,,Hispanic,H,F,B,N,First-Time Full-Time,A,270101,2.71,2.37,20,11,25,18,0,0,0,0,N,R,NA,Y,NA,C,,2.61,NA,NA,NA,NA,1,0,0,0,0,0,3,0,,R,,1,UK,-1,-1,N,N,0,0,0,0,270101,,,,,,,,,,,,,,,,,,,,,,,
86753091,2019-20,STU00078,FALL,>20 - 24,First-Time,Full-Time,R,R,,White,N,F,C,N,First-Time Full-Time,03,420101,3.45,3.27,15,14,0,0,0,0,0,0,R,R,N,Y,N,NC,,F,NA,NA,NA,NA,0,0,0,0,0,0,1,0,,R,,0,N,0,-1,UK,N,0,0,0,0,420101,,,,,,,,,,,,,,,,,,,,,,,
86753091,2017-18,STU00079,FALL,>20 - 24,First-Time,Full-Time,UK,N,,White,N,F,B,N,First-Time Full-Time,02,422814,4,4,14,13,28,27,0,0,0,0,UK,R,UK,Y,UK,C,,2.14,UK,Y,UK,D,1,1,0,0,0,0,1,1,,N,,-1,UK,0,-1,N,N,0,3,0,0,422814,,,NY,,,,,Associate's Colleges,,,,,Suburb,,,,,,,3,,,
86753091,2017-18,STU00080,SPRING,Older than 24,Transfer-In,Full-Time,UK,R,,Hispanic,H,M,A,UK,Transfer-In Full-Time,A,240101,2.71,2.56,17,12,31,29,30,21,33,28,UK,R,UK,Y,UK,C,,2.95,UK,NA,UK,NA,1,1,0,0,0,3,3,1,,R,,0,UK,0,1,Y,N,0,2,0,3,240101,,MA,MA,,MA,,Doctoral Universities,Doctoral Universities,,Doctoral Universities,,Suburb,Suburb,,Suburb,,,3,,2,,3,
86753091,2017-18,STU00081,SPRING,>20 - 24,Transfer-In,Full-Time,C,N,,White,N,F,P,UK,Transfer-In Full-Time,B,240101,1.84,2.29,13,10,22,17,29,19,31,14,N,R,NA,N,NA,N,,,NA,Y,NA,D,1,1,0,0,0,0,5,2,,N,,5,N,0,2,N,N,0,0,0,0,240101,,,MI,,,,,Baccalaureate Colleges,,,,,Town/Rural,,,,,,,,,,
86753091,2016-17,STU00082,FALL,20 and younger,First-Time,Part-Time,R,C,,Unknown,UK,F,B,N,First-Time Part-Time,B,540101,2.26,2.27,11,7,0,0,0,0,0,0,R,N,Y,NA,C,NA,2.38,,NA,NA,NA,NA,0,0,0,0,0,0,1,0,,C,,0,N,0,0,N,N,0,0,0,0,540101,,,,,,,,,,,,,,,,,,,,,,,
86753091,2020-21,STU00083,SPRING,>20 - 24,First-Time,Full-Time,N,N,,Hispanic,H,F,B,N,First-Time Full-Time,B,230101,3.57,3.53,14,12,0,0,0,0,0,0,R,R,Y,Y,C,C,4,1,Y,Y,C,C,0,1,0,0,0,0,1,3,,N,,0,P,0,4,Y,Fall 2020,0,0,0,0,230101,,,WA,,,,,Doctoral Universities,,,,,Suburb,,,,,,,,,,
86753091,2017-18,STU00084,FALL,>20 - 24,First-Time,Full-Time,C,R,,White,N,F,P,N,First-Time Full-Time,B,420101,2.53,2.01,12,7,0,0,0,0,0,0,N,R,NA,Y,NA,C,,3.8,NA,NA,NA,NA,0,0,0,0,0,0,1,0,,R,,3,UK,0,4,N,N,0,0,0,0,420101,,,,,,,,,,,,,,,,,,,,,,,
86753091,2019-20,STU00085,FALL,>20 - 24,First-Time,Full-Time,UK,N,,Hispanic,H,M,B,Y,First-Time Full-Time,A,131202,4,3.73,12,12,0,0,0,0,0,0,UK,R,UK,Y,UK,C,,1.91,UK,Y,UK,C,0,0,0,0,0,0,1,0,,N,,0,P,0,0,UK,N,0,0,0,0,131202,,,,,,,,,,,,,,,,,,,,,,,
86753091,2019-20,STU00086,FALL,20 and younger,First-Time,Full-Time,N,C,,White,N,F,B,N,First-Time Full-Time,B,422814,4,3.94,15,13,33,33,27,26,30,26,R,N,Y,NA,D,NA,I,,Y,NA,C,NA,1,0,0,0,0,0,3,0,,C,,5,N,0,0,N,N,0,0,0,0,422814,,,,,,,,,,,,,,,,,,,,,,,
86753091,2019-20,STU00087,FALL,20 and younger,First-Time,Full-Time,N,C,UK,White,N,F,C,UK,First-Time Full-Time,B,513899,3.4,3.38,15,15,25,23,0,0,0,0,R,N,N,NA,N,NA,,,Y,NA,D,NA,1,0,0,0,0,0,3,0,,C,,2,UK,0,-1,N,N,0,0,0,0,513899,,,,,,,,,,,,,,,,,,,,,,,
86753091,2017-18,STU00088,SPRING,>20 - 24,First-Time,Full-Time,UK,N,,Asian,N,F,B,Y,First-Time Full-Time,03,261504,1.54,1.99,14,6,0,0,0,0,0,0,UK,R,UK,Y,UK,C,,A,UK,Y,UK,C,0,1,0,0,0,3,1,2,,N,,6,N,0,2,UK,N,0,0,0,3,261504,,NC,NC,,NC,,,,,,,Urban,Urban,,Urban,,,3,,,,3,
86753091,2016-17,STU00089,FALL,>20 - 24,Transfer-In,Full-Time,C,R,,White,N,F,B,Y,Transfer-In Full-Time,B,510904,3,2.56,17,13,25,15,29,14,28,19,N,R,NA,Y,NA,C,,3.49,NA,NA,NA,NA,1,1,0,0,0,2,2,3,,R,,3,N,0,0,Y,Fall 2019,0,0,0,2,510904,,GA,GA,,GA,,Doctoral Universities,Doctoral Universities,,Doctoral Universities,,Suburb,Suburb,,Suburb,,,2,,,,2,
86753091,2020-21,STU00090,FALL,Older than 24,First-Time,Part-Time,R,C,,Hispanic,H,M,B,N,First-Time Part-Time,B,240101,4,3.5,1,1,15,14,10,7,0,0,R,N,Y,NA,D,NA,F,,NA,NA,NA,NA,1,1,0,0,0,0,2,1,,C,First Year Success,0,UK,0,3,N,N,0,0,0,0,240101,,,WA,,,,,Baccalaureate Colleges,,,,,Suburb,,,,,,,,,,
86753091,2020-21,STU00091,FALL,20 and younger,First-Time,Full-Time,R,N,,Two or More Races,N,F,B,UK,First-Time Full-Time,03,510904,2.19,2.48,14,9,29,23,25,12,0,0,R,R,Y,Y,C,C,A,3.26,NA,Y,NA,C,1,0,0,0,0,0,1,0,,N,,0,N,0,2,N,N,0,0,0,0,510904,,,,,,,,,,,,,,,,,,,,,,,
86753091,2017-18,STU00092,SPRING,>20 - 24,Re-admit,Full-Time,C,C,,Hispanic,H,M,C,Y,Re-admit Full-Time,05,510904,3.57,3.32,15,10,0,0,0,0,0,0,N,N,NA,NA,NA,NA,,,NA,NA,NA,NA,0,0,0,0,0,0,1,0,,C,,5,N,0,4,N,N,0,4,0,0,510904,,,,,,,,,,,,,,,,,,,,4,,,
86753091,2019-20,STU00093,SUMMER,Older than 24,Transfer-In,Full-Time,R,N,,White,N,F,C,Y,Transfer-In Full-Time,02,420101,2.71,2.85,13,9,26,19,24,20,25,20,R,R,Y,Y,C,C,3.09,2.94,NA,Y,NA,C,1,0,0,0,0,0,3,0,,N,,2,N,0,1,N,N,0,3,0,0,420101,,,,,,,,,,,,,,,,,,,,3,,,
86753091,2018-19,STU00094,FALL,>20 - 24,First-Time,Full-Time,N,C,,Hispanic,H,X,B,UK,First-Time Full-Time,03,422814,4,3.87,13,12,27,23,32,27,28,26,R,N,Y,NA,C,NA,2.48,,Y,NA,D,NA,1,1,0,2,0,0,1,2,1.9,C,,0,UK,0,2,Y,N,4,2,0,0,422814,,,TX,,,,,Doctoral Universities,,,,,Town/Rural,,,2,,,,2,,,
86753091,2019-20,STU00095,FALL,20 and younger,First-Time,Full-Time,C,C,SE,Black or African American,N,F,B,N,First-Time Full-Time,B,230101,4,3.79,18,18,21,21,31,30,0,0,N,N,NA,NA,NA,NA,,,NA,NA,NA,NA,1,1,0,0,0,0,4,0,,C,,6,N,0,-1,N,N,5,0,0,0,230101,,,,,,,,Master's Colleges & Universities,,,,,Town/Rural,,,,,,,,,,
86753091,2016-17,STU00096,FALL,20 and younger,Transfer-In,Full-Time,C,C,,White,N,F,,N,Transfer-In Full-Time,03,131202,3.61,3.64,14,12,20,20,0,0,0,0,N,N,NA,NA,NA,NA,,,NA,NA,NA,NA,1,1,0,0,0,0,2,1,,C,,1,N,0,4,N,N,0,0,0,0,131202,,,WA,,,,,Doctoral Universities,,,,,Urban,,,,,,,,,,
86753091,2017-18,STU00097,FALL,Older than 24,First-Time,Part-Time,C,C,,Hispanic,H,M,B,Y,First-Time Part-Time,A,520201,2.18,1.74,11,9,11,6,8,6,17,14,N,N,NA,NA,NA,NA,,,NA,NA,NA,NA,1,0,0,0,0,0,3,0,,C,,1,UK,0,3,N,N,0,0,0,0,520201,,,,,,,,,,,,,,,,,,,,,,,
86753091,2016-17,STU00098,SUMMER,>20 - 24,First-Time,Full-Time,N,C,,White,N,F,B,UK,First-Time Full-Time,C1,520201,3.32,3.16,22,20,0,0,0,0,0,0,R,N,Y,NA,D,NA,W,,Y,NA,D,NA,0,0,0,0,0,0,1,0,,C,,3,N,0,4,Y,N,0,0,0,0,520201,,,,,,,,,,,,,,,,,,,,,,,
86753091,2016-17,STU00099,SUMMER,Older than 24,Transfer-In,Part-Time,R,C,,White,N,F,C,UK,Transfer-In Part-Time,B,520201,2.61,3.47,10,7,15,14,0,0,0,0,R,N,N,NA,N,NA,,,NA,NA,NA,NA,1,0,0,0,0,0,2,0,,C,Bridge Program,6,N,0,2,N,Spring 2020,0,0,0,0,520201,,,,,,,,,,,,,,,,,,,,,,,
86753091,2020-21,STU00100,SPRING,20 and younger,Transfer-In,Full-Time,C,C,,Hispanic,H,M,B,N,Transfer-In Full-Time,B,520201,2.8,3.31,12,7,29,25,29,28,0,0,N,N,NA,NA,NA,NA,,,NA,NA,NA,NA,1,0,0,0,0,0,2,0,,C,,0,N,0,-1,Y,N,0,0,0,0,520201,,,,,,,,,,,,,,,,,,,,,,,
86753091,2017-18,STU00101,SPRING,>20 - 24,Transfer-In,Part-Time,C,C,,Hispanic,H,F,A,Y,Transfer-In Part-Time,B,270101,4,2.91,5,5,19,16,12,10,12,10,N,N,NA,NA,NA,NA,,,NA,NA,NA,NA,1,1,0,0,0,0,1,2,,C,,0,UK,0,-1,N,N,6,0,0,0,270101,,,PA,,,,,Master's Colleges & Universities,,,,,Urban,,,,,,,,,,
86753091,2019-20,STU00102,FALL,20 and younger,Transfer-In,Full-Time,C,C,,Hispanic,H,M,P,N,Transfer-In Full-Time,B,510904,3.91,3.41,12,10,24,14,21,19,34,30,N,N,NA,NA,NA,NA,,,NA,NA,NA,NA,1,0,0,0,0,0,2,0,,C,,2,N,0,0,N,N,5,0,0,0,510904,,,,,,,,,,,,,,,,,,,,,,,
86753091,2016-17,STU00103,FALL,Older than 24,Transfer-In,Part-Time,N,C,,White,N,M,N,N,Transfer-In Part-Time,B,513899,3.96,3.75,7,6,7,7,16,13,0,0,R,N,Y,NA,NC,NA,F,,Y,NA,D,NA,1,0,0,0,0,0,1,0,,C,,1,N,0,4,N,N,0,0,0,0,513899,,,,,,,,,,,,,,,,,,,,,,,
86753091,2018-19,STU00104,SPRING,>20 - 24,Transfer-In,Full-Time,C,C,,Asian,N,F,A,N,Transfer-In Full-Time,B,131202,3.37,3.42,13,11,31,28,24,21,32,32,N,N,NA,NA,NA,NA,,,NA,NA,NA,NA,1,1,0,0,0,0,2,3,,C,,0,N,-1,2,N,N,0,0,0,0,131202,,,VA,,,,,,,,,,,,,,,,,,,,
86753091,2018-19,STU00105,FALL,20 and younger,First-Time,Full-Time,C,C,,Two or More Races,N,M,B,Y,First-Time Full-Time,B,540101,4,3.44,20,15,26,19,0,0,0,0,N,N,NA,NA,NA,NA,,,NA,NA,NA,NA,1,0,0,0,0,0,5,0,,C,,4,N,0,3,N,N,5,0,0,0,540101,,,,,,,,,,,,,,,,,,,,,,,
86753091,2018-19,STU00106,SPRING,>20 - 24,First-Time,Full-Time,R,C,,Hispanic,H,M,A,Y,First-Time Full-Time,B,540101,2.39,2.48,16,13,0,0,0,0,0,0,R,N,Y,NA,C,NA,2.46,,NA,NA,NA,NA,0,0,0,0,0,0,1,0,,C,,0,N,2,0,N,Fall 2020,0,0,0,0,540101,,,,,,,,,,,,,,,,,,,,,,,
86753091,2017-18,STU00107,FALL,>20 - 24,Transfer-In,Full-Time,R,C,,Hispanic,H,F,B,N,Transfer-In Full-Time,B,240101,2.56,3.15,14,9,0,0,0,0,0,0,R,N,N,NA,N,NA,,,NA,NA,NA,NA,0,0,0,0,0,0,1,0,,C,,2,N,0,-1,N,N,0,0,0,0,240101,,,,,,,,,,,,,,,,,,,,,,,
86753091,2020-21,STU00108,FALL,>20 - 24,First-Time,Full-Time,N,C,,White,N,F,,N,First-Time Full-Time,A,270101,3.68,3.75,12,11,0,0,0,0,0,0,R,N,Y,NA,D,NA,W,,Y,NA,C,NA,0,0,0,0,0,0,1,0,,C,,1,N,-1,0,N,N,0,0,0,0,270101,,,,,,,,,,,,,,,,,,,,,,,
86753091,2018-19,STU00109,FALL,20 and younger,Transfer-In,Part-Time,C,C,,Nonresident alien,N,F,B,N,Transfer-In Part-Time,B,240101,2.86,2.96,13,10,21,16,20,17,25,18,N,N,NA,NA,NA,NA,,,NA,NA,NA,NA,1,0,0,0,0,0,1,0,,C,,3,N,0,4,N,Fall 2019,0,0,0,0,240101,,,,,,,,,,,,,,,,,,,,,,,
86753091,2016-17,STU00110,SPRING,20 and younger,Transfer-In,Full-Time,C,UK,UK,White,N,F,A,N,Transfer-In Full-Time,B,270101,2.34,2.64,15,11,27,19,0,0,0,0,N,UK,NA,UK,NA,UK,,,NA,UK,NA,UK,1,0,0,0,0,0,3,0,,UK,,0,N,0,0,N,Spring 2021,0,0,0,0,270101,,,,,,,,,,,,,,,,,,,,,,,
86753091,2019-20,STU00111,FALL,Older than 24,First-Time,Part-Time,R,N,,White,N,F,B,N,First-Time Part-Time,A,420101,2.49,2.57,8,4,7,6,0,0,0,0,R,R,Y,Y,C,D,3.84,F,NA,N,NA,N,1,0,0,0,0,0,2,0,,N,,3,Y,0,-1,N,N,0,0,0,0,420101,,,,,,,,,,,,,,,,,,,,,,,
86753091,2018-19,STU00112,SUMMER,20 and younger,Transfer-In,Full-Time,C,C,,White,N,F,B,N,Transfer-In Full-Time,B,110701,3.21,2.55,14,13,24,20,34,31,28,19,N,N,NA,NA,NA,NA,,,NA,NA,NA,NA,1,0,0,0,0,0,4,0,,C,,0,N,0,-1,N,N,0,0,0,0,110701,,,,,,,,,,,,,,,,,,,,,,,
86753091,2018-19,STU00113,FALL,20 and younger,First-Time,Full-Time,C,N,DE,Black or African American,N,F,A,UK,First-Time Full-Time,B,422814,3.74,3.77,17,13,30,29,28,22,31,31,N,R,NA,Y,NA,D,,I,NA,Y,NA,D,1,0,0,0,0,0,1,0,,N,,4,N,-1,4,N,N,0,3,0,0,422814,,,,,,,,,,,,,,,,,,,,3,,,
86753091,2018-19,STU00114,SPRING,20 and younger,Transfer-In,Part-Time,N,C,,White,N,M,,N,Transfer-In Part-Time,B,520201,2.77,2.41,5,4,0,0,0,0,0,0,R,N,Y,NA,D,NA,W,,Y,NA,D,NA,0,0,0,0,0,0,1,0,,C,,-1,N,0,-1,UK,N,0,0,0,0,520201,,,,,,,,,,,,,,,,,,,,,,,
86753091,2018-19,STU00115,FALL,20 and younger,First-Time,Full-Time,N,C,SE,Hispanic,H,F,B,N,First-Time Full-Time,B,420101,3.92,3.12,15,15,0,0,0,0,0,0,R,N,Y,NA,C,NA,3.19,,N,NA,N,NA,0,0,0,0,0,0,1,0,,C,,2,UK,0,1,N,N,0,0,0,0,420101,,,,,,,,,,,,,,,,,,,,,,,
86753091,2017-18,STU00116,FALL,>20 - 24,First-Time,Full-Time,N,R,,White,N,F,B,Y,First-Time Full-Time,01,422814,3.73,3.69,15,11,24,19,30,29,28,21,R,R,Y,Y,C,D,2.3,F,N,NA,N,NA,1,0,0,0,0,0,1,0,,R,,3,N,0,0,N,N,0,0,0,0,422814,,,,,,,,,,,,,,,,,,,,,,,
86753091,2018-19,STU00117,FALL,20 and younger,Re-admit,Full-Time,C,N,,Black or African American,N,F,B,N,Re-admit Full-Time,B,240101,3.34,4,17,15,25,19,0,0,0,0,N,R,NA,N,NA,N,,,NA,Y,NA,C,1,0,0,0,0,0,1,0,,N,,1,N,0,3,N,N,0,0,0,0,240101,,,,,,,,,,,,,,,,,,,,,,,
86753091,2020-21,STU00118,FALL,20 and younger,First-Time,Full-Time,N,C,,Unknown,UK,F,P,N,First-Time Full-Time,B,261504,3.18,3.18,15,10,26,26,0,0,0,0,R,N,Y,NA,C,NA,A,,Y,NA,C,NA,1,0,0,0,0,0,2,0,,C,,6,N,0,3,N,N,0,0,0,0,261504,,,,,,,,,,,,,,,,,,,,,,,
86753091,2018-19,STU00119,FALL,>20 - 24,Transfer-In,Full-Time,C,N,,Hispanic,H,M,B,N,Transfer-In Full-Time,03,110701,2.32,2.28,17,11,28,18,29,27,32,21,N,R,NA,UK,NA,UK,,,NA,N,NA,N,1,0,0,0,0,0,3,0,,N,,5,N,0,4,N,N,0,0,0,0,110701,,,,,,,,,,,,,,,,,,,,,,,
86753091,2016-17,STU00120,FALL,Older than 24,First-Time,Full-Time,R,N,,White,N,F,B,N,First-Time Full-Time,03,230101,3.26,2.22,13,12,0,0,0,0,0,0,R,R,Y,Y,C,C,2.26,2.83,NA,Y,NA,C,0,1,0,0,0,0,1,2,,N,,0,N,0,4,N,N,0,0,0,0,230101,,,WA,,,,,Doctoral Universities,,,,,Urban,,,,,,,,,,
86753091,2019-20,STU00121,FALL,20 and younger,First-Time,Full-Time,C,N,,White,N,M,B,Y,First-Time Full-Time,B,230101,3.88,3.62,16,15,27,24,21,20,21,19,N,R,NA,Y,NA,C,,4,NA,Y,NA,C,1,1,0,0,0,0,1,1,,N,Bridge Program,0,N,0,3,N,N,0,0,0,0,230101,,,FL,,,,,Master's Colleges & Universities,,,,,Urban,,,,,,,,,,
86753091,2019-20,STU00122,FALL,>20 - 24,Re-admit,Part-Time,R,C,,Black or African American,N,F,B,UK,Re-admit Part-Time,A,513899,4,4,6,6,19,19,11,10,14,12,R,N,Y,NA,C,NA,O,,NA,NA,NA,NA,1,1,0,0,0,0,2,2,,C,Bridge Program,-1,UK,2,3,Y,N,0,0,0,0,513899,,,OH,,,,,Baccalaureate Colleges,,,,,Town/Rural,,,,,,,,,,
86753091,2019-20,STU00123,FALL,20 and younger,Transfer-In,Full-Time,N,C,,Hispanic,H,F,B,N,Transfer-In Full-Time,B,230101,4,3.04,11,10,0,0,0,0,0,0,R,N,Y,NA,C,NA,2.84,,Y,NA,C,NA,0,0,0,0,0,0,1,0,,C,,-1,Y,-1,1,N,N,0,0,0,0,230101,,,,,,,,,,,,,,,,,,,,,,,
86753091,2018-19,STU00124,FALL,20 and younger,Transfer-In,Full-Time,R,C,,Unknown,UK,M,,N,Transfer-In Full-Time,B,520201,2.07,2.26,14,9,0,0,0,0,0,0,R,N,N,NA,N,NA,,,NA,NA,NA,NA,0,0,0,0,0,0,1,0,,C,,0,UK,0,-1,N,N,0,0,0,0,520201,,,,,,,,,,,,,,,,,,,,,,,
86753091,2018-19,STU00125,SPRING,20 and younger,Transfer-In,Full-Time,R,C,,White,N,M,B,UK,Transfer-In Full-Time,02,422814,4,3.38,14,12,30,26,33,26,30,30,R,N,Y,NA,C,NA,3.44,,NA,NA,NA,NA,1,0,0,0,0,0,2,0,,C,Bridge Program,-1,N,0,0,UK,Spring 2021,0,2,0,0,422814,,,,,,,,,,,,,,,,,,,,2,,,
86753091,2020-21,STU00126,SPRING,20 and younger,First-Time,Part-Time,N,C,,Asian,N,F,,Y,First-Time Part-Time,B,110701,4,3.6,6,5,11,9,0,0,0,0,R,N,Y,NA,C,NA,4,,Y,NA,C,NA,1,0,0,0,0,0,3,0,,C,,2,N,-1,0,N,N,7,0,0,0,110701,,,,,,,,,,,,,,,,,,,,,,,
86753091,2019-20,STU00127,FALL,20 and younger,First-Time,Full-Time,C,C,,Unknown,UK,M,P,UK,First-Time Full-Time,B,230101,4,3.6,19,18,36,30,20,20,0,0,N,N,NA,NA,NA,NA,,,NA,NA,NA,NA,1,0,0,0,0,0,1,0,,C,,2,N,-1,2,N,N,0,0,0,0,230101,,,,,,,,,,,,,,,,,,,,,,,
86753091,2016-17,STU00128,FALL,20 and younger,First-Time,Full-Time,C,C,,Black or African American,N,F,,N,First-Time Full-Time,B,131202,3.6,4,14,14,26,21,27,23,0,0,N,N,NA,NA,NA,NA,,,NA,NA,NA,NA,1,0,0,0,0,0,3,0,,C,Bridge Program,0,N,0,0,N,Fall 2020,0,0,0,0,131202,,,,,,,,,,,,,,,,,,,,,,,
86753091,2018-19,STU00129,FALL,20 and younger,Re-admit,Full-Time,N,C,,White,N,F,B,Y,Re-admit Full-Time,B,520201,4,3.69,14,14,0,0,0,0,0,0,R,N,Y,NA,C,NA,3.48,,Y,NA,C,NA,0,0,0,0,0,0,1,0,,C,,2,UK,2,-1,N,N,0,0,0,0,520201,,,,,,,,,,,,,,,,,,,,,,,
86753091,2020-21,STU00130,SPRING,Older than 24,Transfer-In,Part-Time,C,N,,Asian,N,F,P,UK,Transfer-In Part-Time,B,513899,2.88,2.91,11,9,12,12,0,0,0,0,N,R,NA,Y,NA,C,,3.27,NA,N,NA,N,1,0,0,0,0,0,4,0,,N,,0,P,0,2,Y,N,0,2,0,0,513899,,,,,,,,,,,,,,,,,,,,2,,,
86753091,2016-17,STU00131,FALL,>20 - 24,First-Time,Full-Time,C,UK,,Asian,N,M,B,Y,First-Time Full-Time,B,540101,2.99,3.39,17,14,0,0,0,0,0,0,N,UK,NA,UK,NA,UK,,,NA,UK,NA,UK,0,1,0,0,6,0,1,3,,UK,,0,N,0,3,Y,N,0,0,6,0,540101,WA,,WA,WA,,Doctoral Universities,,Doctoral Universities,Doctoral Universities,,Urban,,Urban,Urban,,,,,,,,,
86753091,2020-21,STU00132,SPRING,Older than 24,Transfer-In,Part-Time,C,C,,White,N,F,N,Y,Transfer-In Part-Time,B,240101,2.26,2.91,10,6,15,13,10,10,17,15,N,N,NA,NA,NA,NA,,,NA,NA,NA,NA,1,0,0,0,0,0,2,0,,C,,2,UK,0,4,N,N,0,0,0,0,240101,,,,,,,,,,,,,,,,,,,,,,,
86753091,2018-19,STU00133,FALL,>20 - 24,First-Time,Part-Time,N,R,,Hispanic,H,M,P,Y,First-Time Part-Time,A,513899,4,4,9,8,21,21,12,10,17,17,R,R,N,Y,N,C,,2.87,Y,NA,D,NA,1,1,0,0,0,3,4,1,,R,,0,Y,0,3,N,N,0,0,0,3,513899,,,,,,,Baccalaureate Colleges,Baccalaureate Colleges,,Baccalaureate Colleges,,Urban,Urban,,Urban,,,3,,,,3,
86753091,2020-21,STU00134,SPRING,>20 - 24,First-Time,Full-Time,R,C,UK,Hispanic,H,M,N,N,First-Time Full-Time,03,420101,2.58,2.56,13,11,0,0,0,0,0,0,R,N,UK,NA,UK,NA,,,NA,NA,NA,NA,0,0,0,0,0,0,1,0,,C,,3,UK,0,2,N,Spring 2021,0,0,0,0,420101,,,,,,,,,,,,,,,,,,,,,,,
86753091,2020-21,STU00135,SPRING,>20 - 24,Transfer-In,Full-Time,C,C,UK,Black or African American,N,F,,N,Transfer-In Full-Time,B,510904,3.44,4,15,14,32,32,0,0,0,0,N,N,NA,NA,NA,NA,,,NA,NA,NA,NA,1,0,0,0,0,0,1,0,,C,,0,N,0,3,N,N,0,0,0,0,510904,,,,,,,,,,,,,,,,,,,,,,,
86753091,2019-20,STU00136,FALL,>20 - 24,First-Time,Full-Time,R,N,,American Indian or Alaska Native,N,M,N,N,First-Time Full-Time,03,520201,3.69,3.36,17,15,29,26,32,32,0,0,R,R,Y,Y,C,C,2.18,2.91,NA,Y,NA,D,1,0,0,2,0,0,4,0,1.6,N,,-1,N,-1,3,N,N,0,2,0,0,520201,,,,,,,,,,,,,,,,2,,,,2,,,
86753091,2019-20,STU00137,FALL,Older than 24,First-Time,Full-Time,C,C,,Asian,N,M,C,Y,First-Time Full-Time,B,422814,3.78,4,12,12,32,28,27,24,29,22,N,N,NA,NA,NA,NA,,,NA,NA,NA,NA,1,0,0,0,0,0,1,0,,C,,2,P,0,4,N,N,5,0,0,0,422814,,,,,,,,,,,,,,,,,,,,,,,
86753091,2016-17,STU00138,FALL,>20 - 24,First-Time,Full-Time,C,N,,Black or African American,N,M,B,UK,First-Time Full-Time,A,420101,2.49,3.47,14,11,25,21,0,0,0,0,N,R,NA,Y,NA,C,,2.89,NA,Y,NA,C,1,0,0,0,0,0,1,0,,N,,5,N,0,-1,N,N,0,0,0,0,420101,,,,,,,,,,,,,,,,,,,,,,,
86753091,2017-18,STU00139,SPRING,20 and younger,Transfer-In,Full-Time,C,N,UK,Black or African American,N,F,B,N,Transfer-In Full-Time,02,110701,2.96,2.73,14,12,26,20,0,0,0,0,N,R,NA,N,NA,N,,,NA,Y,NA,C,1,0,0,0,0,0,1,0,,N,,0,N,-1,3,Y,N,6,0,0,0,110701,,,,,,,,,,,,,,,,,,,,,,,
86753091,2017-18,STU00140,FALL,20 and younger,Transfer-In,Full-Time,C,R,,White,N,M,B,N,Transfer-In Full-Time,B,513899,3.62,3.86,16,13,30,28,27,17,32,24,N,R,NA,Y,NA,C,,3.73,NA,NA,NA,NA,1,0,0,0,0,0,1,0,,R,,2,N,-1,0,Y,N,0,0,0,0,513899,,,,,,,,,,,,,,,,,,,,,,,
86753091,2016-17,STU00141,FALL,20 and younger,Transfer-In,Full-Time,C,C,,Asian,N,F,B,Y,Transfer-In Full-Time,A,520201,2.44,2.38,14,9,0,0,0,0,0,0,N,N,NA,NA,NA,NA,,,NA,NA,NA,NA,0,0,0,0,0,0,1,0,,C,,1,N,0,3,N,Fall 2019,0,0,0,0,520201,,,,,,,,,,,,,,,,,,,,,,,
86753091,2018-19,STU00142,FALL,Older than 24,First-Time,Full-Time,N,N,,White,N,F,N,N,First-Time Full-Time,02,420101,1.55,2.12,15,13,0,0,0,0,0,0,R,R,Y,Y,C,D,4,W,Y,Y,D,C,0,0,0,0,0,0,1,0,,N,,2,N,0,2,N,N,0,0,0,0,420101,,,,,,,,,,,,,,,,,,,,,,,
86753091,2017-18,STU00143,FALL,20 and younger,Transfer-In,Full-Time,N,C,,Black or African American,N,F,B,N,Transfer-In Full-Time,B,270101,3.86,4,14,11,25,25,0,0,0,0,R,N,Y,NA,C,NA,2.38,,Y,NA,C,NA,1,1,0,0,0,0,1,2,,C,Bridge Program,5,UK,0,-1,N,N,5,0,0,0,270101,,,PA,,,,,Master's Colleges & Universities,,,,,Town/Rural,,,,,,,,,,
86753091,2019-20,STU00144,SUMMER,20 and younger,Transfer-In,Full-Time,N,UK,,Hispanic,H,F,C,Y,Transfer-In Full-Time,B,422814,2.9,3.16,17,12,0,0,0,0,0,0,R,UK,Y,UK,C,UK,3.71,,N,UK,N,UK,0,0,0,0,0,0,1,0,,UK,,5,N,0,0,N,N,0,0,0,0,422814,,,,,,,,,,,,,,,,,,,,,,,
86753091,2018-19,STU00145,SPRING,Older than 24,Transfer-In,Part-Time,N,R,,Asian,N,F,B,Y,Transfer-In Part-Time,B,420101,2.2,2.66,7,6,0,0,0,0,0,0,R,R,Y,Y,C,NC,A,F,Y,NA,D,NA,0,0,0,0,0,0,1,0,,R,,1,N,0,2,N,Fall 2020,0,0,0,0,420101,,,,,,,,,,,,,,,,,,,,,,,
86753091,2017-18,STU00146,FALL,20 and younger,First-Time,Full-Time,N,C,,Hispanic,H,F,B,N,First-Time Full-Time,B,540101,2.09,2.67,12,10,0,0,0,0,0,0,R,N,N,NA,N,NA,,,Y,NA,D,NA,0,0,0,0,0,0,1,0,,C,,0,N,0,-1,N,N,0,0,0,0,540101,,,,,,,,,,,,,,,,,,,,,,,
86753091,2016-17,STU00147,SPRING,20 and younger,Transfer-In,Full-Time,C,N,UK,White,N,F,B,N,Transfer-In Full-Time,03,540101,2.6,2.34,15,10,24,18,31,26,26,21,N,R,NA,N,NA,N,,,NA,Y,NA,D,1,0,0,0,0,0,2,0,,N,,1,N,0,4,N,N,0,0,0,0,540101,,,,,,,,,,,,,,,,,,,,,,,
86753091,2018-19,STU00148,SPRING,>20 - 24,Re-admit,Full-Time,N,C,,White,N,F,B,N,Re-admit Full-Time,03,513899,3.62,3,15,12,0,0,0,0,0,0,R,N,Y,NA,C,NA,1.81,,N,NA,N,NA,0,0,0,0,0,0,1,0,,C,,0,N,0,-1,N,N,0,0,0,0,513899,,,,,,,,,,,,,,,,,,,,,,,
86753091,2017-18,STU00149,FALL,Older than 24,Transfer-In,Full-Time,N,C,,White,N,M,N,Y,Transfer-In Full-Time,A,540101,3.5,3.24,15,12,27,23,25,21,24,21,R,N,Y,NA,D,NA,F,,Y,NA,C,NA,1,1,0,0,0,0,1,1,,C,,3,N,0,-1,UK,N,0,2,0,0,540101,,,,,,,,,,,,,Urban,,,,,,,2,,,
86753091,2016-17,STU00150,WINTER,20 and younger,Transfer-In,Full-Time,N,R,,Native Hawaiian or Other Pacific Islander,N,F,B,Y,Transfer-In Full-Time,B,422814,1.41,1.97,13,8,31,17,31,21,25,16,R,R,N,Y,N,C,,2.9,Y,NA,C,NA,1,1,0,0,0,0,4,3,,R,,1,N,-1,4,N,Spring 2021,0,0,0,0,422814,,,,,,,,Baccalaureate Colleges,,,,,Suburb,,,,,,,,,,
86753091,2017-18,STU00151,FALL,20 and younger,Transfer-In,Full-Time,C,C,,Black or African American,N,F,B,N,Transfer-In Full-Time,02,110701,3.16,2.91,15,13,24,15,26,18,0,0,N,N,NA,NA,NA,NA,,,NA,NA,NA,NA,1,1,0,0,0,0,3,1,,C,,6,N,0,3,N,N,0,0,0,0,110701,,,IL,,,,,Baccalaureate Colleges,,,,,Town/Rural,,,,,,,,,,
86753091,2018-19,STU00152,FALL,20 and younger,First-Time,Part-Time,N,N,SE,Nonresident alien,N,F,B,N,First-Time Part-Time,A,110701,3.29,3.26,5,4,16,13,10,7,22,22,R,R,Y,Y,C,NC,3.24,W,N,Y,N,C,1,1,0,0,0,0,2,2,,N,,3,UK,0,4,Y,N,0,0,0,0,110701,,,PA,,,,,,,,,,Urban,,,,,,,,,,
86753091,2020-21,STU00153,FALL,20 and younger,First-Time,Full-Time,C,C,,White,N,F,B,UK,First-Time Full-Time,03,510904,4,3.9,19,19,28,25,27,22,29,29,N,N,NA,NA,NA,NA,,,NA,NA,NA,NA,1,0,0,0,0,0,1,0,,C,,0,N,0,4,N,N,0,0,0,0,510904,,,,,,,,,,,,,,,,,,,,,,,
86753091,2019-20,STU00154,FALL,>20 - 24,First-Time,Full-Time,R,N,,Black or African American,N,M,N,N,First-Time Full-Time,C2,420101,3.78,3.96,14,10,28,24,29,29,20,20,R,R,Y,Y,C,C,1,P,NA,N,NA,N,1,0,0,0,0,0,2,0,,N,,6,N,-1,0,N,N,0,2,0,0,420101,,,,,,,,,,,,,,,,,,,,2,,,
86753091,2020-21,STU00155,FALL,Older than 24,Transfer-In,Part-Time,R,C,,White,N,F,B,Y,Transfer-In Part-Time,03,261504,2.95,3.92,10,9,12,12,0,0,0,0,R,N,Y,NA,C,NA,2.85,,NA,NA,NA,NA,1,0,0,0,0,0,4,0,,C,,6,N,0,1,N,N,0,0,0,0,261504,,,,,,,,,,,,,,,,,,,,,,,
86753091,2020-21,STU00156,FALL,20 and younger,First-Time,Full-Time,C,C,,White,N,UK,N,N,First-Time Full-Time,A,261504,2.79,2.49,11,8,33,26,32,28,29,21,N,N,NA,NA,NA,NA,,,NA,NA,NA,NA,1,0,0,0,0,0,3,0,,C,,2,UK,0,4,N,N,0,0,0,0,261504,,,,,,,,,,,,,,,,,,,,,,,
86753091,2018-19,STU00157,FALL,20 and younger,First-Time,Full-Time,C,C,,White,N,M,,N,First-Time Full-Time,03,510904,2.86,3.19,14,13,27,23,22,15,0,0,N,N,NA,NA,NA,NA,,,NA,NA,NA,NA,1,1,0,0,4,2,1,1,,C,,0,N,0,3,N,N,0,0,4,2,510904,PA,PA,PA,PA,PA,Master's Colleges & Universities,Master's Colleges & Universities,Master's Colleges & Universities,Master's Colleges & Universities,Master's Colleges & Universities,Urban,Urban,Urban,Urban,Urban,,,2,,,,2,
86753091,2019-20,STU00158,FALL,Older than 24,First-Time,Part-Time,R,C,,Hispanic,H,F,A,Y,First-Time Part-Time,03,540101,2.36,2.98,13,9,14,9,19,18,0,0,R,N,UK,NA,UK,NA,,,NA,NA,NA,NA,1,0,0,0,0,0,1,0,,C,,2,N,0,2,N,N,0,0,0,0,540101,,,,,,,,,,,,,,,,,,,,,,,
86753091,2016-17,STU00159,FALL,20 and younger,First-Time,Full-Time,C,C,,Black or African American,N,M,B,N,First-Time Full-Time,B,131202,2.88,3.09,16,13,24,18,22,19,21,17,N,N,NA,NA,NA,NA,,,NA,NA,NA,NA,1,0,0,0,0,0,3,0,,C,,2,UK,0,4,N,N,0,0,0,0,131202,,,,,,,,,,,,,,,,,,,,,,,
86753091,2016-17,STU00160,SPRING,Older than 24,First-Time,Full-Time,C,R,,Nonresident alien,N,F,P,UK,First-Time Full-Time,A,240101,3.64,3.35,15,13,27,24,34,29,20,17,N,R,NA,Y,NA,C,,2.53,NA,NA,NA,NA,1,0,0,0,0,0,1,0,,R,,5,N,0,4,N,N,0,0,0,0,240101,,,,,,,,,,,,,,,,,,,,,,,
86753091,2019-20,STU00161,SPRING,Older than 24,First-Time,Full-Time,N,C,,White,N,F,B,UK,First-Time Full-Time,02,230101,1.88,1.85,17,13,0,0,0,0,0,0,R,N,Y,NA,D,NA,F,,Y,NA,D,NA,0,0,0,0,0,0,1,0,,C,,0,N,0,1,N,N,0,0,0,0,230101,,,,,,,,,,,,,,,,,,,,,,,
86753091,2019-20,STU00162,SPRING,20 and younger,First-Time,Full-Time,C,N,,Hispanic,H,M,B,N,First-Time Full-Time,B,513899,3.4,3.7,12,10,0,0,0,0,0,0,N,R,NA,Y,NA,D,,W,NA,N,NA,N,0,0,0,0,0,0,1,0,,N,,6,UK,0,3,N,N,0,0,0,0,513899,,,,,,,,,,,,,,,,,,,,,,,
86753091,2018-19,STU00163,FALL,20 and younger,First-Time,Full-Time,R,UK,,White,N,F,B,Y,First-Time Full-Time,03,270101,2.45,3.25,19,16,28,25,0,0,0,0,R,UK,Y,UK,C,UK,2.43,,NA,UK,NA,UK,1,0,0,0,0,0,1,0,,UK,,-1,N,0,2,N,N,0,0,0,0,270101,,,,,,,,,,,,,,,,,,,,,,,
86753091,2020-21,STU00164,SPRING,>20 - 24,First-Time,Full-Time,N,C,,White,N,M,B,N,First-Time Full-Time,01,110701,3.12,3.5,15,14,28,27,0,0,0,0,R,N,N,NA,N,NA,,,Y,NA,C,NA,1,0,0,0,0,0,3,0,,C,,0,N,0,0,N,N,6,0,0,0,110701,,,,,,,,,,,,,,,,,,,,,,,
86753091,2019-20,STU00165,FALL,>20 - 24,Transfer-In,Part-Time,C,C,,Hispanic,H,F,P,N,Transfer-In Part-Time,B,540101,3.75,2.62,8,7,19,13,18,18,19,17,N,N,NA,NA,NA,NA,,,NA,NA,NA,NA,1,0,0,0,0,0,2,0,,C,,0,N,-1,-1,N,N,5,0,0,0,540101,,,,,,,,,,,,,,,,,,,,,,,
86753091,2019-20,STU00166,SPRING,>20 - 24,First-Time,Full-Time,N,N,,White,N,F,A,N,First-Time Full-Time,B,422814,2.91,4,15,13,33,30,32,32,31,29,R,R,Y,Y,C,C,1.41,2.13,N,Y,N,C,1,0,0,0,0,0,3,0,,N,,0,N,0,4,N,N,0,0,0,0,422814,,,,,,,,,,,,,,,,,,,,,,,
86753091,2019-20,STU00167,FALL,20 and younger,Transfer-In,Full-Time,N,N,,Hispanic,H,M,N,Y,Transfer-In Full-Time,B,513899,2.9,3.37,15,13,21,17,29,27,28,21,R,R,Y,Y,C,C,2.89,P,N,Y,N,C,1,0,0,0,0,0,2,0,,N,,0,N,0,1,N,N,0,0,0,0,513899,,,,,,,,,,,,,,,,,,,,,,,
86753091,2016-17,STU00168,SPRING,20 and younger,First-Time,Full-Time,N,C,,White,N,M,B,Y,First-Time Full-Time,B,110701,3.5,3.1,20,16,33,33,29,23,0,0,R,N,Y,NA,C,NA,1.93,,Y,NA,D,NA,1,0,0,0,0,0,4,0,,C,First Year Success,-1,N,0,4,N,N,0,0,0,0,110701,,,,,,,,,,,,,,,,,,,,,,,
86753091,2020-21,STU00169,FALL,Older than 24,Transfer-In,Part-Time,C,C,,White,N,F,B,UK,Transfer-In Part-Time,B,230101,3.83,3.57,9,7,0,0,0,0,0,0,N,N,NA,NA,NA,NA,,,NA,NA,NA,NA,0,0,0,0,0,0,1,0,,C,,0,P,0,2,N,N,0,0,0,0,230101,,,,,,,,,,,,,,,,,,,,,,,
86753091,2016-17,STU00170,FALL,>20 - 24,First-Time,Full-Time,C,C,,Nonresident alien,N,M,N,Y,First-Time Full-Time,B,261504,3.18,3.37,15,15,26,24,0,0,0,0,N,N,NA,NA,NA,NA,,,NA,NA,NA,NA,1,0,0,0,0,0,4,0,,C,First Year Success,0,N,0,2,N,N,0,0,0,0,261504,,,,,,,,,,,,,,,,,,,,,,,
86753091,2016-17,STU00171,FALL,>20 - 24,First-Time,Full-Time,C,C,,White,N,F,B,Y,First-Time Full-Time,B,513899,3.55,3.74,17,13,31,31,34,34,0,0,N,N,NA,NA,NA,NA,,,NA,NA,NA,NA,1,0,0,0,0,0,1,0,,C,,2,UK,0,3,Y,Fall 2020,0,0,0,0,513899,,,,,,,,,,,,,,,,,,,,,,,
86753091,2016-17,STU00172,FALL,20 and younger,Transfer-In,Full-Time,N,N,UK,Black or African American,N,F,B,UK,Transfer-In Full-Time,A,513899,3.87,4,16,13,17,14,0,0,0,0,R,R,Y,Y,C,C,3.14,4,Y,N,C,N,1,1,0,0,0,0,4,1,,N,,0,N,0,0,N,Spring 2021,0,4,0,0,513899,,,WA,,,,,Doctoral Universities,,,,,Town/Rural,,,,,,,4,,,
86753091,2018-19,STU00173,FALL,20 and younger,First-Time,Full-Time,N,C,DE,Black or African American,N,F,A,N,First-Time Full-Time,B,230101,3.75,3.56,12,12,29,29,32,32,29,26,R,N,Y,NA,C,NA,1.66,,Y,NA,D,NA,1,0,0,0,0,0,1,0,,C,,0,UK,-1,3,N,N,0,0,0,0,230101,,,,,,,,,,,,,,,,,,,,,,,
86753091,2016-17,STU00174,FALL,20 and younger,Transfer-In,Full-Time,C,C,,White,N,M,B,N,Transfer-In Full-Time,03,131202,3.39,3.19,14,14,0,0,0,0,0,0,N,N,NA,NA,NA,NA,,,NA,NA,NA,NA,0,0,0,0,0,0,1,0,,C,STEM Scholars 2019,5,N,0,2,Y,N,0,0,0,0,131202,,,,,,,,,,,,,,,,,,,,,,,
86753091,2020-21,STU00175,FALL,20 and younger,First-Time,Full-Time,N,C,DE,Hispanic,H,M,,Y,First-Time Full-Time,B,230101,4,3.55,11,9,39,36,0,0,0,0,R,N,Y,NA,C,NA,2.92,,Y,NA,C,NA,1,0,0,0,0,0,4,0,,C,,1,UK,0,3,N,N,0,0,0,0,230101,,,,,,,,,,,,,,,,,,,,,,,
86753091,2019-20,STU00176,SPRING,>20 - 24,Transfer-In,Full-Time,C,C,,Unknown,UK,F,B,Y,Transfer-In Full-Time,A,510904,2.55,2.65,15,12,34,30,32,22,26,22,N,N,NA,NA,NA,NA,,,NA,NA,NA,NA,1,0,0,0,0,0,2,0,,C,,5,UK,0,2,N,Spring 2021,0,0,0,0,510904,,,,,,,,,,,,,,,,,,,,,,,
86753091,2019-20,STU00177,FALL,>20 - 24,First-Time,Full-Time,N,R,,Black or African American,N,M,A,N,First-Time Full-Time,A,131202,4,3.88,15,15,32,30,23,23,26,25,R,R,Y,Y,NC,NC,F,W,Y,NA,D,NA,1,1,0,2,0,4,2,0,1.9,R,,3,N,0,4,N,N,0,2,0,4,131202,,NJ,NJ,,NJ,,,,,,,Town/Rural,Town/Rural,,Town/Rural,2,,4,,2,,4,
86753091,2019-20,STU00178,FALL,>20 - 24,First-Time,Full-Time,C,R,UK,White,N,M,B,Y,First-Time Full-Time,A,520201,2.93,3.49,15,11,27,27,0,0,0,0,N,R,NA,Y,NA,C,,3.33,NA,NA,NA,NA,1,0,0,0,0,0,3,0,,R,,0,N,0,2,N,N,5,0,0,0,520201,,,,,,,,,,,,,,,,,,,,,,,
86753091,2019-20,STU00179,FALL,20 and younger,First-Time,Full-Time,R,N,,Hispanic,H,F,B,N,First-Time Full-Time,A,110701,2.24,1.84,15,8,29,19,25,22,33,27,R,R,Y,Y,C,NC,2.18,F,NA,Y,NA,C,1,0,0,0,0,0,2,0,,N,,-1,N,0,-1,N,N,0,0,0,0,110701,,,,,,,,,,,,,,,,,,,,,,,
86753091,2018-19,STU00180,SPRING,>20 - 24,Transfer-In,Full-Time,C,C,,White,N,F,P,N,Transfer-In Full-Time,B,270101,2.45,2.73,10,7,25,22,25,20,0,0,N,N,NA,NA,NA,NA,,,NA,NA,NA,NA,1,0,0,0,0,0,3,0,,C,,0,N,0,3,Y,Fall 2020,0,0,0,0,270101,,,,,,,,,,,,,,,,,,,,,,,
86753091,2017-18,STU00181,SUMMER,>20 - 24,First-Time,Part-Time,N,R,UK,Asian,N,M,,N,First-Time Part-Time,A,261504,2.53,2.46,8,7,7,6,8,5,13,11,R,R,Y,Y,NC,C,W,2.92,Y,NA,D,NA,1,1,0,0,0,0,2,3,,R,,0,N,0,2,N,N,0,0,0,0,261504,,,,,,,,Doctoral Universities,,,,,Suburb,,,,,,,,,,
86753091,2020-21,STU00182,FALL,Older than 24,Transfer-In,Part-Time,C,C,,White,N,M,B,Y,Transfer-In Part-Time,B,420101,3.77,4,9,7,19,19,0,0,0,0,N,N,NA,NA,NA,NA,,,NA,NA,NA,NA,1,0,0,0,0,0,2,0,,C,,5,N,0,2,N,Fall 2019,0,0,0,0,420101,,,,,,,,,,,,,,,,,,,,,,,
86753091,2018-19,STU00183,SPRING,20 and younger,Transfer-In,Full-Time,C,C,,White,N,F,,N,Transfer-In Full-Time,B,513899,4,4,11,10,33,33,24,24,24,24,N,N,NA,NA,NA,NA,,,NA,NA,NA,NA,1,1,0,0,0,0,3,2,,C,,3,N,2,4,N,N,0,0,0,0,513899,,,MA,,,,,Baccalaureate Colleges,,,,,,,,,,,,,,,
86753091,2020-21,STU00184,FALL,20 and younger,First-Time,Full-Time,C,C,,White,N,F,B,Y,First-Time Full-Time,B,261504,4,3.34,14,10,27,21,31,28,25,23,N,N,NA,NA,NA,NA,,,NA,NA,NA,NA,1,0,0,0,0,0,3,0,,C,,1,UK,0,3,N,N,0,0,0,0,261504,,,,,,,,,,,,,,,,,,,,,,,
86753091,2017-18,STU00185,FALL,>20 - 24,Transfer-In,Part-Time,R,C,,White,N,M,N,N,Transfer-In Part-Time,B,513899,3.65,3.37,9,8,17,14,0,0,0,0,R,N,Y,NA,C,NA,3.29,,NA,NA,NA,NA,1,0,0,0,0,0,3,0,,C,,0,N,0,0,N,N,0,0,0,0,513899,,,,,,,,,,,,,,,,,,,,,,,
86753091,2018-19,STU00186,SPRING,>20 - 24,Transfer-In,Full-Time,C,C,,White,N,F,N,Y,Transfer-In Full-Time,B,230101,3.92,3.97,16,16,28,25,0,0,0,0,N,N,NA,NA,NA,NA,,,NA,NA,NA,NA,1,0,0,0,0,0,1,0,,C,,2,N,0,0,N,N,0,0,0,0,230101,,,,,,,,,,,,,,,,,,,,,,,
86753091,2020-21,STU00187,FALL,>20 - 24,First-Time,Full-Time,N,N,UK,White,N,M,,Y,First-Time Full-Time,B,230101,2.81,1.99,15,10,26,18,28,19,23,15,R,R,Y,Y,C,D,1.6,W,Y,Y,C,C,1,0,0,0,0,0,4,0,,N,,0,N,0,-1,N,N,0,0,0,0,230101,,,,,,,,,,,,,,,,,,,,,,,
86753091,2016-17,STU00188,FALL,>20 - 24,First-Time,Full-Time,N,C,UK,White,N,F,,N,First-Time Full-Time,B,240101,3.5,3.53,12,12,0,0,0,0,0,0,R,N,N,NA,N,NA,,,Y,NA,C,NA,0,0,0,0,0,0,1,0,,C,STEM Scholars 2019,2,UK,1,2,N,Spring 2020,0,0,0,0,240101,,,,,,,,,,,,,,,,,,,,,,,
86753091,2018-19,STU00189,SPRING,20 and younger,Transfer-In,Full-Time,C,C,,White,N,M,B,Y,Transfer-In Full-Time,B,270101,3.88,3.39,19,19,31,26,0,0,0,0,N,N,NA,NA,NA,NA,,,NA,NA,NA,NA,1,0,0,0,0,0,1,0,,C,First Year Success,4,N,0,3,N,N,0,0,0,0,270101,,,,,,,,,,,,,,,,,,,,,,,
86753091,2019-20,STU00190,FALL,20 and younger,First-Time,Full-Time,C,C,,Black or African American,N,M,C,Y,First-Time Full-Time,03,513899,2.47,2.26,19,18,0,0,0,0,0,0,N,N,NA,NA,NA,NA,,,NA,NA,NA,NA,0,1,0,0,0,0,1,0,,C,,1,N,0,1,UK,N,0,0,0,0,513899,,,TX,,,,,,,,,,Urban,,,,,,,,,,
86753091,2017-18,STU00191,SUMMER,>20 - 24,First-Time,Part-Time,N,C,,White,N,M,B,UK,First-Time Part-Time,B,261504,2.53,2.38,11,7,0,0,0,0,0,0,R,N,Y,NA,C,NA,P,,Y,NA,D,NA,0,0,0,0,0,0,1,0,,C,,6,N,-1,2,N,N,0,0,0,0,261504,,,,,,,,,,,,,,,,,,,,,,,
86753091,2017-18,STU00192,SPRING,>20 - 24,First-Time,Part-Time,N,C,,Black or African American,N,P,B,N,First-Time Part-Time,B,520201,1.54,2.05,8,7,14,9,0,0,0,0,R,N,N,NA,N,NA,,,Y,NA,D,NA,1,1,0,0,0,0,2,1,,C,,1,N,0,4,N,N,0,0,0,0,520201,,,,,,,,Associate's Colleges,,,,,Urban,,,,,,,,,,
86753091,2017-18,STU00193,SPRING,20 and younger,Transfer-In,Full-Time,R,UK,,Nonresident alien,N,F,P,N,Transfer-In Full-Time,B,420101,3.92,3.95,16,15,32,32,20,17,19,19,R,UK,Y,UK,D,UK,W,,NA,UK,NA,UK,1,0,0,2,0,0,2,0,2.8,UK,,6,N,0,2,UK,N,4,2,0,0,420101,,,,,,,,,,,,,,,,2,,,,2,,,
86753091,2016-17,STU00194,FALL,20 and younger,Transfer-In,Full-Time,C,C,,White,N,M,B,N,Transfer-In Full-Time,B,510904,2.78,1.95,12,8,0,0,0,0,0,0,N,N,NA,NA,NA,NA,,,NA,NA,NA,NA,0,0,0,0,0,0,1,0,,C,,4,N,2,2,N,N,0,0,0,0,510904,,,,,,,,,,,,,,,,,,,,,,,
86753091,2020-21,STU00195,SPRING,>20 - 24,First-Time,Full-Time,R,N,,Asian,N,M,B,Y,First-Time Full-Time,B,422814,3.31,2.89,14,11,0,0,0,0,0,0,R,R,N,Y,N,C,,2.72,NA,N,NA,N,0,1,0,0,0,0,1,1,,N,,1,N,0,0,N,N,4,0,0,0,422814,,,NY,,,,,Master's Colleges & Universities,,,,,Suburb,,,,,,,,,,
86753091,2017-18,STU00196,FALL,20 and younger,Transfer-In,Full-Time,C,C,,Asian,N,F,A,N,Transfer-In Full-Time,B,420101,4,3.56,18,14,25,15,21,19,0,0,N,N,NA,NA,NA,NA,,,NA,NA,NA,NA,1,1,0,0,0,0,5,2,,C,STEM Scholars 2019,6,N,1,3,N,Fall 2019,6,0,0,0,420101,,,CA,,,,,Baccalaureate Colleges,,,,,Suburb,,,,,,,,,,
86753091,2019-20,STU00197,FALL,Older than 24,First-Time,Full-Time,N,R,,White,N,F,N,N,First-Time Full-Time,C2,230101,4,3.75,15,13,29,25,28,21,25,23,R,R,N,UK,N,UK,,,Y,NA,C,NA,1,0,0,2,0,0,2,0,1.9,R,,0,UK,0,2,N,N,0,2,0,0,230101,,,,,,,,,,,,,,,,2,,,,2,,,
86753091,2018-19,STU00198,SUMMER,20 and younger,First-Time,Full-Time,N,N,,White,N,M,B,N,First-Time Full-Time,C1,131202,2.61,3.56,11,11,26,20,0,0,0,0,R,R,Y,Y,NC,C,F,2.61,N,Y,N,D,1,0,0,0,0,0,3,0,,N,,3,N,0,3,Y,N,4,0,0,0,131202,,,,,,,,,,,,,,,,,,,,,,,
86753091,2017-18,STU00199,FALL,>20 - 24,Transfer-In,Part-Time,C,N,,Hispanic,H,F,C,N,Transfer-In Part-Time,B,422814,4,3.86,8,7,17,14,17,15,0,0,N,R,NA,Y,NA,C,,3.17,NA,Y,NA,D,1,1,0,0,0,0,2,2,,N,,2,N,0,4,N,N,0,0,0,0,422814,,,NJ,,,,,,,,,,Town/Rural,,,,,,,,,,
86753091,2018-19,STU00200,SPRING,>20 - 24,First-Time,Part-Time,C,C,,Two or More Races,N,F,,N,First-Time Part-Time,B,240101,2.98,2.61,5,2,10,6,0,0,0,0,N,N,NA,NA,NA,NA,,,NA,NA,NA,NA,1,0,0,0,0,0,1,0,,C,,0,N,0,1,N,N,0,0,0,0,240101,,,,,,,,,,,,,,,,,,,,,,,
86753091,2020-21,STU00201,FALL,>20 - 24,Transfer-In,Full-Time,C,C,,Asian,N,M,B,N,Transfer-In Full-Time,02,230101,2.38,3.34,17,17,27,25,0,0,0,0,N,N,NA,NA,NA,NA,,,NA,NA,NA,NA,1,0,0,0,0,0,1,0,,C,STEM Scholars 2019,0,N,0,4,N,N,0,0,0,0,230101,,,,,,,,,,,,,,,,,,,,,,,
86753091,2019-20,STU00202,SPRING,>20 - 24,First-Time,Part-Time,C,C,,Hispanic,H,F,N,N,First-Time Part-Time,A,520201,2.7,3.5,7,7,10,9,0,0,0,0,N,N,NA,NA,NA,NA,,,NA,NA,NA,NA,1,0,0,0,0,0,3,0,,C,,2,N,-1,2,N,N,0,0,0,0,520201,,,,,,,,,,,,,,,,,,,,,,,
86753091,2017-18,STU00203,FALL,20 and younger,Transfer-In,Full-Time,C,C,,Asian,N,F,C,N,Transfer-In Full-Time,B,240101,3.69,3.24,18,17,33,25,37,29,25,17,N,N,NA,NA,NA,NA,,,NA,NA,NA,NA,1,0,0,0,0,0,2,0,,C,,0,Y,0,-1,N,N,0,0,0,0,240101,,,,,,,,,,,,,,,,,,,,,,,
86753091,2019-20,STU00204,FALL,20 and younger,Transfer-In,Full-Time,R,C,UK,Hispanic,H,M,,N,Transfer-In Full-Time,B,513899,4,3.88,19,19,32,32,29,22,0,0,R,N,Y,NA,C,NA,P,,NA,NA,NA,NA,1,0,0,0,0,0,1,0,,C,,2,UK,1,2,N,N,0,0,0,0,513899,,,,,,,,,,,,,,,,,,,,,,,
86753091,2017-18,STU00205,FALL,20 and younger,First-Time,Full-Time,C,C,,White,N,F,B,N,First-Time Full-Time,B,261504,3.15,2.98,14,9,25,19,0,0,0,0,N,N,NA,NA,NA,NA,,,NA,NA,NA,NA,1,0,0,0,0,0,1,0,,C,Bridge Program,2,UK,0,3,Y,N,0,0,0,0,261504,,,,,,,,,,,,,,,,,,,,,,,
86753091,2019-20,STU00206,SUMMER,>20 - 24,First-Time,Full-Time,N,R,UK,White,N,M,C,N,First-Time Full-Time,B,520201,2.62,2.88,17,14,31,22,27,21,0,0,R,R,Y,Y,NC,C,F,3.62,Y,NA,D,NA,1,0,0,0,0,0,3,0,,R,,0,N,0,3,UK,N,0,0,0,0,520201,,,,,,,,,,,,,,,,,,,,,,,
86753091,2020-21,STU00207,SPRING,>20 - 24,First-Time,Part-Time,N,N,,White,N,F,B,N,First-Time Part-Time,03,270101,2.14,1.98,11,6,0,0,0,0,0,0,R,R,Y,Y,C,C,2.77,2.94,Y,Y,C,D,0,0,0,0,0,0,1,0,,N,,0,N,0,3,N,N,0,0,0,0,270101,,,,,,,,,,,,,,,,,,,,,,,
86753091,2018-19,STU00208,SUMMER,Older than 24,Transfer-In,Part-Time,C,C,UK,Hispanic,H,F,C,N,Transfer-In Part-Time,03,540101,1.12,2.25,10,6,19,18,14,9,0,0,N,N,NA,NA,NA,NA,,,NA,NA,NA,NA,1,0,0,0,0,0,2,0,,C,,4,UK,0,4,N,N,0,0,0,0,540101,,,,,,,,,,,,,,,,,,,,,,,
86753091,2020-21,STU00209,FALL,20 and younger,First-Time,Full-Time,C,C,,Hispanic,H,M,C,Y,First-Time Full-Time,03,520201,2.49,3.13,14,10,28,24,31,22,31,27,N,N,NA,NA,NA,NA,,,NA,NA,NA,NA,1,0,0,0,0,0,2,0,,C,,6,N,1,2,N,N,0,0,0,0,520201,,,,,,,,,,,,,,,,,,,,,,,
86753091,2017-18,STU00210,FALL,20 and younger,First-Time,Full-Time,C,C,DE,White,N,M,B,N,First-Time Full-Time,B,513899,3.55,4,14,10,22,17,31,27,31,31,N,N,NA,NA,NA,NA,,,NA,NA,NA,NA,1,0,0,0,0,0,2,0,,C,,4,N,0,4,N,N,0,0,0,0,513899,,,,,,,,,,,,,,,,,,,,,,,
86753091,2018-19,STU00211,FALL,>20 - 24,Transfer-In,Full-Time,R,N,,White,N,M,B,UK,Transfer-In Full-Time,B,131202,3.57,3.25,16,16,28,21,29,21,33,26,R,R,Y,Y,D,C,M,3.23,NA,N,NA,N,1,0,0,0,0,0,1,0,,N,,0,N,-1,0,N,N,0,0,0,0,131202,,,,,,,,,,,,,,,,,,,,,,,
86753091,2019-20,STU00212,SUMMER,>20 - 24,Transfer-In,Part-Time,C,C,,White,N,M,B,Y,Transfer-In Part-Time,B,270101,2.74,2.54,11,6,0,0,0,0,0,0,N,N,NA,NA,NA,NA,,,NA,NA,NA,NA,0,1,0,0,4,0,1,2,,C,,5,N,0,-1,N,N,4,3,4,0,270101,,,,,,Baccalaureate Colleges,,Baccalaureate Colleges,Baccalaureate Colleges,,Town/Rural,,Town/Rural,Town/Rural,,,,,,3,,,
86753091,2020-21,STU00213,FALL,20 and younger,First-Time,Part-Time,C,C,UK,White,N,F,P,UK,First-Time Part-Time,B,520201,3.86,3.63,5,5,12,11,0,0,0,0,N,N,NA,NA,NA,NA,,,NA,NA,NA,NA,1,1,0,0,0,0,2,2,,C,,3,N,0,0,N,Fall 2019,0,0,0,0,520201,,,OH,,,,,,,,,,Town/Rural,,,,,,,,,,
86753091,2019-20,STU00214,FALL,Older than 24,First-Time,Full-Time,R,C,,White,N,F,B,Y,First-Time Full-Time,02,261504,2.23,2.74,17,11,30,25,0,0,0,0,R,N,Y,NA,D,NA,W,,NA,NA,NA,NA,1,1,0,0,0,0,3,3,,C,,0,N,0,1,Y,N,0,0,0,0,261504,,,IL,,,,,Baccalaureate Colleges,,,,,Urban,,,,,,,,,,
86753091,2020-21,STU00215,FALL,20 and younger,First-Time,Part-Time,C,C,SE,White,N,F,A,N,First-Time Part-Time,02,520201,3.27,2.67,8,8,18,18,16,12,20,19,N,N,NA,NA,NA,NA,,,NA,NA,NA,NA,1,0,0,0,0,0,3,0,,C,,0,N,0,3,UK,N,0,0,0,0,520201,,,,,,,,,,,,,,,,,,,,,,,
86753091,2017-18,STU00216,SPRING,Older than 24,Transfer-In,Part-Time,N,N,,American Indian or Alaska Native,N,F,B,Y,Transfer-In Part-Time,B,270101,3.02,3.73,6,6,17,15,0,0,0,0,R,R,Y,Y,C,C,1.84,2.67,N,Y,N,C,1,1,0,0,5,0,4,0,,N,,2,UK,0,2,N,N,0,0,5,0,270101,,,,,,Associate's Colleges,,Associate's Colleges,Associate's Colleges,,Town/Rural,,Town/Rural,Town/Rural,,,,,,,,,
86753091,2017-18,STU00217,SUMMER,20 and younger,Transfer-In,Full-Time,R,N,,Nonresident alien,N,F,N,Y,Transfer-In Full-Time,B,230101,2.82,3.56,19,16,24,24,25,25,31,31,R,R,Y,Y,D,C,F,2.37,NA,Y,NA,C,1,1,0,0,0,0,1,1,,N,,2,N,-1,-1,N,N,0,0,0,0,230101,,,OH,,,,,Doctoral Universities,,,,,Town/Rural,,,,,,,,,,
86753091,2019-20,STU00218,FALL,>20 - 24,Transfer-In,Full-Time,C,C,,Black or African American,N,M,P,N,Transfer-In Full-Time,B,110701,3.73,4,16,16,27,26,0,0,0,0,N,N,NA,NA,NA,NA,,,NA,NA,NA,NA,1,1,0,0,0,0,3,3,,C,,6,N,0,3,UK,N,0,0,0,0,110701,,,FL,,,,,Master's Colleges & Universities,,,,,Urban,,,,,,,,,,
86753091,2018-19,STU00219,FALL,>20 - 24,First-Time,Part-Time,C,C,,White,N,M,B,UK,First-Time Part-Time,B,230101,3.67,4,6,6,15,11,12,9,13,13,N,N,NA,NA,NA,NA,,,NA,NA,NA,NA,1,0,0,0,0,0,2,0,,C,,0,N,0,0,Y,N,0,0,0,0,230101,,,,,,,,,,,,,,,,,,,,,,,
86753091,2016-17,STU00220,FALL,20 and younger,First-Time,Full-Time,C,R,,Black or African American,N,F,N,UK,First-Time Full-Time,03,420101,2.03,2.62,14,9,28,23,0,0,0,0,N,R,NA,Y,NA,D,,W,NA,NA,NA,NA,1,0,0,0,0,0,1,0,,R,,5,N,1,3,N,N,5,0,0,0,420101,,,,,,,,,,,,,,,,,,,,,,,
86753091,2020-21,STU00221,WINTER,20 and younger,First-Time,Full-Time,C,N,,Hispanic,H,M,B,Y,First-Time Full-Time,B,540101,2.02,2.22,16,11,35,31,29,19,28,23,N,R,NA,Y,NA,D,,F,NA,Y,NA,C,1,0,0,0,0,0,3,0,,N,,5,N,0,0,Y,N,0,0,0,0,540101,,,,,,,,,,,,,,,,,,,,,,,
86753091,2017-18,STU00222,FALL,>20 - 24,First-Time,Full-Time,UK,N,,American Indian or Alaska Native,N,M,B,N,First-Time Full-Time,A,110701,3.38,3.05,18,14,0,0,0,0,0,0,UK,R,UK,Y,UK,D,,W,UK,Y,UK,D,0,0,0,0,0,0,1,0,,N,,2,UK,0,0,Y,N,0,0,0,0,110701,,,,,,,,,,,,,,,,,,,,,,,
86753091,2019-20,STU00223,FALL,20 and younger,Transfer-In,Full-Time,C,C,,White,N,F,B,N,Transfer-In Full-Time,B,520201,3.66,3.29,15,13,25,22,28,21,0,0,N,N,NA,NA,NA,NA,,,NA,NA,NA,NA,1,0,0,0,0,0,1,0,,C,Bridge Program,-1,N,0,2,N,N,0,0,0,0,520201,,,,,,,,,,,,,,,,,,,,,,,
86753091,2020-21,STU00224,FALL,Older than 24,First-Time,Part-Time,C,C,,White,N,M,B,Y,First-Time Part-Time,B,131202,3.68,3.66,12,9,17,14,16,16,0,0,N,N,NA,NA,NA,NA,,,NA,NA,NA,NA,1,0,0,0,0,0,1,0,,C,,1,P,0,1,N,N,4,0,0,0,131202,,,,,,,,,,,,,,,,,,,,,,,
86753091,2020-21,STU00225,SPRING,Older than 24,First-Time,Part-Time,C,C,,White,N,F,P,N,First-Time Part-Time,A,270101,3.19,3.38,9,8,19,16,12,9,17,12,N,N,NA,NA,NA,NA,,,NA,NA,NA,NA,1,0,0,0,0,0,3,0,,C,,4,N,-1,1,N,Fall 2020,0,0,0,0,270101,,,,,,,,,,,,,,,,,,,,,,,
86753091,2020-21,STU00226,FALL,20 and younger,Transfer-In,Full-Time,C,C,,White,N,F,A,Y,Transfer-In Full-Time,02,513899,2.57,2.7,14,7,27,26,25,25,29,28,N,N,NA,NA,NA,NA,,,NA,NA,NA,NA,1,1,0,0,0,0,3,2,,C,,5,N,0,0,Y,N,0,0,0,0,513899,,,FL,,,,,,,,,,Suburb,,,,,,,,,,
86753091,2018-19,STU00227,SUMMER,20 and younger,Transfer-In,Full-Time,C,C,,Asian,N,F,C,N,Transfer-In Full-Time,B,513899,3.79,3.91,18,14,31,21,27,26,33,33,N,N,NA,NA,NA,NA,,,NA,NA,NA,NA,1,1,0,0,0,0,1,2,,C,,0,P,0,0,N,N,0,0,0,0,513899,,,MA,,,,,Master's Colleges & Universities,,,,,Suburb,,,,,,,,,,
86753091,2018-19,STU00228,SPRING,20 and younger,First-Time,Part-Time,N,C,,White,N,F,P,N,First-Time Part-Time,A,270101,3.47,3.15,13,11,15,12,14,12,0,0,R,N,Y,NA,C,NA,3.11,,Y,NA,C,NA,1,0,0,0,0,0,1,0,,C,,0,N,0,4,N,N,0,2,0,0,270101,,,,,,,,,,,,,,,,,,,,2,,,
86753091,2020-21,STU00229,SPRING,20 and younger,Transfer-In,Part-Time,N,N,,Hispanic,H,F,,N,Transfer-In Part-Time,B,240101,4,4,13,12,23,23,9,8,9,8,R,R,Y,UK,C,UK,P,,N,Y,N,C,1,0,0,0,0,0,4,0,,N,,0,N,0,3,N,N,0,0,0,0,240101,,,,,,,,,,,,,,,,,,,,,,,
86753091,2017-18,STU00230,FALL,Older than 24,Transfer-In,Full-Time,C,N,UK,Hispanic,H,M,N,Y,Transfer-In Full-Time,B,420101,2.77,3.33,19,17,27,21,0,0,0,0,N,R,NA,Y,NA,C,,2.61,NA,Y,NA,C,1,1,0,0,0,0,1,1,,N,STEM Scholars 2019,0,N,0,2,N,N,0,2,0,0,420101,,,,,,,,Associate's Colleges,,,,,,,,,,,,2,,,
86753091,2019-20,STU00231,SUMMER,Older than 24,First-Time,Part-Time,N,C,,Hispanic,H,M,,N,First-Time Part-Time,B,510904,3.32,3.33,4,3,15,12,13,9,20,17,R,N,Y,NA,D,NA,F,,Y,NA,C,NA,1,0,0,0,0,0,2,0,,C,,-1,N,0,4,Y,Fall 2019,0,0,0,0,510904,,,,,,,,,,,,,,,,,,,,,,,
86753091,2020-21,STU00232,SUMMER,Older than 24,Transfer-In,Full-Time,N,N,,Hispanic,H,M,B,N,Transfer-In Full-Time,B,131202,2.67,2.46,15,15,34,28,30,26,36,30,R,R,Y,Y,C,D,2.83,W,N,Y,N,C,1,1,0,0,0,0,3,1,,N,,1,N,-1,1,N,N,0,0,0,0,131202,,,VA,,,,,Doctoral Universities,,,,,Urban,,,,,,,,,,
86753091,2016-17,STU00233,FALL,20 and younger,First-Time,Full-Time,C,C,,Hispanic,H,M,,N,First-Time Full-Time,B,131202,4,4,12,10,23,17,0,0,0,0,N,N,NA,NA,NA,NA,,,NA,NA,NA,NA,1,0,0,0,0,0,1,0,,C,,1,UK,0,3,N,N,0,0,0,0,131202,,,,,,,,,,,,,,,,,,,,,,,
86753091,2016-17,STU00234,FALL,Older than 24,First-Time,Full-Time,C,N,,Two or More Races,N,M,P,UK,First-Time Full-Time,02,131202,3.51,3.29,15,10,32,22,0,0,0,0,N,R,NA,Y,NA,NC,,F,NA,Y,NA,C,1,0,0,0,0,0,3,0,,N,First Year Success,0,UK,1,1,N,N,0,0,0,0,131202,,,,,,,,,,,,,,,,,,,,,,,
86753091,2016-17,STU00235,FALL,20 and younger,Re-admit,Full-Time,N,N,,White,N,F,B,N,Re-admit Full-Time,B,520201,1.95,1.38,14,8,0,0,0,0,0,0,R,R,Y,Y,C,C,2.13,3.56,N,Y,N,C,0,0,0,0,0,0,1,0,,N,,0,N,0,0,N,N,6,0,0,0,520201,,,,,,,,,,,,,,,,,,,,,,,
86753091,2017-18,STU00236,FALL,Older than 24,First-Time,Part-Time,N,N,,White,N,M,N,N,First-Time Part-Time,02,261504,1.91,2.08,6,5,15,8,4,3,12,8,R,R,Y,Y,NC,D,W,W,N,Y,N,D,1,0,0,0,0,0,4,0,,N,,0,P,0,4,N,N,4,0,0,0,261504,,,,,,,,,,,,,,,,,,,,,,,
86753091,2017-18,STU00237,FALL,20 and younger,First-Time,Full-Time,N,C,DE,Black or African American,N,M,N,N,First-Time Full-Time,03,131202,3.06,3.04,15,11,30,27,29,21,0,0,R,N,Y,NA,D,NA,F,,Y,NA,D,NA,1,0,0,0,0,0,4,0,,C,,6,N,0,0,N,N,0,0,0,0,131202,,,,,,,,,,,,,,,,,,,,,,,
86753091,2016-17,STU00238,FALL,>20 - 24,First-Time,Part-Time,N,C,,Hispanic,H,M,A,UK,First-Time Part-Time,A,520201,3.36,3.88,3,2,20,20,15,13,0,0,R,N,Y,NA,NC,NA,F,,Y,NA,C,NA,1,0,0,0,0,0,1,0,,C,,1,N,0,0,N,N,0,0,0,0,520201,,,,,,,,,,,,,,,,,,,,,,,
86753091,2020-21,STU00239,FALL,>20 - 24,First-Time,Full-Time,N,N,,Black or African American,N,M,A,Y,First-Time Full-Time,03,110701,4,3.89,15,15,30,29,24,24,30,26,R,R,N,Y,N,C,,3.57,Y,N,D,N,1,0,0,0,0,0,1,0,,N,,0,N,0,2,N,N,0,3,0,0,110701,,,,,,,,,,,,,,,,,,,,3,,,
86753091,2016-17,STU00240,FALL,20 and younger,First-Time,Full-Time,N,C,SE,White,N,F,B,Y,First-Time Full-Time,B,513899,3.91,3.74,14,14,0,0,0,0,0,0,R,N,Y,NA,NC,NA,F,,N,NA,N,NA,0,0,0,0,0,0,1,0,,C,,4,N,0,2,N,N,0,0,0,0,513899,,,,,,,,,,,,,,,,,,,,,,,
86753091,2019-20,STU00241,FALL,20 and younger,First-Time,Full-Time,C,N,DE,Black or African American,N,F,B,N,First-Time Full-Time,B,513899,2.61,3.34,17,12,29,25,27,19,30,26,N,R,NA,N,NA,N,,,NA,Y,NA,C,1,0,0,0,0,0,2,0,,N,,0,N,0,-1,N,N,0,0,0,0,513899,,,,,,,,,,,,,,,,,,,,,,,
86753091,2018-19,STU00242,SPRING,20 and younger,Transfer-In,Full-Time,N,N,,Black or African American,N,F,N,Y,Transfer-In Full-Time,B,110701,2.64,2.78,14,11,27,24,25,25,33,24,R,R,Y,Y,C,C,3.11,2.96,Y,Y,C,C,1,1,0,2,0,0,2,1,1.5,N,STEM Scholars 2019,0,N,0,3,N,N,6,2,0,0,110701,,,IL,,,,,Doctoral Universities,,,,,Urban,,,2,,,,2,,,
86753091,2019-20,STU00243,FALL,>20 - 24,First-Time,Full-Time,N,N,,Asian,N,M,B,UK,First-Time Full-Time,A,131202,3.53,3.37,18,16,0,0,0,0,0,0,R,R,N,Y,N,D,,M,Y,N,C,N,0,0,0,0,0,0,1,0,,N,,3,N,0,3,N,N,5,0,0,0,131202,,,,,,,,,,,,,,,,,,,,,,,
86753091,2016-17,STU00244,FALL,>20 - 24,Transfer-In,Full-Time,C,C,,Hispanic,H,F,A,Y,Transfer-In Full-Time,B,510904,3.87,3.78,13,10,24,21,30,30,33,33,N,N,NA,NA,NA,NA,,,NA,NA,NA,NA,1,0,0,0,0,0,1,0,,C,,4,N,-1,-1,N,N,4,2,0,0,510904,,,,,,,,,,,,,,,,,,,,2,,,
86753091,2017-18,STU00245,FALL,Older than 24,First-Time,Part-Time,R,C,,White,N,F,A,Y,First-Time Part-Time,C1,540101,2.84,2.94,10,9,13,13,11,9,0,0,R,N,Y,NA,NC,NA,F,,NA,NA,NA,NA,1,0,0,0,0,0,2,0,,C,,-1,N,0,2,UK,N,5,0,0,0,540101,,,,,,,,,,,,,,,,,,,,,,,
86753091,2016-17,STU00246,SPRING,Older than 24,Transfer-In,Full-Time,N,N,,White,N,F,N,UK,Transfer-In Full-Time,B,420101,3.7,3.54,13,11,0,0,0,0,0,0,R,R,Y,UK,C,UK,2.38,,Y,Y,C,D,0,0,0,0,0,0,1,0,,N,,0,N,0,3,UK,N,0,0,0,0,420101,,,,,,,,,,,,,,,,,,,,,,,
86753091,2016-17,STU00247,FALL,20 and younger,Transfer-In,Full-Time,UK,UK,,White,N,F,N,N,Transfer-In Full-Time,02,520201,2.08,1.9,20,10,32,22,34,23,27,19,UK,UK,UK,UK,UK,UK,,,UK,UK,UK,UK,1,0,0,0,0,0,1,0,,UK,,3,UK,-1,-1,N,N,0,0,0,0,520201,,,,,,,,,,,,,,,,,,,,,,,
86753091,2017-18,STU00248,FALL,20 and younger,Transfer-In,Full-Time,C,C,UK,White,N,F,B,N,Transfer-In Full-Time,B,240101,4,3.66,11,7,25,25,0,0,0,0,N,N,NA,NA,NA,NA,,,NA,NA,NA,NA,1,1,0,0,0,0,2,2,,C,,3,P,0,3,Y,N,0,0,0,0,240101,,,PA,,,,,Master's Colleges & Universities,,,,,Suburb,,,,,,,,,,
86753091,2017-18,STU00249,FALL,20 and younger,Transfer-In,Full-Time,N,C,,Asian,N,F,B,N,Transfer-In Full-Time,03,110701,3.52,2.96,15,14,27,15,37,33,23,23,R,N,N,NA,N,NA,,,N,NA,N,NA,1,0,0,2,0,0,3,0,1.6,C,,6,N,0,0,N,N,5,2,0,0,110701,,,,,,,,,,,,,,,,2,,,,2,,,
86753091,2019-20,STU00250,FALL,>20 - 24,Transfer-In,Full-Time,N,C,,White,N,F,B,N,Transfer-In Full-Time,B,110701,4,4,17,16,30,30,20,20,0,0,R,N,N,NA,N,NA,,,N,NA,N,NA,1,1,0,0,0,0,1,0,,C,,4,N,-1,-1,Y,N,0,0,0,0,110701,,,CA,,,,,Associate's Colleges,,,,,Town/Rural,,,,,,,,,,
86753091,2016-17,STU00251,FALL,Older than 24,Transfer-In,Full-Time,C,C,,Hispanic,H,M,,Y,Transfer-In Full-Time,A,270101,3.36,3.02,14,11,0,0,0,0,0,0,N,N,NA,NA,NA,NA,,,NA,NA,NA,NA,0,0,0,0,0,0,1,0,,C,,0,UK,0,4,N,N,0,3,0,0,270101,,,,,,,,,,,,,,,,,,,,3,,,
86753091,2017-18,STU00252,FALL,>20 - 24,Transfer-In,Full-Time,C,C,,White,N,M,A,N,Transfer-In Full-Time,B,520201,3.77,3.62,12,11,0,0,0,0,0,0,N,N,NA,NA,NA,NA,,,NA,NA,NA,NA,0,0,0,0,0,0,1,0,,C,,1,N,0,3,N,N,0,0,0,0,520201,,,,,,,,,,,,,,,,,,,,,,,
86753091,2018-19,STU00253,SPRING,20 and younger,First-Time,Full-Time,C,C,,Hispanic,H,F,C,N,First-Time Full-Time,03,513899,3.19,3.49,18,18,33,22,21,19,0,0,N,N,NA,NA,NA,NA,,,NA,NA,NA,NA,1,1,0,0,0,3,1,0,,C,,-1,N,1,-1,N,N,0,0,0,3,513899,,GA,GA,,GA,,Associate's Colleges,Associate's Colleges,,Associate's Colleges,,,,,,,,3,,,,3,
86753091,2018-19,STU00254,SPRING,Older than 24,First-Time,Part-Time,N,C,,White,N,M,A,UK,First-Time Part-Time,A,420101,3.4,2.38,9,4,12,8,0,0,0,0,R,N,Y,NA,D,NA,I,,N,NA,N,NA,1,0,0,0,0,0,1,0,,C,First Year Success,-1,N,0,1,N,Spring 2021,0,0,0,0,420101,,,,,,,,,,,,,,,,,,,,,,,
86753091,2020-21,STU00255,SPRING,>20 - 24,First-Time,Full-Time,N,C,,Hispanic,H,M,B,Y,First-Time Full-Time,B,110701,3.74,3.11,14,13,32,24,0,0,0,0,R,N,UK,NA,UK,NA,,,Y,NA,C,NA,1,1,0,0,0,0,2,1,,C,,0,UK,2,2,Y,Spring 2020,0,0,0,0,110701,,,VA,,,,,Baccalaureate Colleges,,,,,Suburb,,,,,,,,,,
86753091,2019-20,STU00256,FALL,Older than 24,Transfer-In,Part-Time,C,C,,Asian,N,M,A,Y,Transfer-In Part-Time,B,230101,2.93,2.94,6,5,15,12,0,0,0,0,N,N,NA,NA,NA,NA,,,NA,NA,NA,NA,1,0,0,0,0,0,4,0,,C,First Year Success,-1,N,0,1,N,N,0,0,0,0,230101,,,,,,,,,,,,,,,,,,,,,,,
86753091,2017-18,STU00257,FALL,20 and younger,Transfer-In,Full-Time,N,C,,White,N,F,C,N,Transfer-In Full-Time,B,510904,3.05,2.7,7,5,0,0,0,0,0,0,R,N,Y,NA,C,NA,3.4,,Y,NA,D,NA,0,0,0,0,0,0,1,0,,C,,0,N,0,3,Y,N,6,0,0,0,510904,,,,,,,,,,,,,,,,,,,,,,,
86753091,2017-18,STU00258,FALL,Older than 24,Transfer-In,Full-Time,N,R,,Hispanic,H,M,C,Y,Transfer-In Full-Time,02,110701,2.56,2.54,10,10,25,14,37,28,29,23,R,R,Y,Y,C,D,3.42,F,Y,NA,C,NA,1,0,0,0,0,0,3,0,,R,,1,N,0,3,Y,N,0,0,0,0,110701,,,,,,,,,,,,,,,,,,,,,,,
86753091,2019-20,STU00259,FALL,20 and younger,Transfer-In,Full-Time,R,R,UK,White,N,F,N,N,Transfer-In Full-Time,B,540101,2.79,2.19,16,7,0,0,0,0,0,0,R,R,Y,Y,C,D,2.33,W,NA,NA,NA,NA,0,1,0,0,0,0,1,1,,R,,1,N,0,0,N,N,0,0,0,0,540101,,,MA,,,,,Master's Colleges & Universities,,,,,Suburb,,,,,,,,,,
86753091,2019-20,STU00260,SPRING,Older than 24,First-Time,Full-Time,N,C,,White,N,M,C,Y,First-Time Full-Time,A,131202,3.11,2.8,18,13,0,0,0,0,0,0,R,N,Y,NA,C,NA,2.89,,Y,NA,C,NA,0,0,0,0,0,0,1,0,,C,,1,N,0,4,N,N,0,2,0,0,131202,,,,,,,,,,,,,,,,,,,,2,,,
86753091,2019-20,STU00261,FALL,20 and younger,First-Time,Full-Time,N,C,,Nonresident alien,N,M,P,UK,First-Time Full-Time,B,261504,3.68,3.56,13,11,33,28,0,0,0,0,R,N,Y,NA,C,NA,3.24,,N,NA,N,NA,1,0,0,0,0,0,2,0,,C,,3,N,0,4,Y,N,0,0,0,0,261504,,,,,,,,,,,,,,,,,,,,,,,
86753091,2019-20,STU00262,FALL,20 and younger,First-Time,Full-Time,C,N,DE,White,N,F,B,Y,First-Time Full-Time,B,420101,2.39,2.64,13,12,37,31,20,18,27,19,N,R,NA,Y,NA,C,,2.58,NA,N,NA,N,1,1,0,0,0,0,3,1,,N,,6,N,0,1,N,N,0,0,0,0,420101,,,IL,,,,,Master's Colleges & Universities,,,,,Urban,,,,,,,,,,
86753091,2017-18,STU00263,FALL,>20 - 24,First-Time,Full-Time,N,C,,Two or More Races,N,M,B,N,First-Time Full-Time,B,540101,3.61,3.59,17,17,26,26,31,25,26,24,R,N,Y,NA,C,NA,1.17,,N,NA,N,NA,1,0,0,2,0,0,4,0,2.3,C,Bridge Program,0,N,0,0,N,N,0,2,0,0,540101,,,,,,,,,,,,,,,,2,,,,2,,,
86753091,2018-19,STU00264,FALL,>20 - 24,Transfer-In,Full-Time,C,R,,White,N,F,B,N,Transfer-In Full-Time,B,510904,4,3.46,16,12,22,22,28,28,0,0,N,R,NA,Y,NA,C,,2.83,NA,NA,NA,NA,1,0,0,0,0,0,2,0,,R,,0,UK,0,0,N,Fall 2020,6,0,0,0,510904,,,,,,,,,,,,,,,,,,,,,,,
86753091,2020-21,STU00265,FALL,>20 - 24,First-Time,Full-Time,N,C,,Black or African American,N,M,B,UK,First-Time Full-Time,C1,420101,3.28,3.45,15,11,33,33,33,32,33,25,R,N,Y,NA,D,NA,W,,Y,NA,C,NA,1,0,0,2,0,0,3,0,2.2,C,,5,N,0,1,N,N,4,2,0,0,420101,,,,,,,,,,,,,,,,2,,,,2,,,
86753091,2020-21,STU00266,SPRING,20 and younger,Re-admit,Full-Time,C,C,,Black or African American,N,M,B,N,Re-admit Full-Time,B,520201,3.08,3.2,15,12,26,21,23,19,25,25,N,N,NA,NA,NA,NA,,,NA,NA,NA,NA,1,1,0,0,0,0,3,0,,C,,0,N,0,3,N,N,4,0,0,0,520201,,,NJ,,,,,Associate's Colleges,,,,,Suburb,,,,,,,,,,
86753091,2017-18,STU00267,FALL,20 and younger,Transfer-In,Full-Time,C,C,,White,N,P,C,UK,Transfer-In Full-Time,B,261504,3.79,3.88,21,18,26,24,0,0,0,0,N,N,NA,NA,NA,NA,,,NA,NA,NA,NA,1,0,0,0,0,0,2,0,,C,STEM Scholars 2019,0,N,0,2,Y,N,0,0,0,0,261504,,,,,,,,,,,,,,,,,,,,,,,
86753091,2016-17,STU00268,FALL,20 and younger,First-Time,Full-Time,C,N,UK,Hispanic,H,M,B,Y,First-Time Full-Time,B,240101,4,3.81,13,12,34,34,0,0,0,0,N,R,NA,N,NA,N,,,NA,Y,NA,C,1,0,0,0,0,0,3,0,,N,,0,UK,-1,1,N,N,0,0,0,0,240101,,,,,,,,,,,,,,,,,,,,,,,
86753091,2017-18,STU00269,FALL,Older than 24,Transfer-In,Full-Time,C,C,,Asian,N,M,,N,Transfer-In Full-Time,03,422814,3.08,3.12,16,13,33,24,27,20,0,0,N,N,NA,NA,NA,NA,,,NA,NA,NA,NA,1,0,0,0,0,0,2,0,,C,,0,N,0,4,N,N,0,0,0,0,422814,,,,,,,,,,,,,,,,,,,,,,,
86753091,2016-17,STU00270,FALL,Older than 24,Transfer-In,Full-Time,C,C,,White,N,M,B,N,Transfer-In Full-Time,B,110701,4,4,17,17,25,25,30,30,18,15,N,N,NA,NA,NA,NA,,,NA,NA,NA,NA,1,1,0,0,0,0,1,1,,C,,0,N,0,4,N,Fall 2019,0,0,0,0,110701,,,PA,,,,,Associate's Colleges,,,,,Town/Rural,,,,,,,,,,
86753091,2016-17,STU00271,FALL,20 and younger,Transfer-In,Full-Time,N,R,,White,N,M,A,N,Transfer-In Full-Time,A,422814,3.11,3.48,13,12,0,0,0,0,0,0,R,R,N,Y,N,C,,2.04,N,NA,N,NA,0,0,0,0,0,0,1,0,,R,,0,N,0,4,N,N,0,0,0,0,422814,,,,,,,,,,,,,,,,,,,,,,,
86753091,2018-19,STU00272,FALL,Older than 24,First-Time,Part-Time,N,C,,Unknown,UK,F,C,N,First-Time Part-Time,02,261504,3.65,3.49,4,4,6,4,14,13,11,9,R,N,Y,NA,C,NA,3.6,,Y,NA,C,NA,1,1,0,0,0,0,4,2,,C,,0,UK,0,4,N,Spring 2020,0,0,0,0,261504,,,WA,,,,,,,,,,Suburb,,,,,,,,,,
86753091,2018-19,STU00273,FALL,Older than 24,First-Time,Part-Time,R,C,,Two or More Races,N,F,B,N,First-Time Part-Time,B,230101,2.44,2.61,5,4,19,14,14,12,10,9,R,N,Y,NA,NC,NA,F,,NA,NA,NA,NA,1,1,0,0,0,0,2,3,,C,,0,Y,0,-1,N,N,0,0,0,0,230101,,,PA,,,,,Master's Colleges & Universities,,,,,Urban,,,,,,,,,,
86753091,2020-21,STU00274,FALL,>20 - 24,First-Time,Full-Time,R,N,,Hispanic,H,M,B,UK,First-Time Full-Time,A,270101,3.23,3.45,17,17,28,23,0,0,0,0,R,R,Y,Y,C,C,3.15,3.34,NA,Y,NA,C,1,0,0,0,0,0,3,0,,N,,-1,N,-1,0,N,N,0,0,0,0,270101,,,,,,,,,,,,,,,,,,,,,,,
86753091,2016-17,STU00275,FALL,>20 - 24,Transfer-In,Full-Time,N,N,,White,N,F,B,N,Transfer-In Full-Time,03,510904,3.52,3.66,18,17,25,24,26,18,18,17,R,R,Y,Y,NC,C,W,P,Y,N,C,N,1,0,0,0,0,0,1,0,,N,First Year Success,1,UK,2,0,N,Fall 2019,0,0,0,0,510904,,,,,,,,,,,,,,,,,,,,,,,
86753091,2019-20,STU00276,FALL,>20 - 24,First-Time,Full-Time,N,R,UK,White,N,F,N,N,First-Time Full-Time,B,240101,2.95,3.05,14,10,27,21,28,22,36,30,R,R,Y,Y,D,C,F,3.29,Y,NA,C,NA,1,0,0,0,0,0,4,0,,R,First Year Success,0,N,0,4,N,N,0,0,0,0,240101,,,,,,,,,,,,,,,,,,,,,,,
86753091,2016-17,STU00277,SPRING,Older than 24,First-Time,Full-Time,C,N,,White,N,F,B,N,First-Time Full-Time,B,513899,2.02,2.27,13,8,0,0,0,0,0,0,N,R,NA,Y,NA,C,,2.08,NA,N,NA,N,0,0,0,0,0,0,1,0,,N,STEM Scholars 2019,1,N,0,2,N,N,0,0,0,0,513899,,,,,,,,,,,,,,,,,,,,,,,
86753091,2017-18,STU00278,FALL,>20 - 24,First-Time,Full-Time,C,C,,Black or African American,N,M,A,Y,First-Time Full-Time,A,240101,3.76,3.4,12,11,30,28,27,22,0,0,N,N,NA,NA,NA,NA,,,NA,NA,NA,NA,1,1,0,4,0,0,2,3,3.7,C,,0,N,1,2,N,N,0,4,0,0,240101,,,,,,,,Master's Colleges & Universities,,,,,Suburb,,,4,,,,4,,,
86753091,2019-20,STU00279,FALL,>20 - 24,First-Time,Part-Time,C,C,,Hispanic,H,F,A,UK,First-Time Part-Time,03,540101,2.8,2.75,9,8,10,7,16,16,0,0,N,N,NA,NA,NA,NA,,,NA,NA,NA,NA,1,1,0,0,0,0,5,1,,C,,0,N,2,-1,Y,Fall 2020,0,0,0,0,540101,,,VA,,,,,Doctoral Universities,,,,,Urban,,,,,,,,,,
86753091,2016-17,STU00280,FALL,20 and younger,First-Time,Full-Time,C,R,,White,N,F,A,UK,First-Time Full-Time,B,422814,3.48,3.76,17,16,31,27,21,19,32,29,N,R,NA,Y,NA,C,,1.78,NA,NA,NA,NA,1,0,0,0,0,0,1,0,,R,,2,N,0,4,Y,N,5,0,0,0,422814,,,,,,,,,,,,,,,,,,,,,,,
86753091,2020-21,STU00281,FALL,>20 - 24,First-Time,Full-Time,N,C,,White,N,M,N,N,First-Time Full-Time,B,110701,2.84,2.98,15,11,34,25,0,0,0,0,R,N,N,NA,N,NA,,,Y,NA,D,NA,1,1,0,0,0,0,3,3,,C,,2,N,0,3,Y,N,0,3,0,0,110701,,,VA,,,,,Doctoral Universities,,,,,Town/Rural,,,,,,,3,,,
86753091,2019-20,STU00282,FALL,Older than 24,Transfer-In,Part-Time,C,C,UK,Black or African American,N,F,N,Y,Transfer-In Part-Time,B,540101,3.83,3.19,9,8,0,0,0,0,0,0,N,N,NA,NA,NA,NA,,,NA,NA,NA,NA,0,0,0,0,0,0,1,0,,C,,0,N,0,4,N,N,0,0,0,0,540101,,,,,,,,,,,,,,,,,,,,,,,
86753091,2018-19,STU00283,FALL,20 and younger,First-Time,Full-Time,N,UK,,Hispanic,H,F,P,UK,First-Time Full-Time,03,270101,3.57,3.18,15,12,21,17,0,0,0,0,R,UK,Y,UK,C,UK,1.9,,Y,UK,C,UK,1,1,0,0,0,0,2,2,,UK,,0,N,0,3,N,N,0,0,0,0,270101,,,CA,,,,,Associate's Colleges,,,,,Suburb,,,,,,,,,,
86753091,2019-20,STU00284,FALL,>20 - 24,First-Time,Full-Time,UK,R,,White,N,F,N,Y,First-Time Full-Time,B,540101,2.44,2.24,16,10,33,26,30,22,22,16,UK,R,UK,Y,UK,C,,3.29,UK,NA,UK,NA,1,1,0,0,0,0,1,2,,R,,0,N,-1,0,N,N,0,0,0,0,540101,,,PA,,,,,Associate's Colleges,,,,,Town/Rural,,,,,,,,,,
86753091,2017-18,STU00285,FALL,Older than 24,First-Time,Full-Time,C,C,,Asian,N,F,B,N,First-Time Full-Time,B,420101,3.32,3.48,13,13,24,24,0,0,0,0,N,N,NA,NA,NA,NA,,,NA,NA,NA,NA,1,0,0,0,0,0,4,0,,C,,0,N,0,4,UK,N,0,0,0,0,420101,,,,,,,,,,,,,,,,,,,,,,,
86753091,2020-21,STU00286,SPRING,>20 - 24,First-Time,Part-Time,N,C,,White,N,M,N,N,First-Time Part-Time,02,510904,2.55,2.97,8,6,6,6,9,7,0,0,R,N,N,NA,N,NA,,,Y,NA,C,NA,1,0,0,0,0,0,3,0,,C,,1,N,0,2,N,Fall 2019,0,0,0,0,510904,,,,,,,,,,,,,,,,,,,,,,,
86753091,2019-20,STU00287,FALL,20 and younger,First-Time,Full-Time,N,R,,Black or African American,N,F,B,Y,First-Time Full-Time,03,422814,2.82,3.1,17,14,22,20,0,0,0,0,R,R,Y,Y,C,C,P,2.43,Y,NA,C,NA,1,0,0,0,0,0,2,0,,R,,1,N,-1,0,N,N,0,0,0,0,422814,,,,,,,,,,,,,,,,,,,,,,,
86753091,2016-17,STU00288,FALL,>20 - 24,First-Time,Full-Time,N,C,,White,N,F,P,UK,First-Time Full-Time,A,540101,2.42,1.95,14,10,24,16,23,20,24,18,R,N,Y,NA,C,NA,1.54,,Y,NA,D,NA,1,0,0,0,0,0,3,0,,C,,1,N,0,2,UK,N,0,0,0,0,540101,,,,,,,,,,,,,,,,,,,,,,,
86753091,2019-20,STU00289,FALL,>20 - 24,First-Time,Full-Time,C,R,,Hispanic,H,F,B,Y,First-Time Full-Time,02,131202,4,4,16,15,0,0,0,0,0,0,N,R,NA,Y,NA,C,,3.19,NA,NA,NA,NA,0,0,0,0,0,0,1,0,,R,,-1,N,0,4,N,N,0,0,0,0,131202,,,,,,,,,,,,,,,,,,,,,,,
86753091,2016-17,STU00290,SPRING,20 and younger,First-Time,Full-Time,N,C,UK,Hispanic,H,F,A,Y,First-Time Full-Time,B,270101,3.73,4,15,15,0,0,0,0,0,0,R,N,N,NA,N,NA,,,Y,NA,C,NA,0,0,0,0,0,0,1,0,,C,,6,P,0,3,N,N,0,0,0,0,270101,,,,,,,,,,,,,,,,,,,,,,,
86753091,2018-19,STU00291,FALL,Older than 24,First-Time,Full-Time,R,R,,Hispanic,H,M,,N,First-Time Full-Time,03,131202,3.03,3.07,13,13,29,21,24,21,0,0,R,R,UK,Y,UK,C,,3.44,NA,NA,NA,NA,1,1,0,0,0,0,2,1,,R,,0,UK,0,0,N,N,0,0,0,0,131202,,,MI,,,,,Master's Colleges & Universities,,,,,,,,,,,,,,,
86753091,2017-18,STU00292,FALL,Older than 24,First-Time,Full-Time,R,C,,White,N,F,B,N,First-Time Full-Time,A,131202,3.31,3.58,14,13,28,22,22,21,30,28,R,N,N,NA,N,NA,,,NA,NA,NA,NA,1,0,0,0,0,0,2,0,,C,,0,UK,0,1,N,Spring 2020,6,0,0,0,131202,,,,,,,,,,,,,,,,,,,,,,,
86753091,2018-19,STU00293,FALL,20 and younger,First-Time,Full-Time,R,N,SE,White,N,F,B,N,First-Time Full-Time,03,270101,3.19,2.81,12,11,28,18,32,24,32,16,R,R,N,N,N,N,,,NA,Y,NA,C,1,0,0,0,0,0,1,0,,N,,5,N,0,-1,N,N,0,0,0,0,270101,,,,,,,,,,,,,,,,,,,,,,,
86753091,2016-17,STU00294,FALL,Older than 24,Transfer-In,Full-Time,R,C,,Hispanic,H,F,N,Y,Transfer-In Full-Time,B,520201,1.94,2.15,12,11,28,24,0,0,0,0,R,N,Y,NA,C,NA,3.08,,NA,NA,NA,NA,1,1,0,0,0,0,5,0,,C,,5,N,0,2,N,Spring 2020,0,0,0,0,520201,,,NJ,,,,,,,,,,Town/Rural,,,,,,,,,,
86753091,2018-19,STU00295,SPRING,20 and younger,Transfer-In,Full-Time,C,C,,Hispanic,H,F,N,N,Transfer-In Full-Time,03,110701,3.69,3.66,16,16,32,21,24,19,0,0,N,N,NA,NA,NA,NA,,,NA,NA,NA,NA,1,0,0,0,0,0,2,0,,C,,-1,N,1,1,N,Spring 2021,0,0,0,0,110701,,,,,,,,,,,,,,,,,,,,,,,
86753091,2018-19,STU00296,FALL,20 and younger,First-Time,Full-Time,R,N,UK,White,N,M,B,N,First-Time Full-Time,B,420101,3.95,3.43,16,15,30,24,25,21,30,20,R,R,Y,Y,C,C,2.51,3.09,NA,Y,NA,C,1,1,0,0,0,3,3,2,,N,,2,N,0,0,N,N,0,0,0,3,420101,,GA,GA,,GA,,Doctoral Universities,Doctoral Universities,,Doctoral Universities,,,,,,,,3,,,,3,
86753091,2020-21,STU00297,FALL,20 and younger,First-Time,Full-Time,C,C,,Black or African American,N,M,B,N,First-Time Full-Time,B,110701,3.54,3.44,14,14,0,0,0,0,0,0,N,N,NA,NA,NA,NA,,,NA,NA,NA,NA,0,0,0,0,0,0,1,0,,C,,0,N,0,-1,N,Spring 2021,0,0,0,0,110701,,,,,,,,,,,,,,,,,,,,,,,
86753091,2018-19,STU00298,SPRING,20 and younger,Transfer-In,Full-Time,C,C,,Black or African American,N,F,P,Y,Transfer-In Full-Time,B,230101,3.11,2.08,17,12,0,0,0,0,0,0,N,N,NA,NA,NA,NA,,,NA,NA,NA,NA,0,0,0,0,0,0,1,0,,C,,1,N,0,-1,UK,N,0,0,0,0,230101,,,,,,,,,,,,,,,,,,,,,,,
86753091,2019-20,STU00299,FALL,>20 - 24,Transfer-In,Full-Time,C,UK,,Two or More Races,N,M,B,N,Transfer-In Full-Time,B,422814,3.27,2.72,16,15,27,22,0,0,0,0,N,UK,NA,UK,NA,UK,,,NA,UK,NA,UK,1,0,0,0,0,0,3,0,,UK,,0,N,0,-1,N,N,0,0,0,0,422814,,,,,,,,,,,,,,,,,,,,,,,
86753091,2020-21,STU00300,FALL,20 and younger,Transfer-In,Full-Time,N,C,,White,N,F,B,N,Transfer-In Full-Time,03,131202,3.29,3.22,14,11,28,27,29,26,28,25,R,N,Y,NA,C,NA,4,,Y,NA,C,NA,1,0,0,0,0,0,2,0,,C,,4,N,0,3,N,Fall 2020,0,2,0,0,131202,,,,,,,,,,,,,,,,,,,,2,,,
86753091,2020-21,STU00301,FALL,>20 - 24,Transfer-In,Full-Time,C,C,,White,N,M,B,N,Transfer-In Full-Time,B,261504,4,4,15,15,27,23,25,25,29,29,N,N,NA,NA,NA,NA,,,NA,NA,NA,NA,1,0,0,0,0,0,3,0,,C,,4,N,0,0,N,N,5,0,0,0,261504,,,,,,,,,,,,,,,,,,,,,,,
86753091,2016-17,STU00302,SPRING,>20 - 24,First-Time,Full-Time,UK,N,,Hispanic,H,F,B,Y,First-Time Full-Time,C1,513899,4,4,16,13,22,21,0,0,0,0,UK,R,UK,Y,UK,C,,2.64,UK,N,UK,N,1,0,0,0,0,0,2,0,,N,,3,N,0,2,N,N,0,0,0,0,513899,,,,,,,,,,,,,,,,,,,,,,,
86753091,2017-18,STU00303,FALL,20 and younger,Re-admit,Full-Time,C,C,,Hispanic,H,F,N,Y,Re-admit Full-Time,B,520201,3.3,3.74,19,19,22,18,24,23,23,20,N,N,NA,NA,NA,NA,,,NA,NA,NA,NA,1,0,0,0,0,0,5,0,,C,,5,Y,2,0,N,N,0,0,0,0,520201,,,,,,,,,,,,,,,,,,,,,,,
86753091,2020-21,STU00304,FALL,>20 - 24,First-Time,Full-Time,N,N,,Hispanic,H,F,C,N,First-Time Full-Time,B,230101,3.68,4,16,16,33,28,33,33,23,22,R,R,Y,Y,C,C,2.86,3.39,Y,Y,D,C,1,0,0,0,0,0,4,0,,N,,2,N,0,-1,N,N,0,0,0,0,230101,,,,,,,,,,,,,,,,,,,,,,,
86753091,2018-19,STU00305,SPRING,>20 - 24,Transfer-In,Full-Time,R,C,,Asian,N,F,N,N,Transfer-In Full-Time,B,420101,3.67,3.98,15,13,35,31,0,0,0,0,R,N,N,NA,N,NA,,,NA,NA,NA,NA,1,0,0,0,0,0,1,0,,C,,0,N,0,3,N,N,0,0,0,0,420101,,,,,,,,,,,,,,,,,,,,,,,
86753091,2016-17,STU00306,FALL,20 and younger,Transfer-In,Full-Time,C,C,,White,N,M,A,N,Transfer-In Full-Time,A,420101,3.93,3.89,15,14,29,29,0,0,0,0,N,N,NA,NA,NA,NA,,,NA,NA,NA,NA,1,1,0,0,0,0,1,2,,C,,1,N,0,-1,N,Spring 2021,0,0,0,0,420101,,,OH,,,,,Master's Colleges & Universities,,,,,,,,,,,,,,,
86753091,2018-19,STU00307,FALL,>20 - 24,Transfer-In,Full-Time,C,C,,White,N,M,B,N,Transfer-In Full-Time,B,240101,3.92,3.62,13,10,35,34,28,20,0,0,N,N,NA,NA,NA,NA,,,NA,NA,NA,NA,1,0,0,0,0,0,3,0,,C,,-1,N,1,0,N,N,0,0,0,0,240101,,,,,,,,,,,,,,,,,,,,,,,
86753091,2017-18,STU00308,FALL,>20 - 24,First-Time,Full-Time,C,C,,Black or African American,N,F,C,N,First-Time Full-Time,B,131202,4,3.77,15,12,27,23,0,0,0,0,N,N,NA,NA,NA,NA,,,NA,NA,NA,NA,1,0,0,0,0,0,1,0,,C,Bridge Program,1,N,2,3,N,N,0,0,0,0,131202,,,,,,,,,,,,,,,,,,,,,,,
86753091,2017-18,STU00309,FALL,20 and younger,Transfer-In,Full-Time,N,C,,White,N,M,,N,Transfer-In Full-Time,B,261504,3.16,3.05,12,10,32,32,33,24,0,0,R,N,Y,NA,D,NA,W,,N,NA,N,NA,1,0,0,0,0,0,3,0,,C,,0,N,-1,0,N,N,0,0,0,0,261504,,,,,,,,,,,,,,,,,,,,,,,
86753091,2017-18,STU00310,FALL,>20 - 24,Transfer-In,Full-Time,C,R,,Asian,N,M,C,N,Transfer-In Full-Time,03,261504,2.81,2.28,12,11,33,27,0,0,0,0,N,R,NA,Y,NA,C,,3.08,NA,NA,NA,NA,1,0,0,0,0,0,3,0,,R,,0,N,0,3,N,Fall 2020,4,0,0,0,261504,,,,,,,,,,,,,,,,,,,,,,,
86753091,2020-21,STU00311,SPRING,>20 - 24,First-Time,Full-Time,R,R,,Black or African American,N,M,B,UK,First-Time Full-Time,A,520201,3.42,3.7,15,14,25,25,0,0,0,0,R,R,Y,Y,C,C,3.21,3.62,NA,NA,NA,NA,1,0,0,0,0,0,2,0,,R,,2,N,0,3,UK,N,0,0,0,0,520201,,,,,,,,,,,,,,,,,,,,,,,
86753091,2016-17,STU00312,SPRING,>20 - 24,First-Time,Part-Time,N,N,,Asian,N,F,P,N,First-Time Part-Time,B,420101,1.97,2.16,14,9,11,8,0,0,0,0,R,R,Y,Y,C,C,2.97,P,N,Y,N,D,1,0,0,0,0,0,1,0,,N,,4,UK,0,3,N,N,0,0,0,0,420101,,,,,,,,,,,,,,,,,,,,,,,
86753091,2018-19,STU00313,FALL,>20 - 24,Transfer-In,Full-Time,R,C,,White,N,F,N,Y,Transfer-In Full-Time,C1,420101,2.09,2.22,18,11,22,17,22,19,27,15,R,N,Y,NA,C,NA,3.34,,NA,NA,NA,NA,1,0,0,2,0,0,3,0,2,C,,3,N,0,3,N,N,0,2,0,0,420101,,,,,,,,,,,,,,,,2,,,,2,,,
86753091,2019-20,STU00314,FALL,>20 - 24,First-Time,Full-Time,C,C,,Two or More Races,N,X,N,N,First-Time Full-Time,B,422814,3.56,3.73,16,16,28,24,31,31,34,21,N,N,NA,NA,NA,NA,,,NA,NA,NA,NA,1,0,0,0,0,0,3,0,,C,,5,N,0,0,N,N,0,0,0,0,422814,,,,,,,,,,,,,,,,,,,,,,,
86753091,2016-17,STU00315,FALL,>20 - 24,First-Time,Full-Time,N,C,,Asian,N,M,P,N,First-Time Full-Time,02,540101,2.51,2.87,14,10,33,28,26,18,33,28,R,N,Y,NA,C,NA,2.69,,Y,NA,C,NA,1,0,0,0,0,0,1,0,,C,,2,N,0,0,N,N,0,0,0,0,540101,,,,,,,,,,,,,,,,,,,,,,,
86753091,2016-17,STU00316,SPRING,>20 - 24,First-Time,Full-Time,C,C,,Hispanic,H,M,,Y,First-Time Full-Time,C1,520201,1.21,1.49,16,10,35,25,26,18,31,15,N,N,NA,NA,NA,NA,,,NA,NA,NA,NA,1,0,0,0,0,0,2,0,,C,,0,N,0,0,N,N,0,4,0,0,520201,,,,,,,,,,,,,,,,,,,,4,,,
86753091,2019-20,STU00317,SPRING,20 and younger,First-Time,Full-Time,C,C,DE,Hispanic,H,F,B,N,First-Time Full-Time,A,510904,4,4,13,12,0,0,0,0,0,0,N,N,NA,NA,NA,NA,,,NA,NA,NA,NA,0,0,0,0,0,0,1,0,,C,,6,N,0,4,Y,N,0,0,0,0,510904,,,,,,,,,,,,,,,,,,,,,,,
86753091,2018-19,STU00318,FALL,20 and younger,Transfer-In,Full-Time,C,C,,Asian,N,F,P,N,Transfer-In Full-Time,B,520201,3.02,3.86,15,13,29,25,0,0,0,0,N,N,NA,NA,NA,NA,,,NA,NA,NA,NA,1,0,0,0,0,0,1,0,,C,,0,N,0,-1,N,N,0,0,0,0,520201,,,,,,,,,,,,,,,,,,,,,,,
86753091,2018-19,STU00319,SPRING,20 and younger,First-Time,Part-Time,N,C,DE,Hispanic,H,M,A,Y,First-Time Part-Time,03,270101,3.33,3.74,11,8,15,13,14,13,17,14,R,N,Y,NA,NC,NA,F,,Y,NA,C,NA,1,1,0,0,0,0,3,2,,C,,4,N,0,0,N,Fall 2020,0,0,0,0,270101,,,OH,,,,,Associate's Colleges,,,,,Urban,,,,,,,,,,
86753091,2016-17,STU00320,SUMMER,20 and younger,Transfer-In,Full-Time,UK,C,,Hispanic,H,F,C,Y,Transfer-In Full-Time,B,513899,3.38,3.81,14,10,24,24,28,23,26,26,UK,N,UK,NA,UK,NA,,,UK,NA,UK,NA,1,0,0,2,0,0,3,0,2,C,,0,N,0,0,N,N,0,2,0,0,513899,,,,,,,,,,,,,,,,2,,,,2,,,
86753091,2020-21,STU00321,SPRING,>20 - 24,First-Time,Part-Time,C,N,,White,N,F,B,Y,First-Time Part-Time,A,520201,3.98,4,8,8,19,19,0,0,0,0,N,R,NA,Y,NA,C,,2.52,NA,Y,NA,C,1,0,0,0,0,0,2,0,,N,,0,N,0,-1,N,Fall 2020,0,0,0,0,520201,,,,,,,,,,,,,,,,,,,,,,,
86753091,2019-20,STU00322,FALL,20 and younger,First-Time,Full-Time,C,C,UK,Unknown,UK,F,B,Y,First-Time Full-Time,B,422814,3.7,3.26,17,14,30,23,28,22,27,19,N,N,NA,NA,NA,NA,,,NA,NA,NA,NA,1,0,0,2,0,0,1,0,1.4,C,,1,N,0,-1,N,N,4,2,0,0,422814,,,,,,,,,,,,,,,,2,,,,2,,,
86753091,2019-20,STU00323,FALL,>20 - 24,First-Time,Part-Time,C,C,UK,White,N,M,C,UK,First-Time Part-Time,03,131202,4,3.58,5,4,0,0,0,0,0,0,N,N,NA,NA,NA,NA,,,NA,NA,NA,NA,0,1,0,0,0,0,1,3,,C,,6,N,0,0,UK,N,0,0,0,0,131202,,,WA,,,,,Associate's Colleges,,,,,Urban,,,,,,,,,,
86753091,2019-20,STU00324,SPRING,20 and younger,Transfer-In,Full-Time,C,R,,Native Hawaiian or Other Pacific Islander,N,F,A,N,Transfer-In Full-Time,A,230101,4,4,17,17,31,31,25,25,25,23,N,R,NA,Y,NA,C,,3.38,NA,NA,NA,NA,1,0,0,2,0,0,4,0,1.7,R,,3,N,0,4,N,Spring 2021,0,2,0,0,230101,,,,,,,,,,,,,,,,2,,,,2,,,
86753091,2019-20,STU00325,FALL,>20 - 24,First-Time,Full-Time,N,C,,White,N,M,,Y,First-Time Full-Time,01,420101,1.96,2.52,15,12,26,18,25,15,0,0,R,N,Y,NA,NC,NA,F,,N,NA,N,NA,1,0,0,0,0,0,3,0,,C,,1,N,0,0,UK,N,0,0,0,0,420101,,,,,,,,,,,,,,,,,,,,,,,
86753091,2016-17,STU00326,FALL,>20 - 24,First-Time,Full-Time,R,C,,Black or African American,N,F,N,UK,First-Time Full-Time,B,422814,3.61,3.22,18,18,22,16,28,25,23,20,R,N,Y,NA,NC,NA,F,,NA,NA,NA,NA,1,0,0,0,0,0,3,0,,C,,1,N,0,3,N,N,0,2,0,0,422814,,,,,,,,,,,,,,,,,,,,2,,,
86753091,2016-17,STU00327,FALL,20 and younger,Transfer-In,Full-Time,C,C,,Hispanic,H,M,C,N,Transfer-In Full-Time,A,261504,3.09,2.94,14,10,32,25,32,27,23,21,N,N,NA,NA,NA,NA,,,NA,NA,NA,NA,1,0,0,0,0,0,2,0,,C,,1,N,0,0,N,Fall 2019,0,0,0,0,261504,,,,,,,,,,,,,,,,,,,,,,,
86753091,2020-21,STU00328,FALL,>20 - 24,First-Time,Part-Time,UK,N,,White,N,F,N,Y,First-Time Part-Time,B,422814,3.18,3.29,4,4,0,0,0,0,0,0,UK,R,UK,Y,UK,D,,W,UK,Y,UK,C,0,0,0,0,0,0,1,0,,N,,0,N,0,0,N,N,0,0,0,0,422814,,,,,,,,,,,,,,,,,,,,,,,
86753091,2017-18,STU00329,SPRING,20 and younger,First-Time,Full-Time,C,C,,White,N,M,C,N,First-Time Full-Time,B,261504,4,4,17,17,24,20,23,23,23,18,N,N,NA,NA,NA,NA,,,NA,NA,NA,NA,1,0,0,3,0,0,5,0,3.1,C,Bridge Program,3,N,0,2,N,Fall 2019,0,3,0,0,261504,,,,,,,,,,,,,,,,3,,,,3,,,
86753091,2020-21,STU00330,SUMMER,Older than 24,First-Time,Part-Time,C,R,,Unknown,UK,F,B,UK,First-Time Part-Time,A,420101,3.19,3.27,5,4,11,10,10,8,10,9,N,R,NA,Y,NA,D,,F,NA,NA,NA,NA,1,0,0,0,0,0,2,0,,R,,0,N,0,3,N,N,0,0,0,0,420101,,,,,,,,,,,,,,,,,,,,,,,
86753091,2020-21,STU00331,FALL,20 and younger,Transfer-In,Full-Time,C,C,,Hispanic,H,F,,N,Transfer-In Full-Time,B,131202,4,3.35,17,15,26,23,31,27,0,0,N,N,NA,NA,NA,NA,,,NA,NA,NA,NA,1,1,0,0,0,0,3,1,,C,,-1,N,0,-1,N,N,0,0,0,0,131202,,,FL,,,,,Associate's Colleges,,,,,Town/Rural,,,,,,,,,,
86753091,2016-17,STU00332,FALL,20 and younger,Transfer-In,Part-Time,C,N,,Hispanic,H,M,B,Y,Transfer-In Part-Time,B,270101,3.03,3.06,6,6,17,16,0,0,0,0,N,R,NA,Y,NA,NC,,W,NA,Y,NA,C,1,0,0,0,0,0,3,0,,N,Bridge Program,0,N,0,3,N,N,0,0,0,0,270101,,,,,,,,,,,,,,,,,,,,,,,
86753091,2017-18,STU00333,FALL,Older than 24,First-Time,Part-Time,C,R,,Hispanic,H,M,B,N,First-Time Part-Time,B,420101,3.6,3.73,11,10,10,8,11,8,0,0,N,R,NA,Y,NA,NC,,F,NA,NA,NA,NA,1,0,0,0,0,0,5,0,,R,,0,N,1,2,N,N,0,0,0,0,420101,,,,,,,,,,,,,,,,,,,,,,,
86753091,2016-17,STU00334,FALL,Older than 24,First-Time,Full-Time,C,C,,Asian,N,M,A,N,First-Time Full-Time,B,240101,3.53,3.38,13,11,0,0,0,0,0,0,N,N,NA,NA,NA,NA,,,NA,NA,NA,NA,0,0,0,0,0,0,1,0,,C,,0,N,0,-1,N,N,0,0,0,0,240101,,,,,,,,,,,,,,,,,,,,,,,
86753091,2018-19,STU00335,FALL,20 and younger,Transfer-In,Full-Time,C,C,,Hispanic,H,F,,N,Transfer-In Full-Time,B,510904,3.29,3.62,18,15,0,0,0,0,0,0,N,N,NA,NA,NA,NA,,,NA,NA,NA,NA,0,0,0,0,0,0,1,0,,C,,-1,N,0,2,N,Spring 2020,4,0,0,0,510904,,,,,,,,,,,,,,,,,,,,,,,
86753091,2017-18,STU00336,FALL,20 and younger,Transfer-In,Full-Time,C,C,,Black or African American,N,M,N,Y,Transfer-In Full-Time,B,261504,3.81,3.17,14,14,29,23,38,30,29,26,N,N,NA,NA,NA,NA,,,NA,NA,NA,NA,1,1,0,0,0,0,2,1,,C,STEM Scholars 2019,0,N,0,-1,N,N,4,0,0,0,261504,,,,,,,,Master's Colleges & Universities,,,,,,,,,,,,,,,
86753091,2016-17,STU00337,FALL,20 and younger,Transfer-In,Part-Time,C,C,,Hispanic,H,M,B,N,Transfer-In Part-Time,B,240101,3.39,2.83,9,8,13,10,17,12,12,6,N,N,NA,NA,NA,NA,,,NA,NA,NA,NA,1,0,0,0,0,0,2,0,,C,,1,N,0,4,N,N,4,0,0,0,240101,,,,,,,,,,,,,,,,,,,,,,,
86753091,2020-21,STU00338,SPRING,>20 - 24,Re-admit,Full-Time,C,N,,Hispanic,H,M,P,Y,Re-admit Full-Time,A,110701,2.48,2.45,18,14,29,26,23,20,27,20,N,R,NA,N,NA,N,,,NA,Y,NA,D,1,0,0,0,0,0,1,0,,N,,2,N,0,3,N,Spring 2021,0,0,0,0,110701,,,,,,,,,,,,,,,,,,,,,,,
86753091,2020-21,STU00339,FALL,20 and younger,Transfer-In,Full-Time,UK,C,,White,N,F,B,Y,Transfer-In Full-Time,B,513899,2.84,3.52,17,13,29,29,33,31,30,29,UK,N,UK,NA,UK,NA,,,UK,NA,UK,NA,1,1,0,0,0,2,1,2,,C,,5,UK,-1,-1,N,N,0,0,0,2,513899,,FL,FL,,FL,,Baccalaureate Colleges,Baccalaureate Colleges,,Baccalaureate Colleges,,Suburb,Suburb,,Suburb,,,2,,,,2,
86753091,2019-20,STU00340,SPRING,20 and younger,Transfer-In,Full-Time,N,N,,Nonresident alien,N,M,A,N,Transfer-In Full-Time,B,540101,4,3.9,15,14,27,25,29,28,0,0,R,R,Y,Y,C,C,1.86,3.31,Y,Y,C,C,1,0,0,0,0,0,1,0,,N,,0,N,0,3,N,N,0,0,0,0,540101,,,,,,,,,,,,,,,,,,,,,,,
86753091,2017-18,STU00341,WINTER,Older than 24,Transfer-In,Full-Time,R,N,,White,N,F,B,N,Transfer-In Full-Time,B,510904,2.84,3.26,20,14,24,21,0,0,0,0,R,R,N,Y,N,C,,1.81,NA,Y,NA,C,1,0,0,0,0,0,2,0,,N,,4,UK,0,2,N,N,0,0,0,0,510904,,,,,,,,,,,,,,,,,,,,,,,
86753091,2020-21,STU00342,FALL,20 and younger,Transfer-In,Full-Time,N,C,UK,Asian,N,X,P,Y,Transfer-In Full-Time,03,520201,2.25,2.17,16,10,0,0,0,0,0,0,R,N,Y,NA,C,NA,4,,Y,NA,D,NA,0,0,0,0,0,0,1,0,,C,STEM Scholars 2019,0,N,0,0,N,N,0,0,0,0,520201,,,,,,,,,,,,,,,,,,,,,,,
86753091,2018-19,STU00343,WINTER,>20 - 24,First-Time,Full-Time,C,C,,Hispanic,H,F,N,Y,First-Time Full-Time,B,270101,2.62,2.76,13,12,27,24,0,0,0,0,N,N,NA,NA,NA,NA,,,NA,NA,NA,NA,1,0,0,0,0,0,4,0,,C,,4,N,0,2,N,N,0,2,0,0,270101,,,,,,,,,,,,,,,,,,,,2,,,
86753091,2020-21,STU00344,FALL,20 and younger,Transfer-In,Full-Time,C,N,,White,N,M,B,N,Transfer-In Full-Time,B,520201,2.72,3.19,10,10,28,28,29,29,26,22,N,R,NA,N,NA,N,,,NA,Y,NA,D,1,0,0,0,0,0,3,0,,N,,0,N,0,-1,N,N,0,3,0,0,520201,,,,,,,,,,,,,,,,,,,,3,,,
86753091,2017-18,STU00345,SPRING,>20 - 24,Transfer-In,Part-Time,C,C,,Hispanic,H,M,A,Y,Transfer-In Part-Time,03,261504,3.66,4,4,4,12,12,0,0,0,0,N,N,NA,NA,NA,NA,,,NA,NA,NA,NA,1,1,0,0,0,0,1,2,,C,,0,N,0,0,Y,N,5,0,0,0,261504,,,AZ,,,,,Associate's Colleges,,,,,Town/Rural,,,,,,,,,,
86753091,2016-17,STU00346,FALL,Older than 24,Transfer-In,Full-Time,R,C,,White,N,F,B,N,Transfer-In Full-Time,B,110701,3.22,3.05,19,14,30,20,20,17,0,0,R,N,Y,NA,C,NA,1.28,,NA,NA,NA,NA,1,1,0,0,0,0,1,1,,C,,0,UK,2,2,N,Spring 2021,0,0,0,0,110701,,,VA,,,,,Doctoral Universities,,,,,Suburb,,,,,,,,,,
86753091,2018-19,STU00347,SPRING,20 and younger,Transfer-In,Full-Time,C,C,,White,N,F,N,UK,Transfer-In Full-Time,B,513899,4,3.53,13,10,25,23,29,24,31,27,N,N,NA,NA,NA,NA,,,NA,NA,NA,NA,1,0,0,2,0,0,4,0,2,C,,0,UK,2,3,N,N,0,2,0,0,513899,,,,,,,,,,,,,,,,2,,,,2,,,
86753091,2017-18,STU00348,FALL,20 and younger,First-Time,Full-Time,C,C,DS,Asian,N,F,,UK,First-Time Full-Time,02,230101,4,3.61,19,19,23,20,30,25,28,28,N,N,NA,NA,NA,NA,,,NA,NA,NA,NA,1,0,0,0,0,0,3,0,,C,,-1,N,0,3,UK,Spring 2020,0,0,0,0,230101,,,,,,,,,,,,,,,,,,,,,,,
86753091,2020-21,STU00349,FALL,>20 - 24,Transfer-In,Full-Time,C,C,,Hispanic,H,M,B,Y,Transfer-In Full-Time,03,131202,1.53,1.95,17,15,0,0,0,0,0,0,N,N,NA,NA,NA,NA,,,NA,NA,NA,NA,0,0,0,0,0,0,1,0,,C,,0,N,0,4,N,N,0,0,0,0,131202,,,,,,,,,,,,,,,,,,,,,,,
86753091,2018-19,STU00350,SPRING,>20 - 24,Transfer-In,Part-Time,N,N,,Hispanic,H,M,P,N,Transfer-In Part-Time,B,520201,3.13,2.56,6,4,16,9,16,16,0,0,R,R,N,Y,N,D,,I,Y,Y,C,D,1,0,0,0,0,0,3,0,,N,,0,N,0,4,Y,N,0,0,0,0,520201,,,,,,,,,,,,,,,,,,,,,,,
86753091,2018-19,STU00351,WINTER,20 and younger,Transfer-In,Part-Time,N,C,,White,N,M,N,N,Transfer-In Part-Time,B,110701,3.31,3.91,5,4,7,6,0,0,0,0,R,N,Y,NA,C,NA,3.19,,Y,NA,C,NA,1,1,0,0,0,0,3,2,,C,,2,N,0,2,N,N,0,0,0,0,110701,,,IL,,,,,Baccalaureate Colleges,,,,,Suburb,,,,,,,,,,
86753091,2016-17,STU00352,SPRING,20 and younger,Transfer-In,Full-Time,C,C,,Hispanic,H,F,,Y,Transfer-In Full-Time,B,510904,4,3.98,16,16,22,22,31,25,27,27,N,N,NA,NA,NA,NA,,,NA,NA,NA,NA,1,1,0,0,0,0,3,1,,C,,0,N,0,-1,Y,N,0,0,0,0,510904,,,,,,,,Associate's Colleges,,,,,Urban,,,,,,,,,,
86753091,2017-18,STU00353,FALL,20 and younger,First-Time,Full-Time,R,UK,,Hispanic,H,M,B,N,First-Time Full-Time,B,510904,2.77,3.43,14,11,26,23,35,35,23,19,R,UK,N,UK,N,UK,,,NA,UK,NA,UK,1,0,0,0,0,0,3,0,,UK,,0,N,0,-1,N,N,0,0,0,0,510904,,,,,,,,,,,,,,,,,,,,,,,
86753091,2019-20,STU00354,FALL,Older than 24,First-Time,Part-Time,N,N,,White,N,F,N,N,First-Time Part-Time,A,240101,3.57,3.95,9,9,17,17,17,16,0,0,R,R,Y,UK,C,UK,P,,Y,N,C,N,1,0,0,0,0,0,4,0,,N,,0,N,0,1,N,N,0,0,0,0,240101,,,,,,,,,,,,,,,,,,,,,,,
86753091,2018-19,STU00355,FALL,>20 - 24,First-Time,Full-Time,N,C,,White,N,M,A,N,First-Time Full-Time,B,270101,1.57,1.79,18,12,28,16,0,0,0,0,R,N,Y,NA,C,NA,3.21,,Y,NA,C,NA,1,0,0,0,0,0,2,0,,C,,1,N,0,3,N,N,6,0,0,0,270101,,,,,,,,,,,,,,,,,,,,,,,
86753091,2020-21,STU00356,SPRING,Older than 24,First-Time,Full-Time,C,C,,Asian,N,M,B,N,First-Time Full-Time,B,540101,2.78,3.78,17,17,21,20,0,0,0,0,N,N,NA,NA,NA,NA,,,NA,NA,NA,NA,1,0,0,0,0,0,2,0,,C,Bridge Program,2,N,0,2,N,N,0,0,0,0,540101,,,,,,,,,,,,,,,,,,,,,,,
86753091,2016-17,STU00357,FALL,>20 - 24,First-Time,Full-Time,N,C,,Asian,N,F,B,N,First-Time Full-Time,A,110701,2.81,3.2,17,17,0,0,0,0,0,0,R,N,Y,NA,NC,NA,F,,Y,NA,D,NA,0,1,0,0,0,0,1,1,,C,Bridge Program,1,N,0,4,UK,N,0,3,0,0,110701,,,TX,,,,,Doctoral Universities,,,,,Suburb,,,,,,,3,,,
86753091,2020-21,STU00358,SUMMER,20 and younger,First-Time,Full-Time,R,N,,White,N,F,,Y,First-Time Full-Time,B,131202,2.8,2.95,18,8,0,0,0,0,0,0,R,R,Y,Y,D,NC,W,I,NA,Y,NA,C,0,1,0,0,0,0,1,2,,N,,0,N,0,2,Y,N,0,0,0,0,131202,,,CA,,,,,,,,,,,,,,,,,,,,
86753091,2018-19,STU00359,FALL,20 and younger,First-Time,Full-Time,C,C,,Asian,N,M,B,Y,First-Time Full-Time,B,230101,2.91,3.38,12,12,30,29,34,29,0,0,N,N,NA,NA,NA,NA,,,NA,NA,NA,NA,1,0,0,0,0,0,3,0,,C,STEM Scholars 2019,0,N,-1,4,N,N,6,0,0,0,230101,,,,,,,,,,,,,,,,,,,,,,,
86753091,2017-18,STU00360,FALL,20 and younger,Transfer-In,Full-Time,R,N,,Black or African American,N,F,B,N,Transfer-In Full-Time,B,110701,4,3.86,16,15,31,26,33,33,28,19,R,R,N,Y,N,C,,1.99,NA,N,NA,N,1,1,0,0,4,0,4,1,,N,STEM Scholars 2019,0,P,0,2,N,Spring 2020,0,0,4,0,110701,PA,,PA,PA,,Associate's Colleges,,Associate's Colleges,Associate's Colleges,,Town/Rural,,Town/Rural,Town/Rural,,,,,,,,,
86753091,2017-18,STU00361,SPRING,Older than 24,Transfer-In,Part-Time,N,C,,White,N,F,,N,Transfer-In Part-Time,B,230101,2.98,3.25,3,3,8,7,19,18,19,13,R,N,N,NA,N,NA,,,Y,NA,D,NA,1,0,0,0,0,0,3,0,,C,,4,N,0,4,N,N,0,0,0,0,230101,,,,,,,,,,,,,,,,,,,,,,,
86753091,2018-19,STU00362,FALL,>20 - 24,First-Time,Part-Time,R,UK,UK,White,N,F,N,N,First-Time Part-Time,B,520201,2.81,2.36,8,6,13,8,0,0,0,0,R,UK,N,UK,N,UK,,,NA,UK,NA,UK,1,0,0,0,0,0,2,0,,UK,,0,N,0,3,N,N,0,0,0,0,520201,,,,,,,,,,,,,,,,,,,,,,,
86753091,2018-19,STU00363,FALL,>20 - 24,First-Time,Full-Time,C,N,,Nonresident alien,N,F,B,N,First-Time Full-Time,03,510904,3.34,2.99,13,10,0,0,0,0,0,0,N,R,NA,Y,NA,C,,4,NA,Y,NA,C,0,0,0,0,0,0,1,0,,N,,0,N,0,2,Y,N,4,0,0,0,510904,,,,,,,,,,,,,,,,,,,,,,,
86753091,2017-18,STU00364,FALL,>20 - 24,Re-admit,Full-Time,N,C,,Hispanic,H,M,B,UK,Re-admit Full-Time,B,513899,3.74,4,14,14,31,31,24,21,0,0,R,N,Y,NA,C,NA,3.43,,Y,NA,D,NA,1,0,0,0,0,0,2,0,,C,,0,N,0,-1,N,N,0,0,0,0,513899,,,,,,,,,,,,,,,,,,,,,,,
86753091,2020-21,STU00365,SPRING,>20 - 24,Transfer-In,Full-Time,C,C,,White,N,M,B,Y,Transfer-In Full-Time,03,261504,3.49,3.7,14,11,24,18,0,0,0,0,N,N,NA,NA,NA,NA,,,NA,NA,NA,NA,1,0,0,0,0,0,2,0,,C,,0,N,0,2,N,N,5,0,0,0,261504,,,,,,,,,,,,,,,,,,,,,,,
86753091,2018-19,STU00366,FALL,Older than 24,First-Time,Full-Time,C,R,,Hispanic,H,M,B,Y,First-Time Full-Time,C2,422814,2.63,3.07,14,8,25,19,28,23,0,0,N,R,NA,Y,NA,C,,2.52,NA,NA,NA,NA,1,1,0,0,0,0,2,2,,R,,0,N,0,1,N,N,0,0,0,0,422814,,,VA,,,,,Master's Colleges & Universities,,,,,Town/Rural,,,,,,,,,,
86753091,2017-18,STU00367,FALL,20 and younger,Transfer-In,Part-Time,C,C,,Hispanic,H,M,N,N,Transfer-In Part-Time,B,420101,4,3,8,5,9,8,0,0,0,0,N,N,NA,NA,NA,NA,,,NA,NA,NA,NA,1,0,0,0,0,0,3,0,,C,,-1,N,0,-1,N,N,0,0,0,0,420101,,,,,,,,,,,,,,,,,,,,,,,
86753091,2020-21,STU00368,SPRING,20 and younger,Re-admit,Full-Time,C,UK,,Hispanic,H,M,P,UK,Re-admit Full-Time,B,270101,2.58,2.17,17,11,30,20,0,0,0,0,N,UK,NA,UK,NA,UK,,,NA,UK,NA,UK,1,0,0,0,0,0,2,0,,UK,,0,N,0,0,N,N,0,0,0,0,270101,,,,,,,,,,,,,,,,,,,,,,,
86753091,2018-19,STU00369,FALL,20 and younger,Transfer-In,Full-Time,C,N,,Hispanic,H,F,B,N,Transfer-In Full-Time,B,540101,3.23,3.55,16,16,21,21,18,13,0,0,N,R,NA,Y,NA,C,,3.39,NA,Y,NA,D,1,1,0,0,5,3,3,2,,N,,0,P,0,3,N,N,4,3,5,3,540101,NJ,NJ,NJ,NJ,NJ,Baccalaureate Colleges,Baccalaureate Colleges,Baccalaureate Colleges,Baccalaureate Colleges,Baccalaureate Colleges,Suburb,Suburb,Suburb,Suburb,Suburb,,,3,,3,,3,
86753091,2017-18,STU00370,FALL,>20 - 24,First-Time,Full-Time,C,C,,Hispanic,H,M,N,N,First-Time Full-Time,B,230101,3.85,3.5,15,14,24,20,21,18,24,20,N,N,NA,NA,NA,NA,,,NA,NA,NA,NA,1,0,0,0,0,0,3,0,,C,,0,N,0,3,N,Fall 2020,0,3,0,0,230101,,,,,,,,,,,,,,,,,,,,3,,,
86753091,2020-21,STU00371,FALL,Older than 24,Re-admit,Part-Time,N,C,,White,N,M,B,N,Re-admit Part-Time,B,540101,3.24,3.29,6,5,19,15,17,16,15,13,R,N,Y,NA,C,NA,P,,Y,NA,D,NA,1,0,0,0,0,0,1,0,,C,,4,P,1,2,UK,N,0,0,0,0,540101,,,,,,,,,,,,,,,,,,,,,,,
86753091,2018-19,STU00372,FALL,>20 - 24,First-Time,Full-Time,C,N,,Unknown,UK,M,B,N,First-Time Full-Time,B,261504,2.4,2.77,17,9,31,27,0,0,0,0,N,R,NA,Y,NA,C,,2.76,NA,N,NA,N,1,0,0,0,0,0,1,0,,N,,-1,Y,0,3,N,N,0,0,0,0,261504,,,,,,,,,,,,,,,,,,,,,,,
86753091,2019-20,STU00373,FALL,Older than 24,Transfer-In,Full-Time,C,C,,Two or More Races,N,F,A,Y,Transfer-In Full-Time,03,510904,3.19,2.97,14,13,27,25,22,20,28,19,N,N,NA,NA,NA,NA,,,NA,NA,NA,NA,1,0,0,0,0,0,2,0,,C,,4,N,0,1,N,N,0,0,0,0,510904,,,,,,,,,,,,,,,,,,,,,,,
86753091,2019-20,STU00374,FALL,Older than 24,First-Time,Full-Time,R,N,,Asian,N,M,B,Y,First-Time Full-Time,B,513899,3.15,3.73,16,14,0,0,0,0,0,0,R,R,Y,Y,C,C,1.88,2.41,NA,N,NA,N,0,0,0,0,0,0,1,0,,N,,0,N,0,0,UK,N,0,0,0,0,513899,,,,,,,,,,,,,,,,,,,,,,,
86753091,2019-20,STU00375,FALL,20 and younger,First-Time,Full-Time,C,C,UK,White,N,M,N,Y,First-Time Full-Time,A,261504,2.66,1.95,15,10,30,27,0,0,0,0,N,N,NA,NA,NA,NA,,,NA,NA,NA,NA,1,1,0,0,0,0,1,2,,C,First Year Success,3,N,0,4,N,N,0,0,0,0,261504,,,FL,,,,,Master's Colleges & Universities,,,,,Suburb,,,,,,,,,,
86753091,2016-17,STU00376,FALL,>20 - 24,First-Time,Full-Time,N,C,,Two or More Races,N,F,,Y,First-Time Full-Time,A,540101,1.87,2.09,21,16,23,17,28,21,0,0,R,N,Y,NA,NC,NA,W,,Y,NA,D,NA,1,0,0,0,0,0,2,0,,C,,1,N,1,3,UK,Spring 2020,0,0,0,0,540101,,,,,,,,,,,,,,,,,,,,,,,
86753091,2019-20,STU00377,FALL,20 and younger,First-Time,Full-Time,R,C,,American Indian or Alaska Native,N,F,B,N,First-Time Full-Time,B,422814,3.02,2.43,13,9,26,17,31,28,0,0,R,N,Y,NA,C,NA,2.38,,NA,NA,NA,NA,1,0,0,0,0,0,3,0,,C,STEM Scholars 2019,4,N,0,2,N,Spring 2020,0,0,0,0,422814,,,,,,,,,,,,,,,,,,,,,,,
86753091,2019-20,STU00378,FALL,>20 - 24,Transfer-In,Full-Time,N,C,,Asian,N,F,A,UK,Transfer-In Full-Time,B,270101,3.29,3.53,13,13,35,34,0,0,0,0,R,N,UK,NA,UK,NA,,,Y,NA,C,NA,1,0,0,0,0,0,3,0,,C,,2,N,0,1,N,Fall 2019,0,3,0,0,270101,,,,,,,,,,,,,,,,,,,,3,,,
86753091,2017-18,STU00379,FALL,20 and younger,First-Time,Full-Time,N,C,DE,Asian,N,M,B,UK,First-Time Full-Time,B,510904,4,4,14,14,27,27,26,24,0,0,R,N,Y,NA,NC,NA,F,,Y,NA,D,NA,1,0,0,0,0,0,4,0,,C,First Year Success,-1,N,0,3,N,Fall 2019,4,0,0,0,510904,,,,,,,,,,,,,,,,,,,,,,,
86753091,2017-18,STU00380,FALL,20 and younger,Transfer-In,Full-Time,C,C,,Black or African American,N,M,B,Y,Transfer-In Full-Time,B,513899,3.11,2.82,15,12,26,22,31,26,24,20,N,N,NA,NA,NA,NA,,,NA,NA,NA,NA,1,0,0,0,0,0,3,0,,C,,-1,N,0,4,N,Fall 2019,0,0,0,0,513899,,,,,,,,,,,,,,,,,,,,,,,
86753091,2016-17,STU00381,FALL,>20 - 24,First-Time,Full-Time,C,N,,Black or African American,N,M,B,Y,First-Time Full-Time,B,540101,3.76,2.5,19,14,0,0,0,0,0,0,N,R,NA,Y,NA,C,,2.8,NA,Y,NA,C,0,0,0,0,0,0,1,0,,N,STEM Scholars 2019,5,P,0,0,N,N,0,0,0,0,540101,,,,,,,,,,,,,,,,,,,,,,,
86753091,2017-18,STU00382,FALL,20 and younger,First-Time,Full-Time,C,C,DE,White,N,M,B,N,First-Time Full-Time,B,540101,3.16,3.86,21,17,27,22,0,0,0,0,N,N,NA,NA,NA,NA,,,NA,NA,NA,NA,1,0,0,0,0,0,4,0,,C,,2,N,0,3,UK,N,0,0,0,0,540101,,,,,,,,,,,,,,,,,,,,,,,
86753091,2019-20,STU00383,SPRING,Older than 24,First-Time,Full-Time,R,N,,Unknown,UK,F,B,Y,First-Time Full-Time,03,422814,1.98,1.56,17,11,0,0,0,0,0,0,R,R,Y,Y,C,C,2.5,4,NA,N,NA,N,0,0,0,0,0,0,1,0,,N,,-1,N,-1,1,N,Spring 2021,5,0,0,0,422814,,,,,,,,,,,,,,,,,,,,,,,
86753091,2016-17,STU00384,FALL,20 and younger,First-Time,Full-Time,N,UK,,White,N,M,B,N,First-Time Full-Time,B,261504,0.64,1.32,14,7,0,0,0,0,0,0,R,UK,Y,UK,C,UK,3.25,,Y,UK,D,UK,0,0,0,0,0,0,1,0,,UK,,2,N,0,1,Y,N,0,0,0,0,261504,,,,,,,,,,,,,,,,,,,,,,,
86753091,2017-18,STU00385,FALL,>20 - 24,First-Time,Full-Time,C,N,,Black or African American,N,F,C,Y,First-Time Full-Time,02,261504,3.78,3.79,10,7,31,25,0,0,0,0,N,R,NA,N,NA,N,,,NA,Y,NA,D,1,0,0,0,0,0,2,0,,N,,0,N,0,3,N,Spring 2021,0,0,0,0,261504,,,,,,,,,,,,,,,,,,,,,,,
86753091,2018-19,STU00386,SUMMER,20 and younger,First-Time,Full-Time,R,C,,White,N,F,B,Y,First-Time Full-Time,03,520201,2.83,3.28,14,14,31,30,26,23,0,0,R,N,Y,NA,D,NA,W,,NA,NA,NA,NA,1,0,0,0,0,0,3,0,,C,,5,N,0,0,N,N,0,0,0,0,520201,,,,,,,,,,,,,,,,,,,,,,,
86753091,2016-17,STU00387,SPRING,Older than 24,First-Time,Full-Time,C,C,,Nonresident alien,N,F,A,UK,First-Time Full-Time,A,230101,4,3.82,14,11,23,20,16,11,0,0,N,N,NA,NA,NA,NA,,,NA,NA,NA,NA,1,1,0,0,0,0,4,2,,C,,-1,N,-1,2,N,N,0,0,0,0,230101,,,MI,,,,,Associate's Colleges,,,,,Town/Rural,,,,,,,,,,
86753091,2018-19,STU00388,FALL,20 and younger,First-Time,Full-Time,R,N,DE,White,N,F,N,N,First-Time Full-Time,B,240101,4,4,19,19,31,28,27,27,30,22,R,R,Y,Y,C,C,3.5,3.86,NA,Y,NA,C,1,1,0,0,0,0,3,1,,N,,0,N,1,3,N,Fall 2019,0,0,0,0,240101,,,AZ,,,,,Baccalaureate Colleges,,,,,Town/Rural,,,,,,,,,,
86753091,2016-17,STU00389,FALL,20 and younger,First-Time,Full-Time,R,C,,White,N,F,B,N,First-Time Full-Time,B,261504,2.2,2.14,16,12,23,17,27,18,24,17,R,N,Y,NA,NC,NA,W,,NA,NA,NA,NA,1,0,0,0,0,0,4,0,,C,,1,N,0,-1,N,N,0,0,0,0,261504,,,,,,,,,,,,,,,,,,,,,,,
86753091,2020-21,STU00390,FALL,20 and younger,First-Time,Full-Time,N,C,,White,N,M,N,N,First-Time Full-Time,B,240101,2.66,2.99,13,11,0,0,0,0,0,0,R,N,N,NA,N,NA,,,Y,NA,D,NA,0,1,0,0,0,0,1,1,,C,,1,N,0,0,N,N,5,0,0,0,240101,,,NC,,,,,,,,,,Town/Rural,,,,,,,,,,
86753091,2016-17,STU00391,FALL,>20 - 24,Re-admit,Part-Time,C,N,,White,N,F,N,N,Re-admit Part-Time,B,420101,3.02,3.38,9,7,18,14,0,0,0,0,N,R,NA,Y,NA,C,,2.18,NA,Y,NA,D,1,1,0,0,0,0,4,3,,N,,-1,N,0,0,N,N,0,0,0,0,420101,,,NC,,,,,Doctoral Universities,,,,,Suburb,,,,,,,,,,
86753091,2019-20,STU00392,SPRING,20 and younger,First-Time,Full-Time,C,C,DE,Hispanic,H,M,N,N,First-Time Full-Time,B,420101,3.35,4,14,11,33,26,27,24,0,0,N,N,NA,NA,NA,NA,,,NA,NA,NA,NA,1,1,0,0,6,0,5,2,,C,,1,Y,0,4,N,N,5,0,6,0,420101,GA,,GA,GA,,Master's Colleges & Universities,,Master's Colleges & Universities,Master's Colleges & Universities,,Town/Rural,,Town/Rural,Town/Rural,,,,,,,,,
86753091,2018-19,STU00393,FALL,>20 - 24,First-Time,Part-Time,C,C,,Unknown,UK,M,,UK,First-Time Part-Time,03,420101,3.05,3.17,7,6,19,18,0,0,0,0,N,N,NA,NA,NA,NA,,,NA,NA,NA,NA,1,0,0,0,0,0,3,0,,C,,0,Y,0,1,UK,Fall 2019,0,0,0,0,420101,,,,,,,,,,,,,,,,,,,,,,,
86753091,2016-17,STU00394,SUMMER,20 and younger,First-Time,Full-Time,C,R,,White,N,F,B,N,First-Time Full-Time,B,513899,2.79,2.72,14,12,23,15,0,0,0,0,N,R,NA,Y,NA,C,,2.85,NA,NA,NA,NA,1,0,0,0,0,0,2,0,,R,,4,N,0,0,N,N,0,0,0,0,513899,,,,,,,,,,,,,,,,,,,,,,,
86753091,2018-19,STU00395,FALL,Older than 24,First-Time,Full-Time,N,R,,Two or More Races,N,M,B,Y,First-Time Full-Time,03,230101,1.88,1.55,11,7,32,20,0,0,0,0,R,R,Y,Y,C,C,2.39,3.28,Y,NA,D,NA,1,0,0,0,0,0,1,0,,R,,3,N,1,1,N,N,0,0,0,0,230101,,,,,,,,,,,,,,,,,,,,,,,
86753091,2019-20,STU00396,FALL,>20 - 24,Re-admit,Part-Time,C,N,,Asian,N,F,B,N,Re-admit Part-Time,A,513899,2.68,2.82,8,8,10,7,13,12,17,17,N,R,NA,Y,NA,C,,2.66,NA,Y,NA,C,1,0,0,0,0,0,1,0,,N,,3,P,0,3,N,N,0,0,0,0,513899,,,,,,,,,,,,,,,,,,,,,,,
86753091,2020-21,STU00397,FALL,Older than 24,First-Time,Full-Time,C,R,,Hispanic,H,M,A,N,First-Time Full-Time,A,510904,3.64,3.36,10,7,34,30,0,0,0,0,N,R,NA,Y,NA,NC,,F,NA,NA,NA,NA,1,0,0,0,0,0,1,0,,R,,0,N,0,3,N,N,0,3,0,0,510904,,,,,,,,,,,,,,,,,,,,3,,,
86753091,2019-20,STU00398,SPRING,>20 - 24,Transfer-In,Full-Time,C,N,,Hispanic,H,F,B,N,Transfer-In Full-Time,B,422814,4,3.16,15,14,29,16,26,22,19,16,N,R,NA,Y,NA,C,,3.07,NA,Y,NA,C,1,1,0,3,0,0,4,1,3,N,,0,N,0,3,N,Spring 2020,0,3,0,0,422814,,,IL,,,,,Baccalaureate Colleges,,,,,Suburb,,,3,,,,3,,,
86753091,2016-17,STU00399,FALL,20 and younger,First-Time,Full-Time,C,N,UK,Two or More Races,N,M,,Y,First-Time Full-Time,B,540101,3.6,3.75,16,14,29,29,21,15,0,0,N,R,NA,Y,NA,C,,3.68,NA,Y,NA,D,1,0,0,0,0,0,3,0,,N,,2,N,0,-1,N,N,4,0,0,0,540101,,,,,,,,,,,,,,,,,,,,,,,
86753091,2017-18,STU00400,FALL,>20 - 24,First-Time,Full-Time,UK,UK,,White,N,M,,Y,First-Time Full-Time,03,540101,2.13,1.98,19,16,0,0,0,0,0,0,UK,UK,UK,UK,UK,UK,,,UK,UK,UK,UK,0,0,0,0,0,0,1,0,,UK,,0,N,0,3,N,N,6,0,0,0,540101,,,,,,,,,,,,,,,,,,,,,,,
86753091,2017-18,STU00401,FALL,>20 - 24,First-Time,Full-Time,N,N,,Asian,N,F,A,Y,First-Time Full-Time,02,261504,2.9,3.39,17,13,0,0,0,0,0,0,R,R,UK,Y,UK,D,,M,Y,N,C,N,0,0,0,0,0,0,1,0,,N,,0,N,0,0,N,N,0,0,0,0,261504,,,,,,,,,,,,,,,,,,,,,,,
86753091,2019-20,STU00402,SPRING,20 and younger,First-Time,Full-Time,C,UK,DE,White,N,M,B,Y,First-Time Full-Time,B,510904,3.48,3.73,16,12,23,19,27,27,0,0,N,UK,NA,UK,NA,UK,,,NA,UK,NA,UK,1,1,0,0,7,0,3,0,,UK,,4,N,0,0,N,N,5,2,7,0,510904,NC,,NC,NC,,Doctoral Universities,,Doctoral Universities,Doctoral Universities,,Urban,,Urban,Urban,,,,,,2,,,
86753091,2016-17,STU00403,FALL,20 and younger,First-Time,Part-Time,C,R,DE,Black or African American,N,M,B,Y,First-Time Part-Time,B,240101,4,4,4,4,18,17,0,0,0,0,N,R,NA,Y,NA,C,,3.31,NA,NA,NA,NA,1,0,0,0,0,0,2,0,,R,,0,N,0,4,N,N,0,0,0,0,240101,,,,,,,,,,,,,,,,,,,,,,,
86753091,2017-18,STU00404,FALL,Older than 24,First-Time,Full-Time,R,R,,Black or African American,N,M,C,Y,First-Time Full-Time,02,131202,3.04,3.53,16,14,26,26,26,19,0,0,R,R,Y,Y,C,D,1.69,F,NA,NA,NA,NA,1,0,0,0,0,0,2,0,,R,,0,N,0,-1,N,Fall 2020,0,0,0,0,131202,,,,,,,,,,,,,,,,,,,,,,,
86753091,2016-17,STU00405,WINTER,Older than 24,First-Time,Part-Time,N,C,,Unknown,UK,F,B,Y,First-Time Part-Time,C1,230101,4,2.92,7,7,11,10,18,14,16,12,R,N,Y,NA,C,NA,2.51,,Y,NA,C,NA,1,0,0,0,0,0,2,0,,C,,6,N,0,4,N,Spring 2020,0,0,0,0,230101,,,,,,,,,,,,,,,,,,,,,,,
86753091,2020-21,STU00406,SUMMER,Older than 24,First-Time,Full-Time,N,N,,Black or African American,N,M,A,N,First-Time Full-Time,A,540101,4,3.72,18,18,30,26,25,19,25,23,R,R,UK,N,UK,N,,,Y,Y,C,C,1,0,0,0,0,0,2,0,,N,STEM Scholars 2019,-1,UK,0,2,N,N,0,0,0,0,540101,,,,,,,,,,,,,,,,,,,,,,,
86753091,2020-21,STU00407,FALL,Older than 24,Transfer-In,Part-Time,R,C,,White,N,F,B,N,Transfer-In Part-Time,B,110701,4,3.52,10,9,0,0,0,0,0,0,R,N,Y,NA,D,NA,F,,NA,NA,NA,NA,0,0,0,0,0,0,1,0,,C,,1,N,0,1,UK,N,0,0,0,0,110701,,,,,,,,,,,,,,,,,,,,,,,
86753091,2016-17,STU00408,FALL,20 and younger,First-Time,Full-Time,C,C,,Hispanic,H,F,,Y,First-Time Full-Time,B,520201,3.75,4,12,12,25,22,29,29,0,0,N,N,NA,NA,NA,NA,,,NA,NA,NA,NA,1,0,0,0,0,0,1,0,,C,,2,N,0,-1,N,Fall 2020,0,0,0,0,520201,,,,,,,,,,,,,,,,,,,,,,,
86753091,2019-20,STU00409,FALL,>20 - 24,First-Time,Full-Time,N,R,,Hispanic,H,F,A,Y,First-Time Full-Time,C1,513899,2.25,2.21,17,11,29,17,27,17,0,0,R,R,Y,Y,D,C,W,3.36,Y,NA,C,NA,1,0,0,0,0,0,3,0,,R,,2,N,-1,0,N,N,4,0,0,0,513899,,,,,,,,,,,,,,,,,,,,,,,
86753091,2017-18,STU00410,SPRING,20 and younger,Transfer-In,Full-Time,C,C,,Black or African American,N,F,A,N,Transfer-In Full-Time,B,240101,2.75,2.87,12,11,0,0,0,0,0,0,N,N,NA,NA,NA,NA,,,NA,NA,NA,NA,0,1,0,0,0,0,1,2,,C,,0,N,0,4,N,Spring 2020,0,2,0,0,240101,,,OH,,,,,Baccalaureate Colleges,,,,,,,,,,,,2,,,
86753091,2019-20,STU00411,SUMMER,20 and younger,First-Time,Full-Time,R,C,,Hispanic,H,F,B,Y,First-Time Full-Time,B,520201,4,4,12,12,26,26,39,37,30,30,R,N,Y,NA,C,NA,1.92,,NA,NA,NA,NA,1,1,0,4,0,0,4,1,4.1,C,,0,N,0,3,N,Fall 2019,0,4,0,0,520201,,,VA,,,,,,,,,,,,,4,,,,4,,,
86753091,2019-20,STU00412,FALL,>20 - 24,First-Time,Full-Time,C,N,,Hispanic,H,F,B,Y,First-Time Full-Time,A,110701,4,3.91,14,14,34,31,28,21,28,28,N,R,NA,Y,NA,C,,P,NA,N,NA,N,1,1,0,0,0,0,3,2,,N,,0,N,2,0,UK,N,0,0,0,0,110701,,,,,,,,Master's Colleges & Universities,,,,,Suburb,,,,,,,,,,
86753091,2016-17,STU00413,FALL,20 and younger,Transfer-In,Full-Time,C,C,UK,Hispanic,H,M,P,Y,Transfer-In Full-Time,B,110701,2.93,2.91,15,11,0,0,0,0,0,0,N,N,NA,NA,NA,NA,,,NA,NA,NA,NA,0,0,0,0,0,0,1,0,,C,,-1,N,0,-1,N,N,0,0,0,0,110701,,,,,,,,,,,,,,,,,,,,,,,
86753091,2019-20,STU00414,FALL,Older than 24,First-Time,Full-Time,C,C,,Two or More Races,N,M,B,N,First-Time Full-Time,01,513899,3.88,3.39,15,12,0,0,0,0,0,0,N,N,NA,NA,NA,NA,,,NA,NA,NA,NA,0,0,0,0,0,0,1,0,,C,,-1,N,0,2,N,N,0,0,0,0,513899,,,,,,,,,,,,,,,,,,,,,,,
86753091,2018-19,STU00415,FALL,>20 - 24,First-Time,Full-Time,N,C,,White,N,F,N,N,First-Time Full-Time,A,422814,1.92,2.46,10,8,30,24,0,0,0,0,R,N,Y,NA,C,NA,2.81,,Y,NA,C,NA,1,0,0,0,0,0,2,0,,C,,0,N,0,3,N,N,0,0,0,0,422814,,,,,,,,,,,,,,,,,,,,,,,
86753091,2017-18,STU00416,FALL,20 and younger,Transfer-In,Full-Time,C,C,,Hispanic,H,M,N,UK,Transfer-In Full-Time,B,230101,3.89,3.66,19,14,30,28,0,0,0,0,N,N,NA,NA,NA,NA,,,NA,NA,NA,NA,1,0,0,0,0,0,4,0,,C,,3,P,0,0,UK,N,0,2,0,0,230101,,,,,,,,,,,,,,,,,,,,2,,,
86753091,2020-21,STU00417,FALL,>20 - 24,First-Time,Part-Time,N,C,,White,N,F,C,UK,First-Time Part-Time,B,270101,2.47,3.05,10,9,17,15,24,18,13,11,R,N,Y,NA,D,NA,M,,Y,NA,D,NA,1,0,0,0,0,0,5,0,,C,,0,N,0,-1,N,N,0,0,0,0,270101,,,,,,,,,,,,,,,,,,,,,,,
86753091,2020-21,STU00418,FALL,20 and younger,First-Time,Full-Time,R,C,DE,Two or More Races,N,M,B,N,First-Time Full-Time,B,110701,3.55,2.87,15,15,21,15,0,0,0,0,R,N,N,NA,N,NA,,,NA,NA,NA,NA,1,0,0,0,0,0,5,0,,C,,0,N,-1,3,Y,N,0,0,0,0,110701,,,,,,,,,,,,,,,,,,,,,,,
86753091,2019-20,STU00419,FALL,>20 - 24,First-Time,Full-Time,C,UK,,Asian,N,F,B,N,First-Time Full-Time,A,131202,4,3.93,15,12,26,25,0,0,0,0,N,UK,NA,UK,NA,UK,,,NA,UK,NA,UK,1,1,0,0,0,0,5,2,,UK,First Year Success,-1,UK,0,0,N,N,0,0,0,0,131202,,,NC,,,,,Doctoral Universities,,,,,,,,,,,,,,,
86753091,2016-17,STU00420,SUMMER,Older than 24,Transfer-In,Part-Time,R,C,,Black or African American,N,F,B,N,Transfer-In Part-Time,B,131202,4,4,10,10,16,15,2,2,0,0,R,N,Y,NA,D,NA,F,,NA,NA,NA,NA,1,0,0,0,0,0,5,0,,C,,0,N,0,1,N,N,5,0,0,0,131202,,,,,,,,,,,,,,,,,,,,,,,
86753091,2017-18,STU00421,FALL,Older than 24,Transfer-In,Full-Time,N,R,,Asian,N,F,B,N,Transfer-In Full-Time,B,240101,2.93,3.66,17,14,31,26,0,0,0,0,R,R,N,Y,N,D,,F,Y,NA,D,NA,1,1,0,0,0,0,5,2,,R,First Year Success,0,N,0,4,UK,Spring 2021,0,0,0,0,240101,,,NC,,,,,Associate's Colleges,,,,,Suburb,,,,,,,,,,
86753091,2020-21,STU00422,FALL,>20 - 24,First-Time,Full-Time,N,C,,Two or More Races,N,M,B,N,First-Time Full-Time,B,270101,1.02,1.76,13,6,32,29,27,16,0,0,R,N,Y,NA,C,NA,A,,N,NA,N,NA,1,0,0,0,0,0,2,0,,C,,6,N,0,3,N,Spring 2020,4,0,0,0,270101,,,,,,,,,,,,,,,,,,,,,,,
86753091,2016-17,STU00423,SPRING,Older than 24,First-Time,Full-Time,R,C,,Hispanic,H,F,A,N,First-Time Full-Time,B,540101,2.81,3.33,17,15,28,22,34,32,31,23,R,N,UK,NA,UK,NA,,,NA,NA,NA,NA,1,0,0,0,0,0,1,0,,C,,0,N,0,3,N,N,0,0,0,0,540101,,,,,,,,,,,,,,,,,,,,,,,
86753091,2016-17,STU00424,FALL,20 and younger,Transfer-In,Full-Time,C,R,,Two or More Races,N,M,,N,Transfer-In Full-Time,B,540101,2.98,2.7,15,10,25,25,0,0,0,0,N,R,NA,Y,NA,C,,3.5,NA,NA,NA,NA,1,1,0,0,0,0,2,2,,R,,0,N,0,3,N,N,0,3,0,0,540101,,,,,,,,Doctoral Universities,,,,,Suburb,,,,,,,3,,,
86753091,2018-19,STU00425,FALL,Older than 24,Transfer-In,Full-Time,N,R,,Hispanic,H,M,B,N,Transfer-In Full-Time,02,230101,3.2,3.45,14,14,0,0,0,0,0,0,R,R,N,Y,N,C,,3.69,N,NA,N,NA,0,1,0,0,0,4,1,1,,R,,0,N,0,1,N,Fall 2019,0,0,0,4,230101,,WA,WA,,WA,,Baccalaureate Colleges,Baccalaureate Colleges,,Baccalaureate Colleges,,Town/Rural,Town/Rural,,Town/Rural,,,4,,,,4,
86753091,2019-20,STU00426,FALL,20 and younger,Transfer-In,Full-Time,N,C,,Asian,N,F,N,Y,Transfer-In Full-Time,C2,520201,3.47,3.06,15,15,27,23,0,0,0,0,R,N,N,NA,N,NA,,,Y,NA,D,NA,1,0,0,0,0,0,3,0,,C,,0,N,0,2,Y,N,0,0,0,0,520201,,,,,,,,,,,,,,,,,,,,,,,
86753091,2020-21,STU00427,FALL,20 and younger,First-Time,Full-Time,C,C,,Asian,N,F,B,Y,First-Time Full-Time,B,520201,3.84,3.9,14,13,20,20,32,27,36,27,N,N,NA,NA,NA,NA,,,NA,NA,NA,NA,1,1,0,0,0,4,3,1,,C,,4,N,0,0,N,Spring 2020,0,0,0,4,520201,,VA,VA,,VA,,Associate's Colleges,Associate's Colleges,,Associate's Colleges,,,,,,,,4,,,,4,
86753091,2019-20,STU00428,SUMMER,Older than 24,Transfer-In,Part-Time,C,C,,Hispanic,H,M,B,N,Transfer-In Part-Time,B,110701,3.94,4,14,14,15,14,0,0,0,0,N,N,NA,NA,NA,NA,,,NA,NA,NA,NA,1,1,0,0,0,0,2,3,,C,,6,N,0,1,UK,N,0,0,0,0,110701,,,NY,,,,,Baccalaureate Colleges,,,,,Suburb,,,,,,,,,,
86753091,2020-21,STU00429,FALL,Older than 24,First-Time,Part-Time,N,N,,Black or African American,N,F,,N,First-Time Part-Time,03,520201,4,3.55,10,9,13,10,15,14,14,12,R,R,Y,Y,C,C,2.06,1.98,Y,Y,D,D,1,0,0,0,0,0,3,0,,N,,0,N,0,4,Y,Spring 2020,0,0,0,0,520201,,,,,,,,,,,,,,,,,,,,,,,
86753091,2016-17,STU00430,FALL,>20 - 24,Transfer-In,Full-Time,N,C,UK,Hispanic,H,F,P,Y,Transfer-In Full-Time,02,131202,1.23,1.36,13,6,29,23,25,13,0,0,R,N,Y,NA,D,NA,I,,Y,NA,C,NA,1,1,0,0,0,0,2,2,,C,STEM Scholars 2019,0,N,0,3,N,N,0,0,0,0,131202,,,PA,,,,,Baccalaureate Colleges,,,,,Town/Rural,,,,,,,,,,
86753091,2018-19,STU00431,FALL,20 and younger,First-Time,Full-Time,C,C,,White,N,F,B,N,First-Time Full-Time,B,520201,2.95,3.17,16,12,24,19,27,19,0,0,N,N,NA,NA,NA,NA,,,NA,NA,NA,NA,1,0,0,0,0,0,3,0,,C,,6,N,0,4,N,N,0,0,0,0,520201,,,,,,,,,,,,,,,,,,,,,,,
86753091,2017-18,STU00432,SUMMER,20 and younger,First-Time,Full-Time,C,C,,White,N,F,B,N,First-Time Full-Time,B,422814,4,4,13,11,30,24,26,26,26,26,N,N,NA,NA,NA,NA,,,NA,NA,NA,NA,1,0,0,0,0,0,1,0,,C,,0,N,0,3,N,Spring 2020,4,0,0,0,422814,,,,,,,,,,,,,,,,,,,,,,,
86753091,2016-17,STU00433,FALL,20 and younger,Transfer-In,Part-Time,N,C,,Hispanic,H,M,B,Y,Transfer-In Part-Time,03,131202,2.21,2.74,8,8,0,0,0,0,0,0,R,N,Y,NA,C,NA,P,,Y,NA,C,NA,0,0,0,0,0,0,1,0,,C,,0,N,0,3,N,N,0,0,0,0,131202,,,,,,,,,,,,,,,,,,,,,,,
86753091,2016-17,STU00434,SPRING,>20 - 24,First-Time,Full-Time,C,N,,Two or More Races,N,F,B,Y,First-Time Full-Time,B,422814,2.33,2.05,15,12,35,31,29,19,0,0,N,R,NA,UK,NA,UK,,,NA,Y,NA,C,1,1,0,0,0,0,4,3,,N,,3,UK,0,-1,UK,N,5,2,0,0,422814,,,,,,,,Baccalaureate Colleges,,,,,Town/Rural,,,,,,,2,,,
86753091,2018-19,STU00435,FALL,20 and younger,Transfer-In,Full-Time,N,C,,Asian,N,M,A,N,Transfer-In Full-Time,B,513899,1.93,2.99,14,14,22,14,31,24,0,0,R,N,N,NA,N,NA,,,Y,NA,D,NA,1,1,0,0,0,2,4,1,,C,,4,UK,0,2,Y,Spring 2020,0,0,0,2,513899,,NC,NC,,NC,,Master's Colleges & Universities,Master's Colleges & Universities,,Master's Colleges & Universities,,Town/Rural,Town/Rural,,Town/Rural,,,2,,,,2,
86753091,2020-21,STU00436,WINTER,20 and younger,Transfer-In,Full-Time,C,C,,Hispanic,H,M,,UK,Transfer-In Full-Time,B,270101,2.14,2.4,13,10,29,21,0,0,0,0,N,N,NA,NA,NA,NA,,,NA,NA,NA,NA,1,1,0,0,0,0,1,2,,C,,6,UK,0,2,N,N,0,0,0,0,270101,,,,,,,,Master's Colleges & Universities,,,,,Town/Rural,,,,,,,,,,
86753091,2019-20,STU00437,FALL,>20 - 24,First-Time,Full-Time,UK,N,,Hispanic,H,M,N,N,First-Time Full-Time,B,230101,1.8,2.71,13,10,0,0,0,0,0,0,UK,R,UK,Y,UK,C,,P,UK,N,UK,N,0,0,0,0,0,0,1,0,,N,First Year Success,1,N,0,-1,Y,N,0,0,0,0,230101,,,,,,,,,,,,,,,,,,,,,,,
86753091,2016-17,STU00438,SPRING,>20 - 24,First-Time,Full-Time,N,N,,Two or More Races,N,F,P,N,First-Time Full-Time,B,422814,3.03,3.48,11,11,29,26,24,20,21,18,R,R,Y,Y,C,C,2.34,2.53,Y,Y,C,C,1,0,0,0,0,0,2,0,,N,,-1,N,0,3,UK,Fall 2019,0,0,0,0,422814,,,,,,,,,,,,,,,,,,,,,,,
86753091,2017-18,STU00439,FALL,Older than 24,First-Time,Part-Time,N,N,,Black or African American,N,M,P,N,First-Time Part-Time,B,513899,2.97,3.19,5,4,15,11,16,14,13,13,R,R,Y,Y,D,C,W,2.93,N,Y,N,C,1,1,0,0,0,0,3,3,,N,,2,N,0,4,N,N,0,0,0,0,513899,,,GA,,,,,Doctoral Universities,,,,,,,,,,,,,,,
86753091,2020-21,STU00440,FALL,20 and younger,Transfer-In,Full-Time,C,C,UK,White,N,M,A,N,Transfer-In Full-Time,B,520201,3.54,3.83,13,13,27,27,34,34,19,18,N,N,NA,NA,NA,NA,,,NA,NA,NA,NA,1,0,0,0,0,0,2,0,,C,,0,UK,0,3,N,N,0,0,0,0,520201,,,,,,,,,,,,,,,,,,,,,,,
86753091,2018-19,STU00441,FALL,20 and younger,First-Time,Full-Time,C,C,,Hispanic,H,F,N,Y,First-Time Full-Time,B,240101,3.03,2.97,16,14,29,19,26,22,24,15,N,N,NA,NA,NA,NA,,,NA,NA,NA,NA,1,0,0,0,0,0,2,0,,C,First Year Success,0,N,0,2,Y,N,0,0,0,0,240101,,,,,,,,,,,,,,,,,,,,,,,
86753091,2020-21,STU00442,FALL,20 and younger,Transfer-In,Full-Time,N,C,,White,N,F,A,Y,Transfer-In Full-Time,B,422814,2.06,1.9,18,10,28,22,25,15,0,0,R,N,Y,NA,C,NA,1.99,,Y,NA,C,NA,1,0,0,0,0,0,3,0,,C,,3,N,0,2,N,N,0,0,0,0,422814,,,,,,,,,,,,,,,,,,,,,,,
86753091,2016-17,STU00443,FALL,20 and younger,First-Time,Full-Time,R,C,,Asian,N,M,B,N,First-Time Full-Time,B,540101,4,3.25,9,8,34,32,25,16,34,29,R,N,Y,NA,C,NA,3.06,,NA,NA,NA,NA,1,1,0,0,0,0,4,0,,C,,3,N,0,0,N,N,0,0,0,0,540101,,,GA,,,,,Doctoral Universities,,,,,Urban,,,,,,,,,,
86753091,2019-20,STU00444,FALL,Older than 24,First-Time,Full-Time,R,C,,Two or More Races,N,M,N,N,First-Time Full-Time,03,540101,2.33,2.14,10,7,22,10,0,0,0,0,R,N,UK,NA,UK,NA,,,NA,NA,NA,NA,1,0,0,0,0,0,3,0,,C,,0,P,1,1,N,N,5,0,0,0,540101,,,,,,,,,,,,,,,,,,,,,,,
86753091,2020-21,STU00445,SPRING,Older than 24,Transfer-In,Full-Time,C,N,,Hispanic,H,M,B,N,Transfer-In Full-Time,B,510904,2.64,2.62,21,13,35,35,21,17,22,16,N,R,NA,Y,NA,C,,2.38,NA,Y,NA,C,1,0,0,0,0,0,4,0,,N,,5,N,0,3,Y,N,0,0,0,0,510904,,,,,,,,,,,,,,,,,,,,,,,
86753091,2016-17,STU00446,FALL,20 and younger,First-Time,Full-Time,C,C,,Hispanic,H,F,P,N,First-Time Full-Time,B,110701,4,4,14,11,30,29,28,28,32,26,N,N,NA,NA,NA,NA,,,NA,NA,NA,NA,1,1,0,2,0,0,1,1,1.9,C,,0,N,0,0,N,N,0,2,0,0,110701,,,IL,,,,,Associate's Colleges,,,,,Town/Rural,,,2,,,,2,,,
86753091,2018-19,STU00447,SUMMER,20 and younger,First-Time,Full-Time,C,R,,Black or African American,N,F,B,N,First-Time Full-Time,B,513899,2.18,2.52,14,13,31,20,23,17,27,18,N,R,NA,Y,NA,D,,M,NA,NA,NA,NA,1,0,0,2,0,0,2,0,1.6,R,,0,UK,0,4,N,Fall 2019,4,2,0,0,513899,,,,,,,,,,,,,,,,2,,,,2,,,
86753091,2016-17,STU00448,FALL,20 and younger,First-Time,Full-Time,C,N,,White,N,M,B,N,First-Time Full-Time,B,110701,4,3.32,18,17,29,29,24,24,30,30,N,R,NA,Y,NA,C,,2.48,NA,N,NA,N,1,0,0,4,0,0,4,0,4.2,N,,0,Y,0,3,N,Spring 2020,0,4,0,0,110701,,,,,,,,,,,,,,,,4,,,,4,,,
86753091,2016-17,STU00449,SPRING,20 and younger,First-Time,Full-Time,C,C,,Two or More Races,N,F,B,Y,First-Time Full-Time,B,422814,3.44,3.02,11,9,29,22,26,25,26,22,N,N,NA,NA,NA,NA,,,NA,NA,NA,NA,1,0,0,3,0,0,3,0,3.5,C,,1,N,-1,0,UK,Spring 2020,0,3,0,0,422814,,,,,,,,,,,,,,,,3,,,,3,,,
86753091,2020-21,STU00450,SUMMER,>20 - 24,Transfer-In,Full-Time,C,N,,Black or African American,N,F,A,Y,Transfer-In Full-Time,B,230101,2.95,3.59,19,17,30,27,0,0,0,0,N,R,NA,Y,NA,C,,2.11,NA,Y,NA,D,1,0,0,0,0,0,2,0,,N,,4,N,0,2,N,Spring 2020,5,0,0,0,230101,,,,,,,,,,,,,,,,,,,,,,,
86753091,2018-19,STU00451,FALL,>20 - 24,First-Time,Full-Time,N,C,,White,N,F,,UK,First-Time Full-Time,B,420101,2.85,3.47,15,15,24,22,29,23,33,22,R,N,Y,NA,D,NA,F,,Y,NA,C,NA,1,0,0,0,0,0,3,0,,C,,4,N,0,4,UK,N,5,0,0,0,420101,,,,,,,,,,,,,,,,,,,,,,,
86753091,2020-21,STU00452,FALL,20 and younger,Transfer-In,Full-Time,C,C,UK,White,N,M,B,N,Transfer-In Full-Time,B,110701,4,4,15,12,28,28,0,0,0,0,N,N,NA,NA,NA,NA,,,NA,NA,NA,NA,1,1,0,0,0,0,2,1,,C,,0,N,0,2,N,Spring 2020,0,0,0,0,110701,,,,,,,,Doctoral Universities,,,,,,,,,,,,,,,
86753091,2019-20,STU00453,FALL,>20 - 24,First-Time,Full-Time,R,N,,Nonresident alien,N,F,N,Y,First-Time Full-Time,A,230101,3.58,3.3,17,14,25,24,28,25,0,0,R,R,Y,N,D,N,F,,NA,N,NA,N,1,0,0,0,0,0,2,0,,N,STEM Scholars 2019,3,N,0,2,N,N,0,0,0,0,230101,,,,,,,,,,,,,,,,,,,,,,,
86753091,2016-17,STU00454,SUMMER,>20 - 24,First-Time,Full-Time,C,R,,Black or African American,N,M,A,Y,First-Time Full-Time,A,520201,3.45,3.1,13,9,32,30,23,14,37,33,N,R,NA,Y,NA,C,,2.9,NA,NA,NA,NA,1,0,0,2,0,0,3,0,1.5,R,,2,N,0,-1,N,Spring 2020,0,2,0,0,520201,,,,,,,,,,,,,,,,2,,,,2,,,
86753091,2016-17,STU00455,SPRING,20 and younger,First-Time,Full-Time,R,R,,White,N,F,A,Y,First-Time Full-Time,B,270101,4,3.98,13,11,20,20,28,28,25,25,R,R,Y,Y,C,D,1.83,F,NA,NA,NA,NA,1,0,0,0,0,0,2,0,,R,,-1,N,0,1,N,N,0,0,0,0,270101,,,,,,,,,,,,,,,,,,,,,,,
86753091,2018-19,STU00456,SUMMER,20 and younger,Transfer-In,Full-Time,R,N,,White,N,F,B,UK,Transfer-In Full-Time,B,420101,4,4,13,12,36,35,0,0,0,0,R,R,Y,Y,NC,C,F,3.56,NA,Y,NA,C,1,0,0,0,0,0,2,0,,N,,0,N,0,-1,N,N,0,0,0,0,420101,,,,,,,,,,,,,,,,,,,,,,,
86753091,2019-20,STU00457,FALL,20 and younger,First-Time,Part-Time,C,C,,White,N,M,B,Y,First-Time Part-Time,03,261504,3.83,3.46,6,5,15,13,15,14,0,0,N,N,NA,NA,NA,NA,,,NA,NA,NA,NA,1,0,0,0,0,0,3,0,,C,Bridge Program,0,N,1,3,N,N,0,0,0,0,261504,,,,,,,,,,,,,,,,,,,,,,,
86753091,2017-18,STU00458,SPRING,Older than 24,First-Time,Part-Time,C,N,,White,N,F,B,N,First-Time Part-Time,A,131202,3.63,3.62,9,8,22,21,16,16,19,17,N,R,NA,Y,NA,C,,3.33,NA,N,NA,N,1,1,0,0,0,0,2,1,,N,,4,N,0,2,N,N,0,0,0,0,131202,,,OH,,,,,Associate's Colleges,,,,,,,,,,,,,,,
86753091,2018-19,STU00459,FALL,>20 - 24,Transfer-In,Full-Time,C,C,,White,N,M,N,N,Transfer-In Full-Time,02,230101,3.01,3.2,17,16,27,23,29,21,32,27,N,N,NA,NA,NA,NA,,,NA,NA,NA,NA,1,0,0,0,0,0,2,0,,C,,0,N,-1,3,N,N,0,0,0,0,230101,,,,,,,,,,,,,,,,,,,,,,,
86753091,2016-17,STU00460,SPRING,20 and younger,First-Time,Part-Time,N,R,DE,Hispanic,H,M,N,N,First-Time Part-Time,A,520201,2.51,2.12,7,5,12,8,0,0,0,0,R,R,N,N,N,N,,,N,NA,N,NA,1,0,0,0,0,0,2,0,,R,,0,N,-1,2,N,N,4,0,0,0,520201,,,,,,,,,,,,,,,,,,,,,,,
86753091,2016-17,STU00461,FALL,Older than 24,First-Time,Full-Time,C,N,,White,N,F,N,Y,First-Time Full-Time,B,240101,3.91,4,14,12,0,0,0,0,0,0,N,R,NA,Y,NA,D,,F,NA,N,NA,N,0,0,0,0,0,0,1,0,,N,,3,N,0,4,N,N,4,0,0,0,240101,,,,,,,,,,,,,,,,,,,,,,,
86753091,2020-21,STU00462,FALL,20 and younger,Transfer-In,Full-Time,N,C,,White,N,M,B,N,Transfer-In Full-Time,B,110701,4,3.58,15,13,0,0,0,0,0,0,R,N,Y,NA,C,NA,2.23,,N,NA,N,NA,0,1,0,0,0,0,1,3,,C,,2,P,0,-1,UK,N,0,0,0,0,110701,,,FL,,,,,Baccalaureate Colleges,,,,,Town/Rural,,,,,,,,,,
86753091,2020-21,STU00463,FALL,20 and younger,Transfer-In,Full-Time,C,R,,White,N,M,B,Y,Transfer-In Full-Time,B,230101,4,4,17,17,29,24,34,32,0,0,N,R,NA,Y,NA,C,,3.37,NA,NA,NA,NA,1,1,0,0,0,0,2,1,,R,,2,N,0,-1,UK,N,5,3,0,0,230101,,,NY,,,,,Master's Colleges & Universities,,,,,Urban,,,,,,,3,,,
86753091,2018-19,STU00464,FALL,>20 - 24,First-Time,Full-Time,C,R,,Hispanic,H,M,A,Y,First-Time Full-Time,03,540101,1.27,1.43,12,7,33,23,0,0,0,0,N,R,NA,N,NA,N,,,NA,NA,NA,NA,1,1,0,0,0,0,1,1,,R,,0,N,2,4,N,N,0,0,0,0,540101,,,NY,,,,,,,,,,Suburb,,,,,,,,,,
86753091,2018-19,STU00465,FALL,20 and younger,First-Time,Full-Time,C,C,,Two or More Races,N,F,C,Y,First-Time Full-Time,03,513899,3.88,3.95,19,19,24,24,28,28,0,0,N,N,NA,NA,NA,NA,,,NA,NA,NA,NA,1,0,0,0,0,0,3,0,,C,,2,N,0,3,N,Fall 2019,0,0,0,0,513899,,,,,,,,,,,,,,,,,,,,,,,
86753091,2018-19,STU00466,SUMMER,>20 - 24,First-Time,Part-Time,R,C,UK,Black or African American,N,M,B,Y,First-Time Part-Time,02,510904,2.75,2.84,7,4,18,16,0,0,0,0,R,N,Y,NA,D,NA,F,,NA,NA,NA,NA,1,0,0,0,0,0,1,0,,C,STEM Scholars 2019,1,UK,0,4,N,N,0,0,0,0,510904,,,,,,,,,,,,,,,,,,,,,,,
86753091,2017-18,STU00467,FALL,>20 - 24,First-Time,Full-Time,N,R,,Hispanic,H,F,B,N,First-Time Full-Time,03,422814,4,2.59,14,8,29,17,0,0,0,0,R,R,N,Y,N,C,,2.23,Y,NA,D,NA,1,1,0,0,0,0,2,0,,R,,1,N,0,0,N,N,0,0,0,0,422814,,,TX,,,,,,,,,,Town/Rural,,,,,,,,,,
86753091,2017-18,STU00468,FALL,20 and younger,Transfer-In,Full-Time,C,C,,Hispanic,H,M,C,N,Transfer-In Full-Time,03,261504,2.72,2.23,16,12,33,31,28,17,0,0,N,N,NA,NA,NA,NA,,,NA,NA,NA,NA,1,0,0,0,0,0,1,0,,C,,1,P,2,3,N,N,0,0,0,0,261504,,,,,,,,,,,,,,,,,,,,,,,
86753091,2017-18,STU00469,SPRING,20 and younger,First-Time,Part-Time,N,C,DE,White,N,F,B,N,First-Time Part-Time,B,110701,2.38,3,6,5,20,19,8,7,16,13,R,N,Y,NA,C,NA,1.46,,Y,NA,D,NA,1,1,0,0,0,0,3,0,,C,First Year Success,0,N,0,-1,N,N,5,0,0,0,110701,,,NY,,,,,,,,,,,,,,,,,,,,
86753091,2018-19,STU00470,FALL,20 and younger,Transfer-In,Full-Time,R,C,,Hispanic,H,F,B,Y,Transfer-In Full-Time,B,230101,1.55,2.04,14,11,25,18,25,18,0,0,R,N,Y,NA,D,NA,W,,NA,NA,NA,NA,1,0,0,0,0,0,2,0,,C,,-1,N,0,3,N,Spring 2020,0,0,0,0,230101,,,,,,,,,,,,,,,,,,,,,,,
86753091,2017-18,STU00471,FALL,Older than 24,First-Time,Part-Time,UK,N,,Hispanic,H,M,P,UK,First-Time Part-Time,02,420101,2.48,2.97,11,8,17,15,16,16,13,11,UK,R,UK,Y,UK,C,,A,UK,Y,UK,C,1,0,0,0,0,0,1,0,,N,,6,N,2,1,N,N,0,0,0,0,420101,,,,,,,,,,,,,,,,,,,,,,,
86753091,2019-20,STU00472,SPRING,>20 - 24,Transfer-In,Full-Time,C,R,,White,N,F,N,N,Transfer-In Full-Time,A,240101,3.53,3.31,16,12,33,27,26,24,27,20,N,R,NA,Y,NA,C,,3.37,NA,NA,NA,NA,1,0,0,2,0,0,1,0,1.6,R,,3,UK,0,3,N,N,0,2,0,0,240101,,,,,,,,,,,,,,,,2,,,,2,,,
86753091,2020-21,STU00473,FALL,20 and younger,Re-admit,Full-Time,C,R,,Hispanic,H,F,N,N,Re-admit Full-Time,B,261504,3.6,2.69,14,11,23,18,0,0,0,0,N,R,NA,Y,NA,C,,3.81,NA,NA,NA,NA,1,0,0,0,0,0,3,0,,R,First Year Success,5,N,0,4,N,N,0,0,0,0,261504,,,,,,,,,,,,,,,,,,,,,,,
86753091,2020-21,STU00474,FALL,20 and younger,First-Time,Full-Time,C,C,,Asian,N,M,B,N,First-Time Full-Time,B,510904,3.06,3.02,19,18,0,0,0,0,0,0,N,N,NA,NA,NA,NA,,,NA,NA,NA,NA,0,0,0,0,0,0,1,0,,C,,4,N,0,4,Y,N,0,0,0,0,510904,,,,,,,,,,,,,,,,,,,,,,,
86753091,2017-18,STU00475,SUMMER,Older than 24,Transfer-In,Full-Time,C,R,,Asian,N,F,B,UK,Transfer-In Full-Time,02,110701,2.07,2.67,13,12,31,30,31,25,28,23,N,R,NA,N,NA,N,,,NA,NA,NA,NA,1,0,0,0,0,0,3,0,,R,,0,UK,0,4,N,N,0,0,0,0,110701,,,,,,,,,,,,,,,,,,,,,,,
86753091,2018-19,STU00476,WINTER,20 and younger,First-Time,Full-Time,C,N,,Asian,N,M,N,N,First-Time Full-Time,03,240101,2.21,1.81,13,8,23,16,28,18,31,22,N,R,NA,N,NA,N,,,NA,Y,NA,D,1,0,0,0,0,0,1,0,,N,,2,UK,0,-1,N,N,0,0,0,0,240101,,,,,,,,,,,,,,,,,,,,,,,
86753091,2017-18,STU00477,FALL,Older than 24,First-Time,Part-Time,N,R,,Hispanic,H,F,N,N,First-Time Part-Time,B,261504,2.59,2.41,14,9,12,9,15,15,20,16,R,R,Y,Y,C,D,3.9,F,Y,NA,C,NA,1,0,0,0,0,0,3,0,,R,,3,N,0,1,N,Spring 2020,4,0,0,0,261504,,,,,,,,,,,,,,,,,,,,,,,
86753091,2019-20,STU00478,FALL,Older than 24,Transfer-In,Full-Time,C,C,,White,N,F,,N,Transfer-In Full-Time,B,540101,2.56,3.16,16,14,29,22,27,15,32,27,N,N,NA,NA,NA,NA,,,NA,NA,NA,NA,1,1,0,0,0,0,2,2,,C,,0,N,1,3,N,Fall 2019,5,0,0,0,540101,,,,,,,,Associate's Colleges,,,,,Town/Rural,,,,,,,,,,
86753091,2020-21,STU00479,FALL,>20 - 24,First-Time,Full-Time,R,C,UK,White,N,F,C,Y,First-Time Full-Time,B,422814,2.85,3.18,13,13,21,20,29,29,22,21,R,N,Y,NA,D,NA,W,,NA,NA,NA,NA,1,0,0,0,0,0,2,0,,C,,0,P,0,-1,N,N,0,0,0,0,422814,,,,,,,,,,,,,,,,,,,,,,,
86753091,2019-20,STU00480,FALL,20 and younger,First-Time,Full-Time,C,C,,White,N,M,,N,First-Time Full-Time,B,240101,4,3.4,16,14,0,0,0,0,0,0,N,N,NA,NA,NA,NA,,,NA,NA,NA,NA,0,0,0,0,0,0,1,0,,C,,0,N,0,-1,N,N,0,0,0,0,240101,,,,,,,,,,,,,,,,,,,,,,,
86753091,2018-19,STU00481,SPRING,Older than 24,Transfer-In,Full-Time,R,N,,Two or More Races,N,M,A,UK,Transfer-In Full-Time,B,420101,1.59,1.6,17,10,27,18,0,0,0,0,R,R,Y,UK,C,UK,1,,NA,Y,NA,C,1,0,0,0,0,0,3,0,,N,,5,N,1,-1,N,N,0,0,0,0,420101,,,,,,,,,,,,,,,,,,,,,,,
86753091,2020-21,STU00482,SUMMER,20 and younger,Transfer-In,Full-Time,C,C,UK,Black or African American,N,F,B,UK,Transfer-In Full-Time,B,131202,3.11,3.79,17,17,20,13,19,18,34,29,N,N,NA,NA,NA,NA,,,NA,NA,NA,NA,1,0,0,2,0,0,1,0,1.9,C,,1,N,0,4,N,N,0,2,0,0,131202,,,,,,,,,,,,,,,,2,,,,2,,,
86753091,2019-20,STU00483,FALL,20 and younger,Transfer-In,Full-Time,N,C,,Black or African American,N,M,B,UK,Transfer-In Full-Time,B,420101,2.51,2.63,14,12,29,24,28,24,32,18,R,N,Y,NA,C,NA,3.67,,Y,NA,C,NA,1,1,0,0,0,0,4,2,,C,,-1,N,-1,4,N,N,0,0,0,0,420101,,,NC,,,,,Associate's Colleges,,,,,Urban,,,,,,,,,,
86753091,2018-19,STU00484,FALL,20 and younger,Transfer-In,Full-Time,N,N,UK,Hispanic,H,F,C,Y,Transfer-In Full-Time,B,540101,3.31,2.89,15,10,29,23,35,20,0,0,R,R,UK,Y,UK,NC,,W,Y,Y,C,C,1,1,0,0,0,0,1,1,,N,,4,N,0,4,N,N,0,0,0,0,540101,,,FL,,,,,Doctoral Universities,,,,,Urban,,,,,,,,,,
86753091,2018-19,STU00485,FALL,>20 - 24,First-Time,Part-Time,N,N,UK,Hispanic,H,UK,B,UK,First-Time Part-Time,B,510904,3.81,3.17,4,3,14,14,19,16,0,0,R,R,Y,N,C,N,2.51,,N,Y,N,C,1,0,0,0,0,0,4,0,,N,,0,N,-1,0,N,N,0,0,0,0,510904,,,,,,,,,,,,,,,,,,,,,,,
86753091,2018-19,STU00486,SPRING,Older than 24,First-Time,Part-Time,N,C,,White,N,M,B,Y,First-Time Part-Time,03,422814,1.85,2.21,6,5,21,14,15,15,9,7,R,N,Y,NA,C,NA,1.32,,Y,NA,C,NA,1,0,0,0,0,0,1,0,,C,,1,N,1,1,N,Fall 2020,0,0,0,0,422814,,,,,,,,,,,,,,,,,,,,,,,
86753091,2020-21,STU00487,FALL,20 and younger,Re-admit,Full-Time,N,C,,Two or More Races,N,F,P,N,Re-admit Full-Time,B,110701,4,3.37,16,15,0,0,0,0,0,0,R,N,Y,NA,C,NA,2.41,,Y,NA,D,NA,0,0,0,0,0,0,1,0,,C,,5,N,0,2,N,N,0,0,0,0,110701,,,,,,,,,,,,,,,,,,,,,,,
86753091,2018-19,STU00488,FALL,>20 - 24,First-Time,Full-Time,C,C,,Hispanic,H,F,B,Y,First-Time Full-Time,01,513899,2.78,2.71,14,10,33,28,32,28,0,0,N,N,NA,NA,NA,NA,,,NA,NA,NA,NA,1,1,0,2,0,0,4,3,2,C,,0,N,0,3,N,N,0,2,0,0,513899,,,,,,,,,,,,,Urban,,,2,,,,2,,,
86753091,2018-19,STU00489,SUMMER,20 and younger,Transfer-In,Full-Time,UK,C,,White,N,F,C,N,Transfer-In Full-Time,03,422814,3.18,2.86,18,14,27,22,25,17,32,27,UK,N,UK,NA,UK,NA,,,UK,NA,UK,NA,1,0,0,2,0,0,1,0,2,C,Bridge Program,1,UK,-1,-1,N,N,0,2,0,0,422814,,,,,,,,,,,,,,,,2,,,,2,,,
86753091,2017-18,STU00490,FALL,20 and younger,Transfer-In,Full-Time,C,C,,Two or More Races,N,F,C,N,Transfer-In Full-Time,03,131202,4,3.6,14,14,31,31,22,13,27,26,N,N,NA,NA,NA,NA,,,NA,NA,NA,NA,1,0,0,2,0,0,2,0,2,C,,0,N,0,0,N,N,0,2,0,0,131202,,,,,,,,,,,,,,,,2,,,,2,,,
86753091,2017-18,STU00491,FALL,Older than 24,Transfer-In,Part-Time,C,N,,Black or African American,N,F,,Y,Transfer-In Part-Time,B,131202,2.86,3.26,3,2,15,13,15,14,0,0,N,R,NA,Y,NA,C,,2.92,NA,Y,NA,D,1,0,0,0,0,0,1,0,,N,,1,N,-1,1,N,N,0,0,0,0,131202,,,,,,,,,,,,,,,,,,,,,,,
86753091,2019-20,STU00492,FALL,20 and younger,First-Time,Full-Time,C,C,DE,Hispanic,H,M,A,N,First-Time Full-Time,B,230101,3.32,3.18,17,13,0,0,0,0,0,0,N,N,NA,NA,NA,NA,,,NA,NA,NA,NA,0,0,0,0,0,0,1,0,,C,,1,N,0,3,N,N,0,0,0,0,230101,,,,,,,,,,,,,,,,,,,,,,,
86753091,2019-20,STU00493,SPRING,20 and younger,First-Time,Full-Time,C,C,,Hispanic,H,F,,Y,First-Time Full-Time,03,420101,4,4,16,15,30,29,27,25,0,0,N,N,NA,NA,NA,NA,,,NA,NA,NA,NA,1,0,0,0,0,0,1,0,,C,Bridge Program,0,UK,0,3,N,N,0,0,0,0,420101,,,,,,,,,,,,,,,,,,,,,,,
86753091,2020-21,STU00494,SPRING,Older than 24,First-Time,Full-Time,C,C,,White,N,F,,N,First-Time Full-Time,03,240101,4,4,16,13,27,27,31,31,27,25,N,N,NA,NA,NA,NA,,,NA,NA,NA,NA,1,1,0,0,0,0,3,2,,C,,6,N,0,2,N,N,0,0,0,0,240101,,,IL,,,,,Doctoral Universities,,,,,Town/Rural,,,,,,,,,,
86753091,2019-20,STU00495,FALL,20 and younger,First-Time,Full-Time,C,C,,White,N,M,B,UK,First-Time Full-Time,03,540101,3.89,3.98,17,13,24,24,29,29,25,20,N,N,NA,NA,NA,NA,,,NA,NA,NA,NA,1,0,0,0,0,0,3,0,,C,,-1,N,0,2,N,Spring 2020,0,0,0,0,540101,,,,,,,,,,,,,,,,,,,,,,,
86753091,2019-20,STU00496,FALL,>20 - 24,First-Time,Full-Time,R,C,,White,N,F,C,N,First-Time Full-Time,B,131202,2.58,3.27,16,12,32,28,24,23,30,27,R,N,N,NA,N,NA,,,NA,NA,NA,NA,1,0,0,0,0,0,4,0,,C,First Year Success,0,UK,0,4,N,N,0,0,0,0,131202,,,,,,,,,,,,,,,,,,,,,,,
86753091,2017-18,STU00497,FALL,Older than 24,First-Time,Full-Time,N,N,,Asian,N,M,P,Y,First-Time Full-Time,03,240101,3.42,2.93,17,13,0,0,0,0,0,0,R,R,Y,UK,C,UK,3.3,,N,N,N,N,0,0,0,0,0,0,1,0,,N,,0,N,0,1,N,N,4,0,0,0,240101,,,,,,,,,,,,,,,,,,,,,,,
86753091,2016-17,STU00498,FALL,>20 - 24,Transfer-In,Part-Time,N,C,,Black or African American,N,M,C,N,Transfer-In Part-Time,A,540101,3.93,4,7,7,18,18,0,0,0,0,R,N,Y,NA,NC,NA,F,,Y,NA,D,NA,1,0,0,0,0,0,1,0,,C,,2,N,0,2,N,Fall 2019,0,0,0,0,540101,,,,,,,,,,,,,,,,,,,,,,,
86753091,2016-17,STU00499,FALL,>20 - 24,Transfer-In,Part-Time,C,C,,Black or African American,N,M,,N,Transfer-In Part-Time,A,520201,2.95,3.1,11,8,0,0,0,0,0,0,N,N,NA,NA,NA,NA,,,NA,NA,NA,NA,0,1,0,0,0,2,1,3,,C,,1,N,0,4,N,N,0,0,0,2,520201,,CA,CA,,CA,,Associate's Colleges,Associate's Colleges,,Associate's Colleges,,Urban,Urban,,Urban,,,2,,,,2,
86753091,2020-21,STU00500,FALL,>20 - 24,Transfer-In,Full-Time,R,C,,Hispanic,H,M,N,UK,Transfer-In Full-Time,01,510904,3.25,3.09,13,13,26,25,22,18,31,26,R,N,Y,NA,C,NA,2.81,,NA,NA,NA,NA,1,0,0,0,0,0,5,0,,C,,6,UK,0,3,N,N,0,0,0,0,510904,,,,,,,,,,,,,,,,,,,,,,,
86753091,2018-19,STU00501,SPRING,20 and younger,First-Time,Full-Time,UK,C,,Unknown,UK,M,B,N,First-Time Full-Time,B,131202,3.08,3.08,14,12,28,22,0,0,0,0,UK,N,UK,NA,UK,NA,,,UK,NA,UK,NA,1,0,0,0,0,0,4,0,,C,,4,UK,0,4,N,Spring 2020,0,0,0,0,131202,,,,,,,,,,,,,,,,,,,,,,,
86753091,2018-19,STU00502,FALL,20 and younger,First-Time,Full-Time,C,C,UK,White,N,F,B,Y,First-Time Full-Time,B,540101,1.51,2.31,14,12,0,0,0,0,0,0,N,N,NA,NA,NA,NA,,,NA,NA,NA,NA,0,0,0,0,0,0,1,0,,C,,0,UK,0,0,Y,N,5,0,0,0,540101,,,,,,,,,,,,,,,,,,,,,,,
86753091,2018-19,STU00503,FALL,20 and younger,First-Time,Full-Time,R,N,,Hispanic,H,F,P,N,First-Time Full-Time,B,240101,3.5,3.89,15,15,28,28,0,0,0,0,R,R,Y,Y,C,C,3.54,A,NA,N,NA,N,1,1,0,0,0,0,3,2,,N,Bridge Program,-1,N,0,2,Y,Fall 2019,0,0,0,0,240101,,,PA,,,,,Baccalaureate Colleges,,,,,Town/Rural,,,,,,,,,,
86753091,2020-21,STU00504,FALL,Older than 24,Transfer-In,Part-Time,R,C,,White,N,M,P,UK,Transfer-In Part-Time,B,520201,3.34,3.12,8,7,17,12,14,13,14,7,R,N,Y,NA,D,NA,W,,NA,NA,NA,NA,1,0,0,0,0,0,4,0,,C,,6,N,0,1,UK,N,0,0,0,0,520201,,,,,,,,,,,,,,,,,,,,,,,
86753091,2019-20,STU00505,FALL,20 and younger,Transfer-In,Full-Time,R,C,,White,N,F,N,N,Transfer-In Full-Time,02,513899,3.54,4,16,13,0,0,0,0,0,0,R,N,Y,NA,C,NA,2.89,,NA,NA,NA,NA,0,0,0,0,0,0,1,0,,C,,0,UK,0,2,N,N,6,0,0,0,513899,,,,,,,,,,,,,,,,,,,,,,,
86753091,2018-19,STU00506,FALL,Older than 24,First-Time,Part-Time,N,C,,Asian,N,F,P,UK,First-Time Part-Time,03,261504,3.14,3.72,6,6,21,21,12,12,15,13,R,N,Y,NA,D,NA,I,,N,NA,N,NA,1,0,0,0,0,0,1,0,,C,,2,N,0,2,Y,N,0,0,0,0,261504,,,,,,,,,,,,,,,,,,,,,,,
86753091,2020-21,STU00507,SPRING,>20 - 24,First-Time,Part-Time,N,N,,Hispanic,H,M,B,N,First-Time Part-Time,02,110701,3.09,2.79,11,11,13,9,12,7,15,9,R,R,N,Y,N,C,,3.48,Y,Y,C,C,1,0,0,0,0,0,5,0,,N,,3,N,0,3,N,N,0,0,0,0,110701,,,,,,,,,,,,,,,,,,,,,,,
86753091,2017-18,STU00508,FALL,>20 - 24,Re-admit,Part-Time,N,R,,Asian,N,F,A,Y,Re-admit Part-Time,B,520201,1.49,2.02,8,5,0,0,0,0,0,0,R,R,Y,Y,C,C,3.02,3.17,N,NA,N,NA,0,0,0,0,0,0,1,0,,R,,0,N,0,0,N,N,0,0,0,0,520201,,,,,,,,,,,,,,,,,,,,,,,
86753091,2017-18,STU00509,FALL,20 and younger,First-Time,Full-Time,C,UK,DS,Black or African American,N,M,A,N,First-Time Full-Time,B,520201,1.56,1.7,15,7,22,13,28,21,23,15,N,UK,NA,UK,NA,UK,,,NA,UK,NA,UK,1,0,0,0,0,0,2,0,,UK,,1,UK,-1,0,N,N,0,0,0,0,520201,,,,,,,,,,,,,,,,,,,,,,,
86753091,2016-17,STU00510,SPRING,>20 - 24,First-Time,Full-Time,C,N,,Black or African American,N,F,A,N,First-Time Full-Time,03,510904,2.78,2.56,12,9,0,0,0,0,0,0,N,R,NA,Y,NA,C,,2.2,NA,Y,NA,C,0,0,0,0,0,0,1,0,,N,,4,N,1,3,N,N,6,0,0,0,510904,,,,,,,,,,,,,,,,,,,,,,,
86753091,2016-17,STU00511,FALL,>20 - 24,First-Time,Full-Time,C,C,,Nonresident alien,N,X,B,Y,First-Time Full-Time,B,110701,4,4,19,19,27,26,24,21,0,0,N,N,NA,NA,NA,NA,,,NA,NA,NA,NA,1,0,0,0,0,0,2,0,,C,First Year Success,0,N,0,1,N,N,0,0,0,0,110701,,,,,,,,,,,,,,,,,,,,,,,
86753091,2016-17,STU00512,SPRING,Older than 24,Transfer-In,Part-Time,C,C,,Asian,N,F,P,Y,Transfer-In Part-Time,B,540101,2.74,2.79,13,11,21,12,15,10,16,12,N,N,NA,NA,NA,NA,,,NA,NA,NA,NA,1,1,0,0,0,0,1,2,,C,,5,N,0,-1,N,N,0,0,0,0,540101,,,NJ,,,,,Doctoral Universities,,,,,Urban,,,,,,,,,,
86753091,2020-21,STU00513,SUMMER,>20 - 24,First-Time,Full-Time,C,N,,Hispanic,H,M,N,N,First-Time Full-Time,03,270101,3.48,3.45,15,15,31,27,25,21,0,0,N,R,NA,Y,NA,D,,F,NA,Y,NA,D,1,0,0,0,0,0,2,0,,N,,0,N,0,-1,UK,N,0,0,0,0,270101,,,,,,,,,,,,,,,,,,,,,,,
86753091,2017-18,STU00514,SUMMER,Older than 24,First-Time,Part-Time,R,C,,Hispanic,H,F,B,Y,First-Time Part-Time,B,513899,2.39,2.94,6,4,16,13,12,11,0,0,R,N,N,NA,N,NA,,,NA,NA,NA,NA,1,0,0,0,0,0,2,0,,C,,2,UK,-1,1,UK,N,0,3,0,0,513899,,,,,,,,,,,,,,,,,,,,3,,,
86753091,2019-20,STU00515,FALL,20 and younger,First-Time,Full-Time,C,C,UK,Hispanic,H,F,B,N,First-Time Full-Time,B,110701,2.62,2.33,15,12,0,0,0,0,0,0,N,N,NA,NA,NA,NA,,,NA,NA,NA,NA,0,0,0,0,0,0,1,0,,C,,6,UK,0,0,N,N,0,0,0,0,110701,,,,,,,,,,,,,,,,,,,,,,,
86753091,2016-17,STU00516,FALL,20 and younger,First-Time,Full-Time,C,C,DE,Asian,N,F,B,Y,First-Time Full-Time,03,230101,2.62,3.29,18,14,21,18,28,19,23,20,N,N,NA,NA,NA,NA,,,NA,NA,NA,NA,1,0,0,0,0,0,2,0,,C,,0,N,0,-1,N,N,0,0,0,0,230101,,,,,,,,,,,,,,,,,,,,,,,
86753091,2019-20,STU00517,SPRING,>20 - 24,First-Time,Full-Time,N,N,,Asian,N,F,B,N,First-Time Full-Time,A,131202,2.61,2.99,18,15,0,0,0,0,0,0,R,R,Y,Y,C,C,1.74,P,N,Y,N,C,0,0,0,0,0,0,1,0,,N,,5,N,0,3,N,N,0,0,0,0,131202,,,,,,,,,,,,,,,,,,,,,,,
86753091,2018-19,STU00518,FALL,>20 - 24,First-Time,Full-Time,C,N,,White,N,F,P,Y,First-Time Full-Time,B,510904,3.01,2.86,15,12,27,27,27,18,0,0,N,R,NA,Y,NA,C,,3.5,NA,Y,NA,D,1,0,0,0,0,0,2,0,,N,,0,N,0,2,N,N,0,0,0,0,510904,,,,,,,,,,,,,,,,,,,,,,,
86753091,2017-18,STU00519,FALL,20 and younger,First-Time,Full-Time,C,C,,Black or African American,N,M,C,Y,First-Time Full-Time,B,510904,3.73,3.5,15,12,31,29,18,18,0,0,N,N,NA,NA,NA,NA,,,NA,NA,NA,NA,1,1,0,0,0,2,4,1,,C,,4,N,0,3,N,Spring 2021,0,3,0,2,510904,,,,,,,Master's Colleges & Universities,Master's Colleges & Universities,,Master's Colleges & Universities,,Town/Rural,Town/Rural,,Town/Rural,,,2,,3,,2,
86753091,2019-20,STU00520,SPRING,>20 - 24,Re-admit,Part-Time,N,C,,White,N,M,B,N,Re-admit Part-Time,C2,510904,4,4,10,10,19,18,23,16,0,0,R,N,Y,NA,D,NA,W,,Y,NA,D,NA,1,0,0,0,0,0,2,0,,C,,1,N,0,-1,N,N,6,0,0,0,510904,,,,,,,,,,,,,,,,,,,,,,,
86753091,2017-18,STU00521,SPRING,20 and younger,First-Time,Full-Time,N,C,,Black or African American,N,M,N,N,First-Time Full-Time,A,270101,2.6,2.2,13,9,25,18,0,0,0,0,R,N,Y,NA,NC,NA,W,,N,NA,N,NA,1,0,0,0,0,0,1,0,,C,,0,N,0,4,N,N,0,0,0,0,270101,,,,,,,,,,,,,,,,,,,,,,,
86753091,2018-19,STU00522,FALL,>20 - 24,Transfer-In,Full-Time,N,C,,Hispanic,H,F,,UK,Transfer-In Full-Time,B,261504,3.42,4,18,17,24,24,32,30,21,21,R,N,Y,NA,C,NA,4,,Y,NA,C,NA,1,0,0,0,0,0,3,0,,C,STEM Scholars 2019,2,N,0,0,N,N,0,0,0,0,261504,,,,,,,,,,,,,,,,,,,,,,,
86753091,2019-20,STU00523,SPRING,20 and younger,First-Time,Full-Time,N,C,DE,White,N,F,P,N,First-Time Full-Time,B,261504,3.95,4,17,17,30,28,30,30,0,0,R,N,Y,NA,D,NA,F,,Y,NA,C,NA,1,0,0,0,0,0,2,0,,C,Bridge Program,0,N,0,0,UK,N,0,0,0,0,261504,,,,,,,,,,,,,,,,,,,,,,,
86753091,2019-20,STU00524,SPRING,20 and younger,First-Time,Full-Time,N,C,,Asian,N,F,P,N,First-Time Full-Time,B,110701,4,4,19,19,26,26,36,36,24,21,R,N,Y,NA,C,NA,1.79,,Y,NA,C,NA,1,0,0,0,0,0,5,0,,C,,0,N,0,-1,N,N,0,0,0,0,110701,,,,,,,,,,,,,,,,,,,,,,,
86753091,2018-19,STU00525,FALL,20 and younger,Transfer-In,Full-Time,N,C,,White,N,M,N,Y,Transfer-In Full-Time,B,110701,4,4,19,16,34,34,0,0,0,0,R,N,Y,NA,C,NA,4,,Y,NA,D,NA,1,0,0,0,0,0,1,0,,C,STEM Scholars 2019,0,UK,0,3,N,Fall 2020,0,4,0,0,110701,,,,,,,,,,,,,,,,,,,,4,,,
86753091,2020-21,STU00526,FALL,>20 - 24,First-Time,Full-Time,C,C,,Hispanic,H,F,B,N,First-Time Full-Time,C1,261504,3.81,3.92,15,14,30,30,25,24,30,30,N,N,NA,NA,NA,NA,,,NA,NA,NA,NA,1,0,0,0,0,0,1,0,,C,,-1,N,-1,0,N,N,4,0,0,0,261504,,,,,,,,,,,,,,,,,,,,,,,
86753091,2016-17,STU00527,FALL,20 and younger,First-Time,Full-Time,C,C,,Asian,N,F,B,N,First-Time Full-Time,B,420101,2.79,3.06,16,16,29,23,27,19,0,0,N,N,NA,NA,NA,NA,,,NA,NA,NA,NA,1,0,0,0,0,0,2,0,,C,,4,N,1,4,N,Fall 2020,0,0,0,0,420101,,,,,,,,,,,,,,,,,,,,,,,
86753091,2019-20,STU00528,FALL,Older than 24,Transfer-In,Full-Time,R,C,,Hispanic,H,M,B,Y,Transfer-In Full-Time,B,513899,2.56,3.26,11,10,26,23,29,18,32,28,R,N,N,NA,N,NA,,,NA,NA,NA,NA,1,1,0,0,0,2,5,1,,C,,0,N,0,1,N,N,0,0,0,2,513899,,,,,,,Associate's Colleges,Associate's Colleges,,Associate's Colleges,,Urban,Urban,,Urban,,,2,,,,2,
86753091,2020-21,STU00529,FALL,20 and younger,Transfer-In,Part-Time,C,C,UK,White,N,F,A,N,Transfer-In Part-Time,B,420101,3.2,3.86,13,10,7,7,0,0,0,0,N,N,NA,NA,NA,NA,,,NA,NA,NA,NA,1,1,0,0,0,0,2,2,,C,,0,N,0,3,Y,N,0,0,0,0,420101,,,FL,,,,,,,,,,Suburb,,,,,,,,,,
86753091,2019-20,STU00530,FALL,20 and younger,Transfer-In,Full-Time,C,R,,White,N,F,,N,Transfer-In Full-Time,03,520201,4,3.75,13,12,0,0,0,0,0,0,N,R,NA,Y,NA,NC,,W,NA,NA,NA,NA,0,1,0,0,0,0,1,2,,R,,0,N,0,3,Y,N,0,2,0,0,520201,,,MI,,,,,Baccalaureate Colleges,,,,,,,,,,,,2,,,
86753091,2019-20,STU00531,FALL,Older than 24,Transfer-In,Part-Time,C,C,UK,Hispanic,H,F,A,N,Transfer-In Part-Time,B,520201,3.57,4,9,9,17,16,14,14,18,15,N,N,NA,NA,NA,NA,,,NA,NA,NA,NA,1,0,0,0,0,0,2,0,,C,,4,N,0,-1,N,N,0,0,0,0,520201,,,,,,,,,,,,,,,,,,,,,,,
86753091,2019-20,STU00532,FALL,Older than 24,First-Time,Part-Time,C,N,,White,N,F,B,N,First-Time Part-Time,03,540101,4,4,8,8,21,21,15,15,16,14,N,R,NA,Y,NA,C,,2.63,NA,N,NA,N,1,0,0,0,0,0,2,0,,N,,1,N,0,1,N,Spring 2020,0,0,0,0,540101,,,,,,,,,,,,,,,,,,,,,,,
86753091,2018-19,STU00533,FALL,>20 - 24,First-Time,Full-Time,C,R,,Hispanic,H,F,,UK,First-Time Full-Time,B,110701,4,4,12,11,0,0,0,0,0,0,N,R,NA,Y,NA,C,,2.86,NA,NA,NA,NA,0,0,0,0,0,0,1,0,,R,,6,N,0,0,N,N,0,0,0,0,110701,,,,,,,,,,,,,,,,,,,,,,,
86753091,2018-19,STU00534,FALL,20 and younger,First-Time,Full-Time,C,UK,DE,Hispanic,H,M,B,Y,First-Time Full-Time,A,240101,4,3.86,16,16,0,0,0,0,0,0,N,UK,NA,UK,NA,UK,,,NA,UK,NA,UK,0,0,0,0,0,0,1,0,,UK,,-1,N,0,3,N,N,0,0,0,0,240101,,,,,,,,,,,,,,,,,,,,,,,
86753091,2019-20,STU00535,FALL,Older than 24,Transfer-In,Full-Time,C,C,,Black or African American,N,M,C,N,Transfer-In Full-Time,B,240101,3.2,3.29,15,12,27,19,30,28,0,0,N,N,NA,NA,NA,NA,,,NA,NA,NA,NA,1,0,0,0,0,0,3,0,,C,,5,UK,0,2,N,N,0,0,0,0,240101,,,,,,,,,,,,,,,,,,,,,,,
86753091,2018-19,STU00536,FALL,20 and younger,First-Time,Full-Time,R,C,,Hispanic,H,M,C,Y,First-Time Full-Time,B,510904,4,4,11,11,29,29,15,13,24,23,R,N,Y,NA,C,NA,2.3,,NA,NA,NA,NA,1,0,0,0,0,0,2,0,,C,,0,N,0,0,N,Spring 2020,0,0,0,0,510904,,,,,,,,,,,,,,,,,,,,,,,
86753091,2016-17,STU00537,WINTER,>20 - 24,First-Time,Full-Time,C,N,,Hispanic,H,M,N,N,First-Time Full-Time,C1,230101,3.06,2.9,12,11,0,0,0,0,0,0,N,R,NA,Y,NA,C,,3.05,NA,Y,NA,D,0,0,0,0,0,0,1,0,,N,,0,UK,1,0,UK,N,0,0,0,0,230101,,,,,,,,,,,,,,,,,,,,,,,
86753091,2017-18,STU00538,FALL,>20 - 24,Transfer-In,Part-Time,C,C,,White,N,F,B,N,Transfer-In Part-Time,A,510904,3.25,3.44,8,6,11,11,15,13,0,0,N,N,NA,NA,NA,NA,,,NA,NA,NA,NA,1,0,0,0,0,0,3,0,,C,,2,N,-1,0,N,N,0,0,0,0,510904,,,,,,,,,,,,,,,,,,,,,,,
86753091,2020-21,STU00539,FALL,20 and younger,First-Time,Full-Time,N,C,DE,Hispanic,H,F,B,UK,First-Time Full-Time,A,230101,3.29,3.41,14,11,23,19,26,18,28,28,R,N,Y,NA,C,NA,3.79,,Y,NA,C,NA,1,1,0,0,0,0,2,1,,C,,6,N,0,2,N,N,0,0,0,0,230101,,,NY,,,,,Associate's Colleges,,,,,,,,,,,,,,,
86753091,2019-20,STU00540,FALL,Older than 24,First-Time,Part-Time,R,C,,White,N,M,B,Y,First-Time Part-Time,B,261504,3.01,3.34,5,4,14,12,13,10,0,0,R,N,Y,NA,C,NA,1.85,,NA,NA,NA,NA,1,0,0,0,0,0,4,0,,C,First Year Success,5,N,0,2,UK,N,0,0,0,0,261504,,,,,,,,,,,,,,,,,,,,,,,
86753091,2018-19,STU00541,FALL,Older than 24,Transfer-In,Full-Time,C,N,,White,N,M,P,N,Transfer-In Full-Time,03,230101,2.57,2.01,18,13,26,24,27,24,30,18,N,R,NA,N,NA,N,,,NA,N,NA,N,1,0,0,4,0,0,3,0,3.9,N,,0,N,0,1,UK,Spring 2020,0,4,0,0,230101,,,,,,,,,,,,,,,,4,,,,4,,,
86753091,2018-19,STU00542,SPRING,>20 - 24,First-Time,Full-Time,C,N,,White,N,F,B,N,First-Time Full-Time,C1,540101,4,4,11,10,28,23,29,24,0,0,N,R,NA,Y,NA,C,,3.65,NA,Y,NA,C,1,1,0,0,0,0,2,1,,N,,4,N,0,-1,N,N,0,0,0,0,540101,,,NY,,,,,Master's Colleges & Universities,,,,,Urban,,,,,,,,,,
86753091,2019-20,STU00543,FALL,>20 - 24,Transfer-In,Part-Time,C,C,,Hispanic,H,F,P,N,Transfer-In Part-Time,B,270101,2.01,2,4,3,15,8,0,0,0,0,N,N,NA,NA,NA,NA,,,NA,NA,NA,NA,1,0,0,0,0,0,3,0,,C,,4,N,0,3,N,N,0,0,0,0,270101,,,,,,,,,,,,,,,,,,,,,,,
86753091,2018-19,STU00544,FALL,>20 - 24,Transfer-In,Full-Time,C,C,UK,Asian,N,M,B,N,Transfer-In Full-Time,B,131202,2.6,2.45,15,15,31,22,28,20,25,19,N,N,NA,NA,NA,NA,,,NA,NA,NA,NA,1,0,0,2,0,0,3,0,2,C,,2,UK,0,0,Y,N,0,2,0,0,131202,,,,,,,,,,,,,,,,2,,,,2,,,
86753091,2019-20,STU00545,FALL,Older than 24,Transfer-In,Full-Time,C,C,,Asian,N,M,B,N,Transfer-In Full-Time,B,420101,4,3.61,19,17,34,32,20,20,25,25,N,N,NA,NA,NA,NA,,,NA,NA,NA,NA,1,0,0,0,0,0,1,0,,C,,1,N,0,1,N,N,0,0,0,0,420101,,,,,,,,,,,,,,,,,,,,,,,
86753091,2020-21,STU00546,FALL,Older than 24,First-Time,Full-Time,N,N,,Hispanic,H,F,B,Y,First-Time Full-Time,B,131202,3.2,4,17,17,23,21,32,30,28,24,R,R,Y,Y,C,C,O,P,N,N,N,N,1,0,0,0,0,0,2,0,,N,,0,N,-1,-1,N,Fall 2019,0,0,0,0,131202,,,,,,,,,,,,,,,,,,,,,,,
86753091,2019-20,STU00547,SUMMER,>20 - 24,First-Time,Full-Time,C,R,,Hispanic,H,M,B,Y,First-Time Full-Time,B,270101,3.16,3.34,12,6,26,26,36,28,0,0,N,R,NA,Y,NA,C,,2.95,NA,NA,NA,NA,1,1,0,0,0,0,4,2,,R,,0,N,0,4,UK,N,0,0,0,0,270101,,,NC,,,,,Master's Colleges & Universities,,,,,Urban,,,,,,,,,,
86753091,2016-17,STU00548,FALL,20 and younger,First-Time,Full-Time,N,C,,Black or African American,N,M,A,Y,First-Time Full-Time,B,510904,2.64,2.71,14,9,30,26,29,19,29,26,R,N,Y,NA,C,NA,3.5,,Y,NA,C,NA,1,0,0,2,0,0,2,0,2,C,,-1,P,0,-1,UK,Fall 2019,0,2,0,0,510904,,,,,,,,,,,,,,,,2,,,,2,,,
86753091,2016-17,STU00549,FALL,>20 - 24,First-Time,Part-Time,C,R,,White,N,M,B,N,First-Time Part-Time,A,540101,2.88,2.55,8,5,0,0,0,0,0,0,N,R,NA,Y,NA,NC,,W,NA,NA,NA,NA,0,0,0,0,0,0,1,0,,R,,0,N,0,3,N,N,0,0,0,0,540101,,,,,,,,,,,,,,,,,,,,,,,
86753091,2019-20,STU00550,FALL,20 and younger,First-Time,Full-Time,C,N,,White,N,F,P,UK,First-Time Full-Time,01,420101,1.13,2.22,15,13,25,18,25,17,24,20,N,R,NA,Y,NA,C,,2.14,NA,Y,NA,C,1,0,0,0,0,0,1,0,,N,First Year Success,2,N,0,0,N,Fall 2019,0,0,0,0,420101,,,,,,,,,,,,,,,,,,,,,,,
86753091,2018-19,STU00551,WINTER,Older than 24,First-Time,Part-Time,UK,C,,American Indian or Alaska Native,N,F,B,Y,First-Time Part-Time,C2,261504,2.22,2.82,4,3,13,10,11,6,11,8,UK,N,UK,NA,UK,NA,,,UK,NA,UK,NA,1,0,0,0,0,0,1,0,,C,,0,N,1,1,Y,Spring 2020,0,0,0,0,261504,,,,,,,,,,,,,,,,,,,,,,,
86753091,2019-20,STU00552,FALL,>20 - 24,Transfer-In,Part-Time,N,N,,White,N,M,,N,Transfer-In Part-Time,A,270101,2.67,2.57,5,4,13,10,14,13,0,0,R,R,Y,Y,C,D,1.12,W,N,Y,N,D,1,0,0,0,0,0,2,0,,N,,0,N,0,0,N,N,0,0,0,0,270101,,,,,,,,,,,,,,,,,,,,,,,
86753091,2019-20,STU00553,FALL,20 and younger,Transfer-In,Full-Time,N,N,,White,N,F,B,Y,Transfer-In Full-Time,B,513899,2.43,3.07,17,13,29,22,0,0,0,0,R,R,Y,Y,C,C,1.3,3.1,Y,N,C,N,1,0,0,0,0,0,1,0,,N,,0,N,0,3,UK,N,0,0,0,0,513899,,,,,,,,,,,,,,,,,,,,,,,
86753091,2018-19,STU00554,FALL,20 and younger,First-Time,Full-Time,C,C,,White,N,F,,N,First-Time Full-Time,B,110701,3.54,4,21,19,28,22,26,25,19,19,N,N,NA,NA,NA,NA,,,NA,NA,NA,NA,1,0,0,0,0,0,3,0,,C,,0,UK,0,2,N,N,0,3,0,0,110701,,,,,,,,,,,,,,,,,,,,3,,,
86753091,2016-17,STU00555,FALL,20 and younger,First-Time,Full-Time,R,N,,Asian,N,F,C,N,First-Time Full-Time,B,422814,4,4,19,18,26,25,29,29,0,0,R,R,Y,Y,C,C,3.39,2.89,NA,Y,NA,C,1,1,0,0,0,0,4,1,,N,,1,UK,0,1,N,Fall 2020,0,0,0,0,422814,,,TX,,,,,Associate's Colleges,,,,,Town/Rural,,,,,,,,,,
86753091,2018-19,STU00556,SPRING,>20 - 24,First-Time,Full-Time,N,N,,Hispanic,H,M,B,Y,First-Time Full-Time,B,230101,3.22,2.98,13,11,19,16,0,0,0,0,R,R,Y,N,D,N,W,,Y,N,D,N,1,0,0,0,0,0,2,0,,N,,0,N,0,4,N,N,0,0,0,0,230101,,,,,,,,,,,,,,,,,,,,,,,
86753091,2016-17,STU00557,SPRING,Older than 24,First-Time,Full-Time,N,C,,Asian,N,F,N,UK,First-Time Full-Time,B,270101,3.82,3.34,9,9,31,27,24,20,23,19,R,N,Y,NA,D,NA,I,,Y,NA,C,NA,1,0,0,0,0,0,2,0,,C,,0,N,0,2,N,N,0,0,0,0,270101,,,,,,,,,,,,,,,,,,,,,,,
86753091,2018-19,STU00558,FALL,>20 - 24,First-Time,Full-Time,C,R,,Hispanic,H,M,,N,First-Time Full-Time,B,110701,3.09,2.86,13,9,0,0,0,0,0,0,N,R,NA,Y,NA,C,,2.15,NA,NA,NA,NA,0,0,0,0,0,0,1,0,,R,,3,N,0,-1,N,N,0,0,0,0,110701,,,,,,,,,,,,,,,,,,,,,,,
86753091,2016-17,STU00559,SPRING,20 and younger,Transfer-In,Full-Time,C,C,,White,N,F,C,Y,Transfer-In Full-Time,B,520201,2.93,2.21,7,5,25,22,0,0,0,0,N,N,NA,NA,NA,NA,,,NA,NA,NA,NA,1,0,0,0,0,0,1,0,,C,,0,N,0,3,N,N,0,0,0,0,520201,,,,,,,,,,,,,,,,,,,,,,,
86753091,2019-20,STU00560,SPRING,20 and younger,First-Time,Part-Time,N,N,,Two or More Races,N,M,A,N,First-Time Part-Time,A,422814,4,3.35,11,8,13,13,23,19,16,11,R,R,Y,Y,C,C,3.65,2.87,N,Y,N,C,1,0,0,0,0,0,4,0,,N,,0,P,0,0,UK,N,0,0,0,0,422814,,,,,,,,,,,,,,,,,,,,,,,
86753091,2020-21,STU00561,FALL,>20 - 24,First-Time,Full-Time,R,C,,Unknown,UK,M,B,N,First-Time Full-Time,A,240101,2.67,2.81,14,11,22,18,0,0,0,0,R,N,N,NA,N,NA,,,NA,NA,NA,NA,1,0,0,0,0,0,2,0,,C,,0,N,0,3,N,Fall 2020,5,0,0,0,240101,,,,,,,,,,,,,,,,,,,,,,,
86753091,2019-20,STU00562,SPRING,>20 - 24,Transfer-In,Full-Time,C,R,UK,White,N,M,B,N,Transfer-In Full-Time,B,230101,3.62,4,18,17,30,29,0,0,0,0,N,R,NA,Y,NA,C,,2.94,NA,NA,NA,NA,1,0,0,0,0,0,1,0,,R,,0,N,1,4,N,N,0,0,0,0,230101,,,,,,,,,,,,,,,,,,,,,,,
86753091,2019-20,STU00563,FALL,Older than 24,First-Time,Full-Time,C,C,,Asian,N,F,C,N,First-Time Full-Time,A,420101,2.88,2.96,16,14,0,0,0,0,0,0,N,N,NA,NA,NA,NA,,,NA,NA,NA,NA,0,1,0,0,0,2,1,2,,C,STEM Scholars 2019,0,N,0,1,N,N,0,2,0,2,420101,,IL,IL,,IL,,Baccalaureate Colleges,Baccalaureate Colleges,,Baccalaureate Colleges,,Suburb,Suburb,,Suburb,,,2,,2,,2,
86753091,2017-18,STU00564,FALL,20 and younger,First-Time,Full-Time,C,N,,White,N,M,B,N,First-Time Full-Time,B,422814,2.41,2.71,9,8,0,0,0,0,0,0,N,R,NA,Y,NA,D,,W,NA,Y,NA,D,0,0,0,0,0,0,1,0,,N,,-1,N,0,0,N,Fall 2019,0,0,0,0,422814,,,,,,,,,,,,,,,,,,,,,,,
86753091,2017-18,STU00565,FALL,20 and younger,Transfer-In,Full-Time,R,C,,Hispanic,H,M,P,Y,Transfer-In Full-Time,B,513899,3.21,3.01,17,15,0,0,0,0,0,0,R,N,Y,NA,D,NA,F,,NA,NA,NA,NA,0,0,0,0,0,0,1,0,,C,,1,N,0,4,N,N,0,3,0,0,513899,,,,,,,,,,,,,,,,,,,,3,,,
86753091,2020-21,STU00566,FALL,20 and younger,First-Time,Full-Time,N,C,,White,N,F,B,UK,First-Time Full-Time,03,520201,2.07,2.47,18,14,27,17,0,0,0,0,R,N,N,NA,N,NA,,,Y,NA,C,NA,1,0,0,0,0,0,2,0,,C,,1,N,0,3,N,Fall 2019,0,0,0,0,520201,,,,,,,,,,,,,,,,,,,,,,,
86753091,2018-19,STU00567,WINTER,>20 - 24,Transfer-In,Full-Time,N,C,UK,Hispanic,H,F,B,Y,Transfer-In Full-Time,03,422814,2.32,2.93,14,11,24,18,24,24,0,0,R,N,Y,NA,C,NA,3.64,,Y,NA,D,NA,1,1,0,0,0,0,3,1,,C,First Year Success,1,N,1,3,N,Fall 2020,0,0,0,0,422814,,,IL,,,,,,,,,,Suburb,,,,,,,,,,
86753091,2018-19,STU00568,SUMMER,20 and younger,Transfer-In,Full-Time,R,C,UK,Hispanic,H,F,C,N,Transfer-In Full-Time,B,520201,2.68,2.77,12,9,0,0,0,0,0,0,R,N,Y,NA,C,NA,2.96,,NA,NA,NA,NA,0,1,0,0,0,0,1,2,,C,,0,N,0,0,N,Fall 2019,7,0,0,0,520201,,,NJ,,,,,Doctoral Universities,,,,,,,,,,,,,,,
86753091,2018-19,STU00569,SPRING,20 and younger,Transfer-In,Full-Time,C,C,,Black or African American,N,F,A,UK,Transfer-In Full-Time,03,230101,2.38,2.15,18,13,0,0,0,0,0,0,N,N,NA,NA,NA,NA,,,NA,NA,NA,NA,0,0,0,0,0,0,1,0,,C,,0,N,0,0,N,N,0,0,0,0,230101,,,,,,,,,,,,,,,,,,,,,,,
86753091,2019-20,STU00570,FALL,20 and younger,Transfer-In,Full-Time,C,C,,Hispanic,H,M,P,N,Transfer-In Full-Time,B,420101,2.29,2.72,16,13,0,0,0,0,0,0,N,N,NA,NA,NA,NA,,,NA,NA,NA,NA,0,0,0,0,0,0,1,0,,C,,0,N,0,3,N,N,0,3,0,0,420101,,,,,,,,,,,,,,,,,,,,3,,,
86753091,2017-18,STU00571,FALL,>20 - 24,First-Time,Full-Time,N,N,,Black or African American,N,F,A,UK,First-Time Full-Time,03,420101,2.9,2.67,11,8,30,23,23,14,30,23,R,R,Y,Y,NC,D,W,F,Y,Y,C,C,1,0,0,0,0,0,1,0,,N,,2,N,0,3,Y,Spring 2021,0,0,0,0,420101,,,,,,,,,,,,,,,,,,,,,,,
86753091,2020-21,STU00572,FALL,>20 - 24,First-Time,Full-Time,R,C,,Black or African American,N,F,B,N,First-Time Full-Time,A,270101,3.66,3.82,15,15,23,23,27,22,32,27,R,N,Y,NA,C,NA,4,,NA,NA,NA,NA,1,0,0,0,0,0,3,0,,C,,0,UK,0,0,N,N,0,0,0,0,270101,,,,,,,,,,,,,,,,,,,,,,,
86753091,2016-17,STU00573,SPRING,>20 - 24,Transfer-In,Part-Time,N,C,,White,N,M,,N,Transfer-In Part-Time,B,110701,2.95,2.53,6,3,0,0,0,0,0,0,R,N,Y,NA,C,NA,3.14,,N,NA,N,NA,0,0,0,0,0,0,1,0,,C,,2,UK,0,2,Y,N,0,0,0,0,110701,,,,,,,,,,,,,,,,,,,,,,,
86753091,2016-17,STU00574,FALL,Older than 24,Transfer-In,Full-Time,C,C,,Black or African American,N,F,A,Y,Transfer-In Full-Time,B,131202,4,3.78,16,11,35,35,39,28,23,20,N,N,NA,NA,NA,NA,,,NA,NA,NA,NA,1,0,0,0,0,0,1,0,,C,,-1,N,0,1,N,Fall 2020,6,0,0,0,131202,,,,,,,,,,,,,,,,,,,,,,,
86753091,2019-20,STU00575,SUMMER,>20 - 24,First-Time,Full-Time,N,N,,White,N,F,N,N,First-Time Full-Time,03,131202,3.65,3.43,17,15,0,0,0,0,0,0,R,R,Y,Y,C,C,2.22,3.65,Y,N,C,N,0,0,0,0,0,0,1,0,,N,First Year Success,0,N,0,0,UK,N,0,0,0,0,131202,,,,,,,,,,,,,,,,,,,,,,,
86753091,2019-20,STU00576,FALL,>20 - 24,First-Time,Full-Time,N,C,,Hispanic,H,F,C,N,First-Time Full-Time,03,420101,3.15,3.1,11,10,29,22,29,22,33,26,R,N,Y,NA,D,NA,W,,N,NA,N,NA,1,0,0,0,0,0,3,0,,C,,3,N,0,1,UK,Fall 2020,0,0,0,0,420101,,,,,,,,,,,,,,,,,,,,,,,
86753091,2020-21,STU00577,WINTER,20 and younger,First-Time,Full-Time,C,C,DE,White,N,M,P,Y,First-Time Full-Time,B,131202,3.26,2.42,14,10,0,0,0,0,0,0,N,N,NA,NA,NA,NA,,,NA,NA,NA,NA,0,0,0,0,0,0,1,0,,C,First Year Success,1,UK,0,-1,UK,Fall 2019,4,0,0,0,131202,,,,,,,,,,,,,,,,,,,,,,,
86753091,2016-17,STU00578,FALL,Older than 24,Transfer-In,Full-Time,C,C,,White,N,F,A,N,Transfer-In Full-Time,B,422814,4,3.62,11,10,23,20,0,0,0,0,N,N,NA,NA,NA,NA,,,NA,NA,NA,NA,1,0,0,0,0,0,2,0,,C,,-1,P,0,4,N,N,0,0,0,0,422814,,,,,,,,,,,,,,,,,,,,,,,
86753091,2017-18,STU00579,FALL,>20 - 24,First-Time,Full-Time,C,R,,Hispanic,H,F,P,UK,First-Time Full-Time,C1,510904,3.3,3.71,18,15,28,23,24,23,32,21,N,R,NA,Y,NA,C,,3.67,NA,NA,NA,NA,1,1,0,0,0,0,1,0,,R,,0,N,2,0,N,N,0,0,0,0,510904,,,,,,,,,,,,,Urban,,,,,,,,,,
86753091,2020-21,STU00580,SPRING,20 and younger,First-Time,Full-Time,N,C,,Nonresident alien,N,M,B,N,First-Time Full-Time,C1,540101,2.3,2.1,15,13,28,20,26,14,26,20,R,N,N,NA,N,NA,,,N,NA,N,NA,1,0,0,0,0,0,1,0,,C,,1,N,0,0,N,N,0,0,0,0,540101,,,,,,,,,,,,,,,,,,,,,,,
86753091,2016-17,STU00581,FALL,20 and younger,Transfer-In,Full-Time,C,R,,White,N,M,B,N,Transfer-In Full-Time,01,131202,3.36,2.53,16,15,0,0,0,0,0,0,N,R,NA,Y,NA,NC,,I,NA,NA,NA,NA,0,0,0,0,0,0,1,0,,R,,0,N,0,1,Y,N,0,0,0,0,131202,,,,,,,,,,,,,,,,,,,,,,,
86753091,2017-18,STU00582,FALL,20 and younger,First-Time,Full-Time,R,C,SE,Hispanic,H,F,B,N,First-Time Full-Time,B,540101,4,3.74,12,11,23,21,0,0,0,0,R,N,N,NA,N,NA,,,NA,NA,NA,NA,1,0,0,0,0,0,3,0,,C,,1,N,0,3,N,N,0,0,0,0,540101,,,,,,,,,,,,,,,,,,,,,,,
86753091,2016-17,STU00583,FALL,>20 - 24,First-Time,Part-Time,C,R,,Hispanic,H,M,B,N,First-Time Part-Time,B,420101,2.82,2.53,7,5,0,0,0,0,0,0,N,R,NA,Y,NA,C,,2.86,NA,NA,NA,NA,0,1,0,0,0,0,1,0,,R,First Year Success,0,UK,1,0,N,Fall 2020,7,4,0,0,420101,,,NY,,,,,Doctoral Universities,,,,,Suburb,,,,,,,4,,,
86753091,2019-20,STU00584,FALL,Older than 24,Re-admit,Part-Time,C,C,,Black or African American,N,F,,N,Re-admit Part-Time,02,270101,2.79,3.78,9,7,14,14,0,0,0,0,N,N,NA,NA,NA,NA,,,NA,NA,NA,NA,1,0,0,0,0,0,1,0,,C,,1,N,0,2,UK,Spring 2020,0,0,0,0,270101,,,,,,,,,,,,,,,,,,,,,,,
86753091,2017-18,STU00585,FALL,20 and younger,Transfer-In,Full-Time,R,C,,White,N,F,B,UK,Transfer-In Full-Time,03,240101,2.12,2.75,9,7,33,24,38,29,31,20,R,N,N,NA,N,NA,,,NA,NA,NA,NA,1,1,0,0,6,0,3,2,,C,,-1,N,0,2,N,N,0,0,6,0,240101,NJ,,NJ,NJ,,Associate's Colleges,,Associate's Colleges,Associate's Colleges,,Town/Rural,,Town/Rural,Town/Rural,,,,,,,,,
86753091,2016-17,STU00586,FALL,>20 - 24,First-Time,Part-Time,R,UK,,White,N,F,B,N,First-Time Part-Time,B,510904,2.58,3.53,9,8,11,8,0,0,0,0,R,UK,N,UK,N,UK,,,NA,UK,NA,UK,1,1,0,0,0,0,2,0,,UK,,-1,N,-1,4,Y,N,0,0,0,0,510904,,,,,,,,Associate's Colleges,,,,,Town/Rural,,,,,,,,,,
86753091,2019-20,STU00587,FALL,20 and younger,Transfer-In,Full-Time,C,C,,Black or African American,N,F,B,N,Transfer-In Full-Time,03,270101,3.71,3.44,10,9,22,15,0,0,0,0,N,N,NA,NA,NA,NA,,,NA,NA,NA,NA,1,0,0,0,0,0,2,0,,C,,0,UK,0,0,UK,N,0,0,0,0,270101,,,,,,,,,,,,,,,,,,,,,,,
86753091,2020-21,STU00588,FALL,>20 - 24,First-Time,Full-Time,C,R,,White,N,M,N,N,First-Time Full-Time,B,240101,3.04,2.84,11,9,0,0,0,0,0,0,N,R,NA,N,NA,N,,,NA,NA,NA,NA,0,1,0,0,0,3,1,2,,R,STEM Scholars 2019,0,N,0,4,N,N,0,0,0,3,240101,,TX,TX,,TX,,Baccalaureate Colleges,Baccalaureate Colleges,,Baccalaureate Colleges,,Town/Rural,Town/Rural,,Town/Rural,,,3,,,,3,
86753091,2019-20,STU00589,FALL,>20 - 24,Transfer-In,Part-Time,C,C,,White,N,M,N,Y,Transfer-In Part-Time,01,240101,3.3,3.16,11,11,15,13,10,9,0,0,N,N,NA,NA,NA,NA,,,NA,NA,NA,NA,1,0,0,0,0,0,4,0,,C,,1,N,0,3,N,N,0,0,0,0,240101,,,,,,,,,,,,,,,,,,,,,,,
86753091,2020-21,STU00590,FALL,>20 - 24,First-Time,Full-Time,N,N,,White,N,F,B,Y,First-Time Full-Time,B,230101,3.23,2.79,15,14,24,23,28,25,28,24,R,R,Y,Y,D,C,F,2.96,N,Y,N,D,1,0,0,0,0,0,3,0,,N,,0,N,0,2,UK,Fall 2019,4,0,0,0,230101,,,,,,,,,,,,,,,,,,,,,,,
86753091,2016-17,STU00591,SPRING,>20 - 24,Transfer-In,Part-Time,C,C,,White,N,M,A,N,Transfer-In Part-Time,03,420101,4,3.38,11,10,20,15,16,14,0,0,N,N,NA,NA,NA,NA,,,NA,NA,NA,NA,1,0,0,0,0,0,1,0,,C,First Year Success,1,N,0,3,N,N,0,0,0,0,420101,,,,,,,,,,,,,,,,,,,,,,,
86753091,2016-17,STU00592,FALL,20 and younger,Re-admit,Full-Time,C,N,,White,N,M,P,N,Re-admit Full-Time,B,131202,3.54,4,19,19,24,24,28,27,32,25,N,R,NA,UK,NA,UK,,,NA,Y,NA,D,1,0,0,0,0,0,2,0,,N,,0,UK,0,0,N,Fall 2019,0,0,0,0,131202,,,,,,,,,,,,,,,,,,,,,,,
86753091,2016-17,STU00593,FALL,>20 - 24,Transfer-In,Part-Time,C,R,,Hispanic,H,M,A,N,Transfer-In Part-Time,03,420101,2.49,2.3,5,5,15,10,14,8,0,0,N,R,NA,N,NA,N,,,NA,NA,NA,NA,1,0,0,0,0,0,3,0,,R,,4,UK,0,-1,N,N,0,0,0,0,420101,,,,,,,,,,,,,,,,,,,,,,,
86753091,2019-20,STU00594,FALL,>20 - 24,First-Time,Part-Time,N,N,,Black or African American,N,F,B,Y,First-Time Part-Time,C1,240101,1.9,2.41,5,2,12,10,15,11,0,0,R,R,Y,Y,NC,C,W,4,Y,Y,C,C,1,0,0,0,0,0,1,0,,N,First Year Success,0,N,0,4,UK,N,5,0,0,0,240101,,,,,,,,,,,,,,,,,,,,,,,
86753091,2019-20,STU00595,FALL,20 and younger,First-Time,Full-Time,C,C,DE,Asian,N,M,A,UK,First-Time Full-Time,B,131202,3.12,2.43,14,13,0,0,0,0,0,0,N,N,NA,NA,NA,NA,,,NA,NA,NA,NA,0,0,0,0,0,0,1,0,,C,,-1,P,0,0,N,Spring 2020,0,0,0,0,131202,,,,,,,,,,,,,,,,,,,,,,,
86753091,2017-18,STU00596,SUMMER,20 and younger,Transfer-In,Full-Time,C,C,,White,N,M,B,UK,Transfer-In Full-Time,B,520201,2.68,2.56,18,10,29,22,27,22,31,25,N,N,NA,NA,NA,NA,,,NA,NA,NA,NA,1,0,0,0,0,0,2,0,,C,,3,N,2,0,Y,N,0,3,0,0,520201,,,,,,,,,,,,,,,,,,,,3,,,
86753091,2020-21,STU00597,SPRING,20 and younger,First-Time,Full-Time,C,C,,Asian,N,F,B,N,First-Time Full-Time,03,422814,4,4,14,12,30,26,0,0,0,0,N,N,NA,NA,NA,NA,,,NA,NA,NA,NA,1,1,0,0,0,0,2,2,,C,First Year Success,4,N,0,1,UK,N,0,0,0,0,422814,,,MI,,,,,Doctoral Universities,,,,,,,,,,,,,,,
86753091,2020-21,STU00598,FALL,20 and younger,Transfer-In,Part-Time,C,R,,White,N,M,B,Y,Transfer-In Part-Time,03,420101,4,3.71,5,5,13,13,13,11,16,15,N,R,NA,Y,NA,D,,W,NA,NA,NA,NA,1,0,0,0,0,0,5,0,,R,,0,N,0,-1,N,N,0,0,0,0,420101,,,,,,,,,,,,,,,,,,,,,,,
86753091,2018-19,STU00599,FALL,Older than 24,First-Time,Part-Time,C,C,,Hispanic,H,M,C,UK,First-Time Part-Time,B,540101,3.7,3.03,8,7,20,14,5,5,20,17,N,N,NA,NA,NA,NA,,,NA,NA,NA,NA,1,0,0,0,0,0,5,0,,C,,3,N,0,4,N,N,0,0,0,0,540101,,,,,,,,,,,,,,,,,,,,,,,
86753091,2019-20,STU00600,FALL,20 and younger,Transfer-In,Full-Time,C,C,,Black or African American,N,F,B,N,Transfer-In Full-Time,B,513899,4,4,14,14,27,26,24,24,31,28,N,N,NA,NA,NA,NA,,,NA,NA,NA,NA,1,0,0,0,0,0,2,0,,C,,6,N,0,3,N,N,0,0,0,0,513899,,,,,,,,,,,,,,,,,,,,,,,
86753091,2016-17,STU00601,FALL,20 and younger,First-Time,Full-Time,R,C,,Hispanic,H,F,N,Y,First-Time Full-Time,03,261504,3.75,3.74,16,16,26,23,29,24,0,0,R,N,Y,NA,C,NA,1,,NA,NA,NA,NA,1,0,0,3,0,0,3,0,2.7,C,STEM Scholars 2019,0,N,0,0,Y,N,0,3,0,0,261504,,,,,,,,,,,,,,,,3,,,,3,,,
86753091,2020-21,STU00602,FALL,20 and younger,First-Time,Full-Time,C,N,,Hispanic,H,F,B,Y,First-Time Full-Time,B,540101,4,3.96,18,16,25,25,0,0,0,0,N,R,NA,N,NA,N,,,NA,Y,NA,C,1,0,0,0,0,0,1,0,,N,,2,P,0,-1,N,N,0,0,0,0,540101,,,,,,,,,,,,,,,,,,,,,,,
86753091,2018-19,STU00603,FALL,20 and younger,First-Time,Full-Time,R,N,DE,White,N,F,A,N,First-Time Full-Time,B,420101,1.42,1.81,12,8,28,21,34,19,29,20,R,R,Y,Y,C,C,2.86,P,NA,N,NA,N,1,0,0,0,0,0,4,0,,N,,1,N,-1,2,N,Fall 2019,0,3,0,0,420101,,,,,,,,,,,,,,,,,,,,3,,,
86753091,2020-21,STU00604,SUMMER,20 and younger,First-Time,Full-Time,C,C,,Nonresident alien,N,F,C,Y,First-Time Full-Time,B,520201,3.95,3.58,15,14,26,25,25,21,0,0,N,N,NA,NA,NA,NA,,,NA,NA,NA,NA,1,1,0,0,0,0,3,2,,C,,-1,N,0,-1,N,Fall 2020,0,0,0,0,520201,,,AZ,,,,,Associate's Colleges,,,,,,,,,,,,,,,
86753091,2020-21,STU00605,SUMMER,>20 - 24,First-Time,Full-Time,R,C,,White,N,F,B,Y,First-Time Full-Time,B,540101,2.12,2.42,19,16,25,21,0,0,0,0,R,N,N,NA,N,NA,,,NA,NA,NA,NA,1,0,0,0,0,0,1,0,,C,,0,N,0,3,N,N,0,0,0,0,540101,,,,,,,,,,,,,,,,,,,,,,,
86753091,2016-17,STU00606,FALL,>20 - 24,Transfer-In,Part-Time,C,R,,Asian,N,X,B,UK,Transfer-In Part-Time,B,513899,3.01,2.65,7,6,21,20,22,17,10,7,N,R,NA,Y,NA,C,,2.49,NA,NA,NA,NA,1,0,0,0,0,0,2,0,,R,,2,N,0,2,N,N,0,3,0,0,513899,,,,,,,,,,,,,,,,,,,,3,,,
86753091,2017-18,STU00607,SPRING,>20 - 24,First-Time,Part-Time,R,N,UK,Hispanic,H,F,B,Y,First-Time Part-Time,02,261504,3.08,2.55,7,5,11,8,17,13,18,13,R,R,Y,Y,NC,C,W,2.63,NA,N,NA,N,1,0,0,0,0,0,3,0,,N,,2,UK,0,3,N,Fall 2020,0,0,0,0,261504,,,,,,,,,,,,,,,,,,,,,,,
86753091,2018-19,STU00608,FALL,20 and younger,First-Time,Full-Time,C,C,,Hispanic,H,F,B,N,First-Time Full-Time,B,110701,3.71,3.85,20,19,30,27,0,0,0,0,N,N,NA,NA,NA,NA,,,NA,NA,NA,NA,1,0,0,0,0,0,1,0,,C,,5,N,2,-1,N,N,0,0,0,0,110701,,,,,,,,,,,,,,,,,,,,,,,
86753091,2020-21,STU00609,FALL,>20 - 24,First-Time,Full-Time,C,C,,White,N,F,B,Y,First-Time Full-Time,B,510904,2.2,2.43,19,17,36,29,34,30,0,0,N,N,NA,NA,NA,NA,,,NA,NA,NA,NA,1,0,0,0,0,0,4,0,,C,,0,N,1,0,N,N,0,0,0,0,510904,,,,,,,,,,,,,,,,,,,,,,,
86753091,2018-19,STU00610,SUMMER,>20 - 24,First-Time,Full-Time,C,N,,Hispanic,H,F,B,Y,First-Time Full-Time,03,270101,4,4,14,11,23,23,0,0,0,0,N,R,NA,Y,NA,C,,A,NA,Y,NA,C,1,1,0,0,0,0,2,2,,N,,0,P,0,1,N,N,5,0,0,0,270101,,,GA,,,,,Baccalaureate Colleges,,,,,,,,,,,,,,,
86753091,2019-20,STU00611,FALL,20 and younger,Transfer-In,Full-Time,C,C,,Two or More Races,N,F,,N,Transfer-In Full-Time,B,270101,2.82,2.36,17,13,0,0,0,0,0,0,N,N,NA,NA,NA,NA,,,NA,NA,NA,NA,0,0,0,0,0,0,1,0,,C,,0,N,0,-1,N,N,0,0,0,0,270101,,,,,,,,,,,,,,,,,,,,,,,
86753091,2020-21,STU00612,FALL,20 and younger,First-Time,Part-Time,N,R,,Hispanic,H,F,N,UK,First-Time Part-Time,B,422814,3.99,4,10,10,17,17,19,19,8,7,R,R,Y,Y,D,C,F,2.66,Y,NA,C,NA,1,0,0,0,0,0,2,0,,R,,1,N,0,3,N,N,0,0,0,0,422814,,,,,,,,,,,,,,,,,,,,,,,
86753091,2019-20,STU00613,FALL,>20 - 24,First-Time,Full-Time,N,R,,Black or African American,N,F,B,Y,First-Time Full-Time,02,422814,3.28,2.86,15,11,19,14,26,17,24,18,R,R,N,Y,N,C,,3.01,N,NA,N,NA,1,0,0,0,0,0,3,0,,R,,0,N,0,2,N,N,0,0,0,0,422814,,,,,,,,,,,,,,,,,,,,,,,
86753091,2018-19,STU00614,SPRING,>20 - 24,First-Time,Full-Time,C,C,,Hispanic,H,M,C,UK,First-Time Full-Time,01,520201,2.67,3.24,18,15,25,21,23,20,27,26,N,N,NA,NA,NA,NA,,,NA,NA,NA,NA,1,0,0,0,0,0,2,0,,C,,0,N,0,3,N,N,0,2,0,0,520201,,,,,,,,,,,,,,,,,,,,2,,,
86753091,2017-18,STU00615,FALL,>20 - 24,Re-admit,Full-Time,C,C,,White,N,M,P,UK,Re-admit Full-Time,B,110701,4,3.97,14,14,28,27,0,0,0,0,N,N,NA,NA,NA,NA,,,NA,NA,NA,NA,1,0,0,0,0,0,4,0,,C,,1,N,-1,0,UK,N,0,0,0,0,110701,,,,,,,,,,,,,,,,,,,,,,,
86753091,2017-18,STU00616,FALL,>20 - 24,First-Time,Full-Time,C,N,,White,N,M,B,Y,First-Time Full-Time,B,420101,2.95,3.04,15,14,19,17,0,0,0,0,N,R,NA,Y,NA,D,,I,NA,Y,NA,D,1,0,0,0,0,0,2,0,,N,,5,N,0,4,N,N,0,0,0,0,420101,,,,,,,,,,,,,,,,,,,,,,,
86753091,2020-21,STU00617,SPRING,>20 - 24,First-Time,Part-Time,R,C,,Two or More Races,N,F,A,Y,First-Time Part-Time,B,510904,3.03,3.09,11,11,13,12,0,0,0,0,R,N,Y,NA,C,NA,2.4,,NA,NA,NA,NA,1,0,0,0,0,0,2,0,,C,,0,UK,0,-1,N,N,0,2,0,0,510904,,,,,,,,,,,,,,,,,,,,2,,,
86753091,2020-21,STU00618,FALL,20 and younger,First-Time,Full-Time,C,C,,White,N,F,B,Y,First-Time Full-Time,B,270101,2.19,2.03,14,11,23,18,0,0,0,0,N,N,NA,NA,NA,NA,,,NA,NA,NA,NA,1,0,0,0,0,0,3,0,,C,,0,N,0,0,N,N,0,0,0,0,270101,,,,,,,,,,,,,,,,,,,,,,,
86753091,2019-20,STU00619,FALL,20 and younger,First-Time,Full-Time,C,C,,Hispanic,H,M,B,N,First-Time Full-Time,B,261504,2.16,3.02,15,10,28,18,27,16,0,0,N,N,NA,NA,NA,NA,,,NA,NA,NA,NA,1,0,0,0,0,0,3,0,,C,,1,N,-1,3,Y,Spring 2020,0,0,0,0,261504,,,,,,,,,,,,,,,,,,,,,,,
86753091,2019-20,STU00620,SUMMER,20 and younger,First-Time,Full-Time,C,C,,White,N,F,B,Y,First-Time Full-Time,03,261504,3.32,3.22,14,13,0,0,0,0,0,0,N,N,NA,NA,NA,NA,,,NA,NA,NA,NA,0,0,0,0,0,0,1,0,,C,,6,P,0,-1,N,N,0,0,0,0,261504,,,,,,,,,,,,,,,,,,,,,,,
86753091,2016-17,STU00621,FALL,Older than 24,First-Time,Full-Time,N,N,,Black or African American,N,F,B,N,First-Time Full-Time,A,420101,3.1,2.02,15,11,30,18,19,14,27,22,R,R,Y,N,D,N,F,,Y,Y,D,C,1,0,0,0,0,0,2,0,,N,,0,UK,0,4,N,Fall 2019,0,0,0,0,420101,,,,,,,,,,,,,,,,,,,,,,,
86753091,2018-19,STU00622,WINTER,20 and younger,First-Time,Part-Time,C,N,SE,Two or More Races,N,F,C,N,First-Time Part-Time,B,513899,3.03,3.16,5,5,13,11,8,8,13,8,N,R,NA,Y,NA,NC,,W,NA,N,NA,N,1,0,0,0,0,0,2,0,,N,,2,UK,0,2,N,N,0,0,0,0,513899,,,,,,,,,,,,,,,,,,,,,,,
86753091,2018-19,STU00623,FALL,Older than 24,First-Time,Full-Time,C,R,,White,N,F,N,N,First-Time Full-Time,B,230101,3.1,2.92,11,10,23,22,29,26,28,25,N,R,NA,Y,NA,C,,2.53,NA,NA,NA,NA,1,0,0,0,0,0,2,0,,R,,-1,N,0,4,N,N,0,0,0,0,230101,,,,,,,,,,,,,,,,,,,,,,,
86753091,2018-19,STU00624,FALL,20 and younger,First-Time,Full-Time,C,C,SE,Asian,N,M,P,Y,First-Time Full-Time,01,540101,3.68,4,15,14,24,24,20,19,24,23,N,N,NA,NA,NA,NA,,,NA,NA,NA,NA,1,0,0,0,0,0,1,0,,C,First Year Success,-1,N,2,3,N,Fall 2020,0,0,0,0,540101,,,,,,,,,,,,,,,,,,,,,,,
86753091,2017-18,STU00625,FALL,>20 - 24,First-Time,Full-Time,UK,C,,Black or African American,N,F,N,N,First-Time Full-Time,B,520201,2.15,2.05,13,10,36,33,34,30,34,23,UK,N,UK,NA,UK,NA,,,UK,NA,UK,NA,1,0,0,0,0,0,1,0,,C,,0,N,0,0,N,N,0,0,0,0,520201,,,,,,,,,,,,,,,,,,,,,,,
86753091,2018-19,STU00626,FALL,Older than 24,First-Time,Full-Time,N,N,,White,N,M,,Y,First-Time Full-Time,03,270101,2.83,2.9,11,8,26,23,24,24,0,0,R,R,N,Y,N,NC,,W,Y,N,C,N,1,0,0,0,0,0,2,0,,N,,0,N,0,3,Y,N,0,0,0,0,270101,,,,,,,,,,,,,,,,,,,,,,,
86753091,2018-19,STU00627,FALL,20 and younger,First-Time,Full-Time,C,C,SE,Hispanic,H,M,C,N,First-Time Full-Time,B,513899,3.81,3.67,18,14,30,28,30,27,0,0,N,N,NA,NA,NA,NA,,,NA,NA,NA,NA,1,0,0,2,0,0,5,0,1.8,C,,3,N,0,0,N,N,0,2,0,0,513899,,,,,,,,,,,,,,,,2,,,,2,,,
86753091,2018-19,STU00628,FALL,20 and younger,First-Time,Full-Time,N,C,DE,White,N,M,P,N,First-Time Full-Time,B,420101,3.51,4,13,9,21,16,0,0,0,0,R,N,Y,NA,C,NA,3.66,,Y,NA,C,NA,1,1,0,0,0,0,3,1,,C,Bridge Program,5,N,0,0,N,N,0,0,0,0,420101,,,NY,,,,,,,,,,,,,,,,,,,,
86753091,2017-18,STU00629,FALL,Older than 24,Transfer-In,Part-Time,C,C,,White,N,F,N,N,Transfer-In Part-Time,02,261504,4,4,8,8,18,15,18,18,22,22,N,N,NA,NA,NA,NA,,,NA,NA,NA,NA,1,0,0,0,0,0,3,0,,C,,1,UK,2,3,N,N,0,0,0,0,261504,,,,,,,,,,,,,,,,,,,,,,,
86753091,2017-18,STU00630,FALL,20 and younger,First-Time,Full-Time,C,C,,Asian,N,M,C,UK,First-Time Full-Time,B,131202,3.28,2.68,16,10,30,19,23,15,30,28,N,N,NA,NA,NA,NA,,,NA,NA,NA,NA,1,0,0,0,0,0,1,0,,C,,2,P,0,3,N,N,0,0,0,0,131202,,,,,,,,,,,,,,,,,,,,,,,
86753091,2016-17,STU00631,SPRING,20 and younger,Transfer-In,Full-Time,N,R,,Two or More Races,N,F,A,N,Transfer-In Full-Time,B,110701,2.97,4,18,18,22,21,31,29,0,0,R,R,Y,Y,C,C,3.09,2.13,Y,NA,D,NA,1,0,0,0,0,0,2,0,,R,,0,N,0,0,N,N,0,0,0,0,110701,,,,,,,,,,,,,,,,,,,,,,,
86753091,2019-20,STU00632,FALL,20 and younger,First-Time,Full-Time,C,C,SE,White,N,M,A,N,First-Time Full-Time,B,131202,4,3.5,12,7,26,20,24,24,27,23,N,N,NA,NA,NA,NA,,,NA,NA,NA,NA,1,0,0,0,0,0,3,0,,C,,0,UK,0,4,Y,N,0,0,0,0,131202,,,,,,,,,,,,,,,,,,,,,,,
86753091,2020-21,STU00633,SUMMER,Older than 24,Transfer-In,Full-Time,C,R,,White,N,M,N,N,Transfer-In Full-Time,01,510904,3.8,3.42,16,12,22,21,26,25,28,28,N,R,NA,Y,NA,NC,,I,NA,NA,NA,NA,1,0,0,0,0,0,2,0,,R,,0,N,1,1,N,Spring 2020,0,0,0,0,510904,,,,,,,,,,,,,,,,,,,,,,,
86753091,2016-17,STU00634,FALL,20 and younger,Transfer-In,Full-Time,C,C,,White,N,M,B,Y,Transfer-In Full-Time,B,420101,4,3.74,17,16,26,26,24,24,29,29,N,N,NA,NA,NA,NA,,,NA,NA,NA,NA,1,1,0,0,0,0,5,0,,C,,-1,N,0,4,N,Fall 2019,0,0,0,0,420101,,,NC,,,,,Master's Colleges & Universities,,,,,Urban,,,,,,,,,,
86753091,2018-19,STU00635,FALL,Older than 24,First-Time,Full-Time,C,C,,White,N,F,A,UK,First-Time Full-Time,A,131202,4,4,14,14,34,34,26,18,32,28,N,N,NA,NA,NA,NA,,,NA,NA,NA,NA,1,1,0,0,0,0,2,1,,C,,0,Y,1,4,N,N,0,0,0,0,131202,,,,,,,,,,,,,Town/Rural,,,,,,,,,,
86753091,2018-19,STU00636,FALL,Older than 24,Transfer-In,Part-Time,C,N,UK,Hispanic,H,M,B,Y,Transfer-In Part-Time,B,513899,1.69,1.71,7,5,0,0,0,0,0,0,N,R,NA,N,NA,N,,,NA,Y,NA,C,0,1,0,0,0,0,1,0,,N,Bridge Program,3,N,0,4,UK,N,0,0,0,0,513899,,,,,,,,Master's Colleges & Universities,,,,,Suburb,,,,,,,,,,
86753091,2016-17,STU00637,FALL,>20 - 24,Transfer-In,Part-Time,N,C,,Hispanic,H,M,A,N,Transfer-In Part-Time,B,230101,3.77,4,10,8,20,17,16,16,16,16,R,N,Y,NA,C,NA,P,,Y,NA,D,NA,1,0,0,0,0,0,3,0,,C,,1,N,0,0,N,N,0,0,0,0,230101,,,,,,,,,,,,,,,,,,,,,,,
86753091,2020-21,STU00638,FALL,20 and younger,First-Time,Full-Time,C,N,,Asian,N,M,B,N,First-Time Full-Time,03,540101,2.87,3.31,19,16,0,0,0,0,0,0,N,R,NA,Y,NA,C,,3.24,NA,N,NA,N,0,0,0,0,0,0,1,0,,N,,3,UK,0,4,N,N,0,0,0,0,540101,,,,,,,,,,,,,,,,,,,,,,,
86753091,2019-20,STU00639,SPRING,>20 - 24,Transfer-In,Full-Time,N,C,,Asian,N,M,B,Y,Transfer-In Full-Time,B,520201,2.22,2.66,11,7,0,0,0,0,0,0,R,N,UK,NA,UK,NA,,,Y,NA,C,NA,0,0,0,0,0,0,1,0,,C,,0,N,0,3,N,N,0,4,0,0,520201,,,,,,,,,,,,,,,,,,,,4,,,
86753091,2017-18,STU00640,FALL,>20 - 24,Transfer-In,Part-Time,C,C,,White,N,F,A,UK,Transfer-In Part-Time,B,420101,2.38,2.79,13,11,15,10,6,5,15,15,N,N,NA,NA,NA,NA,,,NA,NA,NA,NA,1,0,0,0,0,0,1,0,,C,,0,N,0,0,N,N,5,0,0,0,420101,,,,,,,,,,,,,,,,,,,,,,,
86753091,2016-17,STU00641,FALL,>20 - 24,First-Time,Full-Time,C,N,,Nonresident alien,N,F,P,Y,First-Time Full-Time,A,261504,3.46,2.76,19,14,29,25,29,21,0,0,N,R,NA,Y,NA,C,,4,NA,N,NA,N,1,0,0,2,0,0,4,0,2,N,,6,N,-1,3,N,N,4,2,0,0,261504,,,,,,,,,,,,,,,,2,,,,2,,,
86753091,2016-17,STU00642,SPRING,>20 - 24,First-Time,Full-Time,R,C,,Hispanic,H,F,P,UK,First-Time Full-Time,C2,230101,3.14,2.67,14,8,26,22,0,0,0,0,R,N,N,NA,N,NA,,,NA,NA,NA,NA,1,0,0,0,0,0,2,0,,C,,0,N,0,0,N,N,0,0,0,0,230101,,,,,,,,,,,,,,,,,,,,,,,
86753091,2018-19,STU00643,FALL,>20 - 24,Re-admit,Part-Time,C,C,,Hispanic,H,M,B,N,Re-admit Part-Time,A,420101,3.62,3.86,3,2,13,12,0,0,0,0,N,N,NA,NA,NA,NA,,,NA,NA,NA,NA,1,0,0,0,0,0,4,0,,C,,3,N,0,2,N,N,0,4,0,0,420101,,,,,,,,,,,,,,,,,,,,4,,,
86753091,2019-20,STU00644,SPRING,20 and younger,First-Time,Full-Time,N,R,,Hispanic,H,M,B,Y,First-Time Full-Time,A,513899,3.48,3.51,17,17,30,29,26,24,34,32,R,R,Y,Y,D,C,M,3.14,N,NA,N,NA,1,0,0,0,0,0,1,0,,R,,0,N,0,0,UK,N,6,0,0,0,513899,,,,,,,,,,,,,,,,,,,,,,,
86753091,2018-19,STU00645,FALL,Older than 24,First-Time,Full-Time,C,R,,Asian,N,M,C,N,First-Time Full-Time,03,520201,3.64,3.05,12,11,28,28,0,0,0,0,N,R,NA,N,NA,N,,,NA,NA,NA,NA,1,0,0,0,0,0,2,0,,R,First Year Success,0,N,0,-1,N,Spring 2020,0,0,0,0,520201,,,,,,,,,,,,,,,,,,,,,,,
86753091,2018-19,STU00646,FALL,>20 - 24,First-Time,Full-Time,C,N,UK,Black or African American,N,F,B,N,First-Time Full-Time,02,422814,2.58,2.92,10,7,29,26,18,13,27,22,N,R,NA,N,NA,N,,,NA,N,NA,N,1,0,0,0,0,0,3,0,,N,,0,N,0,-1,N,N,0,0,0,0,422814,,,,,,,,,,,,,,,,,,,,,,,
86753091,2016-17,STU00647,SPRING,20 and younger,Transfer-In,Full-Time,UK,N,,White,N,M,B,N,Transfer-In Full-Time,A,131202,3.45,2.91,15,11,30,21,28,25,0,0,UK,R,UK,Y,UK,C,,1.89,UK,Y,UK,C,1,0,0,0,0,0,3,0,,N,,4,N,0,3,N,N,5,0,0,0,131202,,,,,,,,,,,,,,,,,,,,,,,
86753091,2019-20,STU00648,SPRING,>20 - 24,First-Time,Full-Time,N,C,,White,N,M,B,N,First-Time Full-Time,B,261504,3.74,3.5,16,11,32,26,0,0,0,0,R,N,N,NA,N,NA,,,Y,NA,C,NA,1,1,0,0,0,0,2,2,,C,,5,N,1,3,N,N,0,0,0,0,261504,,,CA,,,,,Doctoral Universities,,,,,Town/Rural,,,,,,,,,,
86753091,2019-20,STU00649,FALL,>20 - 24,Transfer-In,Part-Time,R,C,,White,N,F,B,N,Transfer-In Part-Time,B,261504,2.57,2.75,12,8,0,0,0,0,0,0,R,N,N,NA,N,NA,,,NA,NA,NA,NA,0,0,0,0,0,0,1,0,,C,,0,N,0,0,N,Fall 2019,0,0,0,0,261504,,,,,,,,,,,,,,,,,,,,,,,
86753091,2019-20,STU00650,SUMMER,20 and younger,First-Time,Full-Time,C,C,,Unknown,UK,M,A,N,First-Time Full-Time,B,520201,3.86,3.25,16,15,30,26,0,0,0,0,N,N,NA,NA,NA,NA,,,NA,NA,NA,NA,1,0,0,0,0,0,3,0,,C,,2,N,0,-1,N,Spring 2020,0,0,0,0,520201,,,,,,,,,,,,,,,,,,,,,,,
86753091,2016-17,STU00651,FALL,>20 - 24,First-Time,Full-Time,N,N,,Two or More Races,N,M,N,N,First-Time Full-Time,C1,240101,4,4,11,11,27,26,0,0,0,0,R,R,Y,Y,C,C,2.51,2.29,N,Y,N,D,1,0,0,0,0,0,1,0,,N,First Year Success,1,UK,0,0,N,N,0,3,0,0,240101,,,,,,,,,,,,,,,,,,,,3,,,
86753091,2019-20,STU00652,SPRING,20 and younger,Transfer-In,Full-Time,N,C,,Hispanic,H,F,B,N,Transfer-In Full-Time,B,513899,3.73,3.68,13,11,28,27,0,0,0,0,R,N,Y,NA,D,NA,F,,Y,NA,D,NA,1,0,0,0,0,0,2,0,,C,,0,P,0,2,UK,Fall 2020,0,0,0,0,513899,,,,,,,,,,,,,,,,,,,,,,,
86753091,2017-18,STU00653,WINTER,20 and younger,Transfer-In,Full-Time,C,C,,Hispanic,H,F,B,UK,Transfer-In Full-Time,B,422814,3.1,4,21,18,33,31,35,33,22,18,N,N,NA,NA,NA,NA,,,NA,NA,NA,NA,1,0,0,0,0,0,2,0,,C,,6,P,0,0,N,N,0,0,0,0,422814,,,,,,,,,,,,,,,,,,,,,,,
86753091,2016-17,STU00654,FALL,Older than 24,First-Time,Part-Time,C,R,,Two or More Races,N,F,B,Y,First-Time Part-Time,03,422814,4,4,8,8,22,22,18,18,0,0,N,R,NA,N,NA,N,,,NA,NA,NA,NA,1,1,0,0,0,0,1,1,,R,STEM Scholars 2019,5,N,0,0,UK,Spring 2020,0,0,0,0,422814,,,NJ,,,,,Master's Colleges & Universities,,,,,Urban,,,,,,,,,,
86753091,2018-19,STU00655,FALL,20 and younger,First-Time,Full-Time,C,C,,Two or More Races,N,F,B,N,First-Time Full-Time,B,422814,2.29,2.3,15,11,17,13,30,20,0,0,N,N,NA,NA,NA,NA,,,NA,NA,NA,NA,1,0,0,0,0,0,2,0,,C,,4,N,0,0,N,N,0,0,0,0,422814,,,,,,,,,,,,,,,,,,,,,,,
86753091,2018-19,STU00656,SPRING,20 and younger,Transfer-In,Full-Time,C,C,,Black or African American,N,F,,Y,Transfer-In Full-Time,B,510904,3.61,3.58,15,11,30,22,0,0,0,0,N,N,NA,NA,NA,NA,,,NA,NA,NA,NA,1,0,0,0,0,0,3,0,,C,,0,N,0,0,N,N,0,0,0,0,510904,,,,,,,,,,,,,,,,,,,,,,,
86753091,2016-17,STU00657,FALL,20 and younger,Transfer-In,Full-Time,C,C,,White,N,M,N,Y,Transfer-In Full-Time,B,230101,2.67,3.13,15,8,31,30,25,25,0,0,N,N,NA,NA,NA,NA,,,NA,NA,NA,NA,1,1,0,0,0,0,1,1,,C,,1,N,0,4,N,N,0,0,0,0,230101,,,MA,,,,,Baccalaureate Colleges,,,,,Suburb,,,,,,,,,,
86753091,2017-18,STU00658,SPRING,20 and younger,First-Time,Full-Time,C,R,SE,Black or African American,N,F,B,Y,First-Time Full-Time,B,510904,2.45,2.63,15,12,32,23,0,0,0,0,N,R,NA,Y,NA,C,,A,NA,NA,NA,NA,1,0,0,0,0,0,2,0,,R,,0,N,0,2,Y,N,4,0,0,0,510904,,,,,,,,,,,,,,,,,,,,,,,
86753091,2020-21,STU00659,SUMMER,>20 - 24,First-Time,Part-Time,N,N,,Asian,N,M,B,UK,First-Time Part-Time,B,230101,4,4,6,5,20,20,18,17,13,11,R,R,Y,N,C,N,2.42,,N,Y,N,C,1,0,0,0,0,0,2,0,,N,,0,N,-1,0,N,N,4,4,0,0,230101,,,,,,,,,,,,,,,,,,,,4,,,
86753091,2018-19,STU00660,FALL,Older than 24,Transfer-In,Full-Time,C,C,,Hispanic,H,M,B,Y,Transfer-In Full-Time,B,261504,4,3.9,14,13,23,21,0,0,0,0,N,N,NA,NA,NA,NA,,,NA,NA,NA,NA,1,0,0,0,0,0,3,0,,C,,3,N,0,0,N,Fall 2020,0,0,0,0,261504,,,,,,,,,,,,,,,,,,,,,,,
86753091,2018-19,STU00661,FALL,20 and younger,Transfer-In,Full-Time,C,N,,Asian,N,M,P,Y,Transfer-In Full-Time,B,540101,2.47,2.7,16,12,25,17,29,24,31,22,N,R,NA,Y,NA,C,,4,NA,Y,NA,C,1,1,0,0,0,0,1,3,,N,,3,P,0,2,N,Fall 2020,0,0,0,0,540101,,,AZ,,,,,Associate's Colleges,,,,,,,,,,,,,,,
86753091,2017-18,STU00662,FALL,>20 - 24,First-Time,Full-Time,C,R,,Asian,N,F,C,N,First-Time Full-Time,B,422814,3.26,2.88,14,10,0,0,0,0,0,0,N,R,NA,Y,NA,C,,2.95,NA,NA,NA,NA,0,0,0,0,0,0,1,0,,R,,0,N,2,1,N,N,0,0,0,0,422814,,,,,,,,,,,,,,,,,,,,,,,
86753091,2018-19,STU00663,FALL,>20 - 24,First-Time,Part-Time,C,C,,White,N,F,,UK,First-Time Part-Time,B,510904,4,3.76,8,7,14,12,9,9,20,16,N,N,NA,NA,NA,NA,,,NA,NA,NA,NA,1,0,0,0,0,0,2,0,,C,,1,N,0,3,N,N,0,0,0,0,510904,,,,,,,,,,,,,,,,,,,,,,,
86753091,2018-19,STU00664,FALL,Older than 24,First-Time,Full-Time,C,N,,Two or More Races,N,M,B,N,First-Time Full-Time,A,240101,3.13,3.34,14,10,34,28,23,18,25,17,N,R,NA,Y,NA,C,,2.39,NA,Y,NA,D,1,1,0,0,0,0,3,0,,N,,0,N,0,0,N,N,0,0,0,0,240101,,,AZ,,,,,,,,,,,,,,,,,,,,
86753091,2019-20,STU00665,FALL,>20 - 24,Transfer-In,Part-Time,C,C,,Black or African American,N,F,P,Y,Transfer-In Part-Time,B,420101,2.86,3.14,7,7,17,16,0,0,0,0,N,N,NA,NA,NA,NA,,,NA,NA,NA,NA,1,1,0,0,0,0,2,1,,C,,0,N,0,0,N,N,0,0,0,0,420101,,,OH,,,,,Baccalaureate Colleges,,,,,Town/Rural,,,,,,,,,,
86753091,2017-18,STU00666,FALL,20 and younger,First-Time,Full-Time,C,C,DE,Black or African American,N,M,B,N,First-Time Full-Time,B,510904,3.36,3.81,13,13,33,33,28,26,35,29,N,N,NA,NA,NA,NA,,,NA,NA,NA,NA,1,0,0,0,0,0,1,0,,C,,1,N,0,1,N,N,0,0,0,0,510904,,,,,,,,,,,,,,,,,,,,,,,
86753091,2020-21,STU00667,FALL,20 and younger,First-Time,Part-Time,N,C,DS,White,N,M,B,Y,First-Time Part-Time,B,420101,1.43,1.9,11,8,16,9,9,7,14,11,R,N,Y,NA,D,NA,F,,Y,NA,C,NA,1,0,0,0,0,0,5,0,,C,,3,N,0,0,N,N,4,0,0,0,420101,,,,,,,,,,,,,,,,,,,,,,,
86753091,2018-19,STU00668,FALL,20 and younger,Transfer-In,Full-Time,N,R,,Hispanic,H,M,C,N,Transfer-In Full-Time,01,270101,3.28,3.32,17,16,25,22,29,25,22,20,R,R,Y,Y,NC,C,W,P,Y,NA,D,NA,1,0,0,0,0,0,5,0,,R,,1,N,0,-1,N,N,0,0,0,0,270101,,,,,,,,,,,,,,,,,,,,,,,
86753091,2017-18,STU00669,SUMMER,20 and younger,Transfer-In,Full-Time,R,C,,Asian,N,M,B,Y,Transfer-In Full-Time,03,520201,2.75,3.05,17,10,28,28,30,23,0,0,R,N,Y,NA,D,NA,M,,NA,NA,NA,NA,1,0,0,0,0,0,4,0,,C,STEM Scholars 2019,4,UK,0,-1,N,Fall 2020,0,0,0,0,520201,,,,,,,,,,,,,,,,,,,,,,,
86753091,2019-20,STU00670,FALL,Older than 24,First-Time,Full-Time,R,C,UK,Hispanic,H,M,,N,First-Time Full-Time,02,240101,3.73,3.83,15,15,30,22,28,24,29,27,R,N,UK,NA,UK,NA,,,NA,NA,NA,NA,1,0,0,3,0,0,3,0,3.3,C,,1,N,0,1,N,N,0,3,0,0,240101,,,,,,,,,,,,,,,,3,,,,3,,,
86753091,2019-20,STU00671,FALL,Older than 24,First-Time,Part-Time,UK,R,,Hispanic,H,M,B,Y,First-Time Part-Time,A,131202,3.04,2.97,6,5,18,15,17,13,12,11,UK,R,UK,Y,UK,C,,4,UK,NA,UK,NA,1,0,0,0,0,0,2,0,,R,,1,N,0,-1,N,N,0,0,0,0,131202,,,,,,,,,,,,,,,,,,,,,,,
86753091,2019-20,STU00672,FALL,Older than 24,First-Time,Full-Time,C,R,,White,N,F,,N,First-Time Full-Time,A,261504,2.73,2.47,17,14,29,28,26,23,0,0,N,R,NA,Y,NA,D,,F,NA,NA,NA,NA,1,0,0,0,0,0,2,0,,R,,2,UK,0,1,N,N,0,0,0,0,261504,,,,,,,,,,,,,,,,,,,,,,,
86753091,2016-17,STU00673,FALL,20 and younger,First-Time,Full-Time,R,C,,White,N,M,B,Y,First-Time Full-Time,02,261504,2.57,2.49,10,8,0,0,0,0,0,0,R,N,Y,NA,C,NA,3.27,,NA,NA,NA,NA,0,1,0,0,0,0,1,0,,C,,2,N,0,3,UK,N,0,0,0,0,261504,,,VA,,,,,,,,,,Urban,,,,,,,,,,
86753091,2016-17,STU00674,SUMMER,20 and younger,Transfer-In,Full-Time,N,N,UK,Black or African American,N,F,B,N,Transfer-In Full-Time,B,513899,4,3.55,11,9,0,0,0,0,0,0,R,R,Y,Y,C,C,2.75,3.04,Y,Y,D,D,0,0,0,0,0,0,1,0,,N,,3,N,0,2,N,Fall 2019,0,0,0,0,513899,,,,,,,,,,,,,,,,,,,,,,,
86753091,2016-17,STU00675,FALL,20 and younger,First-Time,Full-Time,C,C,,Hispanic,H,F,C,N,First-Time Full-Time,03,510904,3.63,3.04,17,14,28,27,29,19,27,21,N,N,NA,NA,NA,NA,,,NA,NA,NA,NA,1,0,0,0,0,0,3,0,,C,,0,N,0,-1,N,N,0,0,0,0,510904,,,,,,,,,,,,,,,,,,,,,,,
86753091,2020-21,STU00676,SUMMER,20 and younger,First-Time,Full-Time,C,N,UK,Black or African American,N,M,B,Y,First-Time Full-Time,B,131202,3.28,3.1,13,13,24,19,24,22,26,26,N,R,NA,N,NA,N,,,NA,Y,NA,C,1,1,0,0,0,0,1,3,,N,,5,N,0,0,N,N,0,0,0,0,131202,,,GA,,,,,,,,,,Town/Rural,,,,,,,,,,
86753091,2018-19,STU00677,SPRING,>20 - 24,First-Time,Full-Time,UK,N,,White,N,F,B,N,First-Time Full-Time,C1,270101,2.78,3.22,12,9,29,26,30,30,0,0,UK,R,UK,N,UK,N,,,UK,Y,UK,D,1,0,0,2,0,0,2,0,2,N,,0,UK,1,3,N,N,5,2,0,0,270101,,,,,,,,,,,,,,,,2,,,,2,,,
86753091,2019-20,STU00678,FALL,>20 - 24,Transfer-In,Full-Time,C,N,,Asian,N,F,B,UK,Transfer-In Full-Time,B,510904,2.55,2.97,18,16,26,23,30,27,17,17,N,R,NA,Y,NA,C,,3.22,NA,N,NA,N,1,0,0,0,0,0,2,0,,N,,0,N,0,0,N,N,0,0,0,0,510904,,,,,,,,,,,,,,,,,,,,,,,
86753091,2016-17,STU00679,FALL,>20 - 24,Transfer-In,Full-Time,C,C,,Asian,N,M,B,UK,Transfer-In Full-Time,03,422814,2.91,3.21,14,12,28,21,0,0,0,0,N,N,NA,NA,NA,NA,,,NA,NA,NA,NA,1,1,0,0,0,0,1,1,,C,Bridge Program,0,N,2,0,N,N,0,0,0,0,422814,,,GA,,,,,Doctoral Universities,,,,,Town/Rural,,,,,,,,,,
86753091,2018-19,STU00680,SUMMER,>20 - 24,First-Time,Part-Time,C,C,,Unknown,UK,F,P,N,First-Time Part-Time,B,513899,4,3.61,2,2,11,9,0,0,0,0,N,N,NA,NA,NA,NA,,,NA,NA,NA,NA,1,0,0,0,0,0,2,0,,C,,0,N,2,2,N,N,5,0,0,0,513899,,,,,,,,,,,,,,,,,,,,,,,
86753091,2018-19,STU00681,SPRING,20 and younger,First-Time,Full-Time,C,C,,Hispanic,H,M,N,N,First-Time Full-Time,03,131202,3.55,3.69,12,11,33,33,0,0,0,0,N,N,NA,NA,NA,NA,,,NA,NA,NA,NA,1,0,0,0,0,0,3,0,,C,,0,UK,0,-1,N,N,0,2,0,0,131202,,,,,,,,,,,,,,,,,,,,2,,,
86753091,2020-21,STU00682,FALL,Older than 24,First-Time,Full-Time,N,N,,Black or African American,N,F,B,N,First-Time Full-Time,02,540101,3.53,2.87,16,13,26,16,31,27,0,0,R,R,Y,Y,C,C,1.99,3.16,Y,N,D,N,1,1,0,0,0,0,4,2,,N,,0,N,0,-1,N,Fall 2020,0,0,0,0,540101,,,NC,,,,,Doctoral Universities,,,,,Town/Rural,,,,,,,,,,
86753091,2019-20,STU00683,FALL,Older than 24,Transfer-In,Full-Time,R,C,UK,White,N,F,B,N,Transfer-In Full-Time,B,270101,3.15,2.73,16,13,21,17,0,0,0,0,R,N,Y,NA,NC,NA,F,,NA,NA,NA,NA,1,0,0,0,0,0,1,0,,C,,5,P,2,3,N,N,0,0,0,0,270101,,,,,,,,,,,,,,,,,,,,,,,
86753091,2020-21,STU00684,FALL,>20 - 24,Transfer-In,Full-Time,R,C,,White,N,M,B,N,Transfer-In Full-Time,B,110701,2.16,1.51,19,13,0,0,0,0,0,0,R,N,Y,NA,D,NA,F,,NA,NA,NA,NA,0,0,0,0,0,0,1,0,,C,,0,N,0,2,N,N,0,0,0,0,110701,,,,,,,,,,,,,,,,,,,,,,,
86753091,2016-17,STU00685,SPRING,20 and younger,First-Time,Full-Time,C,C,,White,N,M,B,N,First-Time Full-Time,B,513899,2.32,2.64,17,13,28,24,26,22,0,0,N,N,NA,NA,NA,NA,,,NA,NA,NA,NA,1,1,0,0,0,0,1,3,,C,,3,UK,0,4,Y,N,0,0,0,0,513899,,,TX,,,,,,,,,,Suburb,,,,,,,,,,
86753091,2018-19,STU00686,FALL,20 and younger,First-Time,Full-Time,N,C,,White,N,F,P,Y,First-Time Full-Time,B,422814,3.07,3.26,18,16,28,23,0,0,0,0,R,N,N,NA,N,NA,,,Y,NA,C,NA,1,1,0,0,0,0,3,1,,C,,0,N,0,4,Y,Fall 2019,5,0,0,0,422814,,,AZ,,,,,Baccalaureate Colleges,,,,,Town/Rural,,,,,,,,,,
86753091,2019-20,STU00687,SUMMER,20 and younger,Transfer-In,Full-Time,C,C,,White,N,F,A,N,Transfer-In Full-Time,03,230101,4,3.98,11,11,30,28,26,26,31,31,N,N,NA,NA,NA,NA,,,NA,NA,NA,NA,1,0,0,0,0,0,1,0,,C,,6,N,0,2,Y,N,0,0,0,0,230101,,,,,,,,,,,,,,,,,,,,,,,
86753091,2017-18,STU00688,SPRING,>20 - 24,First-Time,Full-Time,N,C,,Hispanic,H,F,B,N,First-Time Full-Time,01,240101,2.62,3.33,16,16,35,34,0,0,0,0,R,N,Y,NA,C,NA,3.51,,Y,NA,C,NA,1,0,0,0,0,0,3,0,,C,,0,N,0,-1,N,N,0,0,0,0,240101,,,,,,,,,,,,,,,,,,,,,,,
86753091,2018-19,STU00689,FALL,>20 - 24,First-Time,Full-Time,UK,N,,White,N,F,B,N,First-Time Full-Time,B,510904,4,4,15,13,0,0,0,0,0,0,UK,R,UK,N,UK,N,,,UK,Y,UK,D,0,0,0,0,0,0,1,0,,N,,2,N,-1,3,N,N,0,0,0,0,510904,,,,,,,,,,,,,,,,,,,,,,,
86753091,2018-19,STU00690,FALL,20 and younger,Transfer-In,Full-Time,C,C,,Black or African American,N,M,N,Y,Transfer-In Full-Time,B,420101,3.95,3.42,18,16,26,26,25,20,23,20,N,N,NA,NA,NA,NA,,,NA,NA,NA,NA,1,0,0,2,0,0,1,0,2,C,,0,N,0,4,N,N,0,2,0,0,420101,,,,,,,,,,,,,,,,2,,,,2,,,
86753091,2019-20,STU00691,SPRING,20 and younger,Transfer-In,Full-Time,C,C,,Hispanic,H,M,B,N,Transfer-In Full-Time,B,510904,3.25,3.67,15,11,18,16,26,23,23,23,N,N,NA,NA,NA,NA,,,NA,NA,NA,NA,1,0,0,0,0,0,3,0,,C,STEM Scholars 2019,0,N,0,0,N,Spring 2020,0,0,0,0,510904,,,,,,,,,,,,,,,,,,,,,,,
86753091,2016-17,STU00692,FALL,20 and younger,Transfer-In,Full-Time,N,C,,Black or African American,N,F,C,Y,Transfer-In Full-Time,B,110701,3.19,2.82,14,11,30,18,22,18,36,36,R,N,Y,NA,D,NA,F,,Y,NA,C,NA,1,0,0,2,0,0,1,0,2,C,Bridge Program,3,N,0,3,N,N,0,2,0,0,110701,,,,,,,,,,,,,,,,2,,,,2,,,
86753091,2016-17,STU00693,FALL,20 and younger,Transfer-In,Full-Time,N,N,,Two or More Races,N,F,B,N,Transfer-In Full-Time,B,540101,3.93,3.44,10,7,28,25,0,0,0,0,R,R,Y,Y,C,C,1.73,1.98,Y,Y,C,C,1,0,0,0,0,0,2,0,,N,,2,P,0,3,N,N,0,0,0,0,540101,,,,,,,,,,,,,,,,,,,,,,,
86753091,2020-21,STU00694,SPRING,>20 - 24,Transfer-In,Full-Time,C,C,,Unknown,UK,M,P,Y,Transfer-In Full-Time,B,510904,3.76,3.36,9,9,34,24,26,25,0,0,N,N,NA,NA,NA,NA,,,NA,NA,NA,NA,1,0,0,0,0,0,1,0,,C,,5,UK,0,2,Y,Fall 2020,0,0,0,0,510904,,,,,,,,,,,,,,,,,,,,,,,
86753091,2016-17,STU00695,FALL,>20 - 24,First-Time,Full-Time,N,C,,Black or African American,N,F,B,UK,First-Time Full-Time,B,131202,4,4,17,15,32,24,30,22,0,0,R,N,Y,NA,D,NA,W,,Y,NA,C,NA,1,1,0,0,0,0,3,3,,C,,3,N,-1,0,N,N,0,0,0,0,131202,,,MA,,,,,Baccalaureate Colleges,,,,,Urban,,,,,,,,,,
86753091,2018-19,STU00696,FALL,20 and younger,First-Time,Part-Time,N,C,DE,Hispanic,H,F,B,N,First-Time Part-Time,C1,513899,1.64,1.72,10,8,0,0,0,0,0,0,R,N,Y,NA,C,NA,P,,N,NA,N,NA,0,0,0,0,0,0,1,0,,C,,2,N,0,1,N,N,0,0,0,0,513899,,,,,,,,,,,,,,,,,,,,,,,
86753091,2016-17,STU00697,FALL,>20 - 24,First-Time,Part-Time,N,UK,,Black or African American,N,M,A,Y,First-Time Part-Time,B,513899,3.01,3.15,8,6,9,6,12,9,18,16,R,UK,Y,UK,C,UK,3.09,,N,UK,N,UK,1,0,0,0,0,0,4,0,,UK,,4,N,0,3,N,N,0,3,0,0,513899,,,,,,,,,,,,,,,,,,,,3,,,
86753091,2019-20,STU00698,FALL,20 and younger,First-Time,Full-Time,UK,C,UK,White,N,F,N,Y,First-Time Full-Time,B,513899,1.57,1.11,16,9,0,0,0,0,0,0,UK,N,UK,NA,UK,NA,,,UK,NA,UK,NA,0,1,0,0,0,0,1,2,,C,,-1,N,0,0,N,Fall 2019,0,0,0,0,513899,,,WA,,,,,Doctoral Universities,,,,,Urban,,,,,,,,,,
86753091,2018-19,STU00699,FALL,20 and younger,First-Time,Full-Time,N,N,,White,N,F,B,N,First-Time Full-Time,03,240101,2.5,2.53,12,9,0,0,0,0,0,0,R,R,Y,Y,D,C,F,1.66,Y,N,C,N,0,0,0,0,0,0,1,0,,N,,0,N,0,3,N,N,0,0,0,0,240101,,,,,,,,,,,,,,,,,,,,,,,
86753091,2017-18,STU00700,FALL,>20 - 24,First-Time,Part-Time,N,C,,Hispanic,H,F,P,Y,First-Time Part-Time,03,422814,2.11,2.27,12,9,13,10,0,0,0,0,R,N,Y,NA,C,NA,2.58,,N,NA,N,NA,1,0,0,0,0,0,4,0,,C,,4,P,0,2,N,Spring 2020,4,0,0,0,422814,,,,,,,,,,,,,,,,,,,,,,,
86753091,2016-17,STU00701,FALL,20 and younger,First-Time,Full-Time,C,C,,Black or African American,N,F,B,Y,First-Time Full-Time,B,540101,3.39,3.83,13,9,27,24,32,32,23,23,N,N,NA,NA,NA,NA,,,NA,NA,NA,NA,1,0,0,0,0,0,1,0,,C,STEM Scholars 2019,-1,N,0,0,Y,N,0,0,0,0,540101,,,,,,,,,,,,,,,,,,,,,,,
86753091,2020-21,STU00702,FALL,20 and younger,First-Time,Full-Time,N,C,,Two or More Races,N,M,B,Y,First-Time Full-Time,B,131202,3.82,3.68,16,16,24,24,29,25,20,19,R,N,Y,NA,D,NA,F,,Y,NA,C,NA,1,0,0,2,0,0,4,0,1.5,C,,0,UK,0,3,N,Spring 2021,4,2,0,0,131202,,,,,,,,,,,,,,,,2,,,,2,,,
86753091,2020-21,STU00703,SPRING,20 and younger,Transfer-In,Full-Time,C,C,,Hispanic,H,M,N,UK,Transfer-In Full-Time,B,110701,3.18,3.17,14,13,35,29,26,16,19,18,N,N,NA,NA,NA,NA,,,NA,NA,NA,NA,1,0,0,0,0,0,1,0,,C,,0,N,0,0,UK,N,0,0,0,0,110701,,,,,,,,,,,,,,,,,,,,,,,
86753091,2018-19,STU00704,FALL,>20 - 24,Re-admit,Part-Time,UK,C,,White,N,P,N,N,Re-admit Part-Time,A,540101,4,3.78,6,6,14,9,12,10,0,0,UK,N,UK,NA,UK,NA,,,UK,NA,UK,NA,1,0,0,0,0,0,2,0,,C,,4,N,0,3,N,Fall 2020,0,0,0,0,540101,,,,,,,,,,,,,,,,,,,,,,,
86753091,2017-18,STU00705,FALL,Older than 24,Transfer-In,Full-Time,C,C,,Two or More Races,N,F,B,UK,Transfer-In Full-Time,03,513899,4,4,15,13,31,25,25,25,19,19,N,N,NA,NA,NA,NA,,,NA,NA,NA,NA,1,0,0,3,0,0,3,0,3,C,,1,N,0,3,N,N,0,3,0,0,513899,,,,,,,,,,,,,,,,3,,,,3,,,
86753091,2019-20,STU00706,FALL,Older than 24,First-Time,Part-Time,C,N,,Asian,N,F,B,UK,First-Time Part-Time,B,110701,2.92,2.89,9,8,0,0,0,0,0,0,N,R,NA,Y,NA,NC,,F,NA,Y,NA,C,0,0,0,0,0,0,1,0,,N,,2,N,-1,2,N,N,0,2,0,0,110701,,,,,,,,,,,,,,,,,,,,2,,,
86753091,2017-18,STU00707,FALL,>20 - 24,First-Time,Full-Time,N,C,,White,N,F,B,UK,First-Time Full-Time,B,240101,2.36,2.15,16,13,28,18,32,23,25,19,R,N,Y,NA,D,NA,W,,N,NA,N,NA,1,0,0,0,0,0,4,0,,C,,1,N,0,0,UK,N,0,0,0,0,240101,,,,,,,,,,,,,,,,,,,,,,,
86753091,2017-18,STU00708,FALL,20 and younger,Transfer-In,Full-Time,R,C,,White,N,M,C,Y,Transfer-In Full-Time,B,110701,3.04,2.79,18,11,25,16,0,0,0,0,R,N,Y,NA,C,NA,2.96,,NA,NA,NA,NA,1,0,0,0,0,0,2,0,,C,,2,N,0,3,N,N,0,0,0,0,110701,,,,,,,,,,,,,,,,,,,,,,,
86753091,2020-21,STU00709,FALL,20 and younger,First-Time,Part-Time,R,R,,Hispanic,H,M,A,Y,First-Time Part-Time,B,261504,3.82,3.86,5,5,12,11,19,18,0,0,R,R,Y,Y,C,C,P,2.52,NA,NA,NA,NA,1,1,0,0,0,0,1,2,,R,,0,UK,0,1,N,N,0,0,0,0,261504,,,AZ,,,,,Associate's Colleges,,,,,,,,,,,,,,,
86753091,2020-21,STU00710,FALL,Older than 24,First-Time,Full-Time,N,N,,Asian,N,M,B,Y,First-Time Full-Time,A,110701,4,3.95,14,14,25,19,36,29,32,30,R,R,Y,N,D,N,W,,Y,Y,C,C,1,0,0,3,0,0,5,0,2.9,N,,0,N,0,2,N,N,0,3,0,0,110701,,,,,,,,,,,,,,,,3,,,,3,,,
86753091,2020-21,STU00711,FALL,>20 - 24,Transfer-In,Full-Time,C,C,,White,N,F,P,N,Transfer-In Full-Time,02,270101,3.62,3.39,11,10,29,25,21,21,27,21,N,N,NA,NA,NA,NA,,,NA,NA,NA,NA,1,0,0,2,0,0,2,0,2,C,,0,N,0,4,N,N,0,2,0,0,270101,,,,,,,,,,,,,,,,2,,,,2,,,
86753091,2018-19,STU00712,FALL,Older than 24,First-Time,Part-Time,N,C,,Asian,N,M,C,N,First-Time Part-Time,B,261504,3.69,3.55,11,9,23,21,15,12,16,13,R,N,Y,NA,C,NA,2.31,,N,NA,N,NA,1,0,0,0,0,0,2,0,,C,,1,N,0,2,N,N,0,3,0,0,261504,,,,,,,,,,,,,,,,,,,,3,,,
86753091,2018-19,STU00713,SUMMER,20 and younger,Re-admit,Full-Time,R,C,,Asian,N,M,C,N,Re-admit Full-Time,B,422814,3.12,2.62,14,10,25,18,23,18,32,21,R,N,Y,NA,C,NA,P,,NA,NA,NA,NA,1,0,0,0,0,0,1,0,,C,,0,UK,0,0,N,N,0,0,0,0,422814,,,,,,,,,,,,,,,,,,,,,,,
86753091,2018-19,STU00714,FALL,20 and younger,First-Time,Full-Time,N,C,,Two or More Races,N,P,N,Y,First-Time Full-Time,B,513899,4,3.38,14,12,21,20,27,21,33,33,R,N,Y,NA,C,NA,4,,Y,NA,D,NA,1,0,0,0,0,0,1,0,,C,Bridge Program,0,UK,0,4,N,Fall 2020,0,0,0,0,513899,,,,,,,,,,,,,,,,,,,,,,,
86753091,2020-21,STU00715,SPRING,20 and younger,Transfer-In,Full-Time,C,C,,Black or African American,N,M,P,UK,Transfer-In Full-Time,B,422814,4,4,15,12,35,33,0,0,0,0,N,N,NA,NA,NA,NA,,,NA,NA,NA,NA,1,0,0,0,0,0,1,0,,C,,0,N,0,2,Y,N,4,0,0,0,422814,,,,,,,,,,,,,,,,,,,,,,,
86753091,2018-19,STU00716,FALL,Older than 24,Transfer-In,Part-Time,N,C,,Asian,N,M,P,UK,Transfer-In Part-Time,B,513899,3.35,3.32,5,5,19,14,22,18,0,0,R,N,N,NA,N,NA,,,Y,NA,D,NA,1,0,0,0,0,0,2,0,,C,,1,N,0,1,N,N,4,0,0,0,513899,,,,,,,,,,,,,,,,,,,,,,,
86753091,2019-20,STU00717,FALL,20 and younger,Transfer-In,Full-Time,C,C,,Hispanic,H,F,,N,Transfer-In Full-Time,B,510904,2.91,3.24,14,14,28,23,25,25,36,36,N,N,NA,NA,NA,NA,,,NA,NA,NA,NA,1,0,0,0,0,0,5,0,,C,,2,N,0,3,N,Spring 2020,0,0,0,0,510904,,,,,,,,,,,,,,,,,,,,,,,
86753091,2018-19,STU00718,FALL,20 and younger,Transfer-In,Full-Time,C,C,UK,Black or African American,N,M,B,N,Transfer-In Full-Time,B,520201,3.35,3.8,14,11,28,26,0,0,0,0,N,N,NA,NA,NA,NA,,,NA,NA,NA,NA,1,1,0,0,0,0,1,1,,C,,3,UK,0,-1,N,Spring 2021,4,0,0,0,520201,,,OH,,,,,Doctoral Universities,,,,,Town/Rural,,,,,,,,,,
86753091,2017-18,STU00719,FALL,Older than 24,First-Time,Full-Time,C,N,,White,N,F,N,N,First-Time Full-Time,B,110701,3.59,4,14,14,21,21,29,28,30,28,N,R,NA,N,NA,N,,,NA,Y,NA,D,1,0,0,0,0,0,1,0,,N,,2,N,0,4,N,N,0,0,0,0,110701,,,,,,,,,,,,,,,,,,,,,,,
86753091,2018-19,STU00720,FALL,>20 - 24,First-Time,Full-Time,N,N,,Hispanic,H,F,B,N,First-Time Full-Time,B,240101,2.87,2.55,13,11,0,0,0,0,0,0,R,R,Y,Y,C,C,1.28,3.07,Y,Y,D,C,0,0,0,0,0,0,1,0,,N,,5,N,0,3,N,Fall 2019,0,0,0,0,240101,,,,,,,,,,,,,,,,,,,,,,,
86753091,2019-20,STU00721,FALL,Older than 24,First-Time,Full-Time,R,C,UK,Hispanic,H,F,B,N,First-Time Full-Time,02,513899,4,3.88,14,13,21,19,26,20,30,25,R,N,UK,NA,UK,NA,,,NA,NA,NA,NA,1,1,0,0,0,0,1,2,,C,STEM Scholars 2019,0,N,0,2,N,Fall 2020,0,0,0,0,513899,,,TX,,,,,Baccalaureate Colleges,,,,,Suburb,,,,,,,,,,
86753091,2019-20,STU00722,FALL,20 and younger,Transfer-In,Full-Time,C,R,,Black or African American,N,F,A,N,Transfer-In Full-Time,B,420101,3.96,3.41,15,12,32,27,29,29,35,30,N,R,NA,Y,NA,D,,F,NA,NA,NA,NA,1,1,0,4,0,2,2,2,4,R,,0,N,-1,1,N,N,0,4,0,2,420101,,NC,NC,,NC,,Associate's Colleges,Associate's Colleges,,Associate's Colleges,,Town/Rural,Town/Rural,,Town/Rural,4,,2,,4,,2,
86753091,2016-17,STU00723,FALL,Older than 24,First-Time,Part-Time,UK,C,,Hispanic,H,M,C,Y,First-Time Part-Time,A,510904,1.75,2.3,10,5,0,0,0,0,0,0,UK,N,UK,NA,UK,NA,,,UK,NA,UK,NA,0,0,0,0,0,0,1,0,,C,First Year Success,3,N,0,2,N,N,0,0,0,0,510904,,,,,,,,,,,,,,,,,,,,,,,
86753091,2016-17,STU00724,FALL,20 and younger,First-Time,Full-Time,C,C,,White,N,F,P,Y,First-Time Full-Time,02,230101,4,4,16,14,28,26,28,26,0,0,N,N,NA,NA,NA,NA,,,NA,NA,NA,NA,1,1,0,0,0,0,3,2,,C,,6,N,0,3,N,Spring 2020,0,0,0,0,230101,,,NJ,,,,,Master's Colleges & Universities,,,,,,,,,,,,,,,
86753091,2017-18,STU00725,FALL,>20 - 24,Re-admit,Full-Time,C,C,,Asian,N,F,B,N,Re-admit Full-Time,A,513899,2.56,2.12,16,9,32,25,25,21,31,26,N,N,NA,NA,NA,NA,,,NA,NA,NA,NA,1,1,0,2,0,0,3,0,2.3,C,,0,N,0,3,Y,N,0,2,0,0,513899,,,OH,,,,,Baccalaureate Colleges,,,,,Town/Rural,,,2,,,,2,,,
86753091,2019-20,STU00726,FALL,>20 - 24,Transfer-In,Part-Time,C,C,,Black or African American,N,F,C,N,Transfer-In Part-Time,B,422814,3.45,3.55,11,9,17,17,20,13,22,18,N,N,NA,NA,NA,NA,,,NA,NA,NA,NA,1,0,0,0,0,0,1,0,,C,STEM Scholars 2019,1,P,0,4,UK,N,5,4,0,0,422814,,,,,,,,,,,,,,,,,,,,4,,,
86753091,2016-17,STU00727,FALL,20 and younger,First-Time,Full-Time,N,C,,Hispanic,H,UK,P,Y,First-Time Full-Time,B,240101,3.02,3.56,15,13,21,14,29,29,32,25,R,N,N,NA,N,NA,,,Y,NA,C,NA,1,1,0,0,0,0,3,2,,C,,6,UK,-1,1,N,N,4,0,0,0,240101,,,VA,,,,,Doctoral Universities,,,,,Town/Rural,,,,,,,,,,
86753091,2019-20,STU00728,FALL,20 and younger,Transfer-In,Full-Time,C,C,,Black or African American,N,F,B,Y,Transfer-In Full-Time,B,422814,4,4,17,15,35,35,31,31,33,27,N,N,NA,NA,NA,NA,,,NA,NA,NA,NA,1,0,0,0,0,0,3,0,,C,,0,N,-1,0,Y,N,0,0,0,0,422814,,,,,,,,,,,,,,,,,,,,,,,
86753091,2017-18,STU00729,SUMMER,>20 - 24,Re-admit,Full-Time,N,N,,Hispanic,H,UK,C,Y,Re-admit Full-Time,03,520201,3.71,3.54,18,17,30,26,0,0,0,0,R,R,Y,Y,C,D,2.92,F,N,Y,N,D,1,1,0,0,4,0,1,2,,N,,3,N,-1,3,Y,N,0,0,4,0,520201,VA,,VA,VA,,Master's Colleges & Universities,,Master's Colleges & Universities,Master's Colleges & Universities,,Urban,,Urban,Urban,,,,,,,,,
86753091,2018-19,STU00730,FALL,20 and younger,First-Time,Full-Time,C,N,,Hispanic,H,F,B,Y,First-Time Full-Time,B,422814,3.97,4,13,12,28,27,34,30,0,0,N,R,NA,N,NA,N,,,NA,Y,NA,C,1,0,0,3,0,0,4,0,3.1,N,,1,N,0,4,N,N,0,3,0,0,422814,,,,,,,,,,,,,,,,3,,,,3,,,
86753091,2016-17,STU00731,FALL,20 and younger,First-Time,Full-Time,C,C,,American Indian or Alaska Native,N,F,C,Y,First-Time Full-Time,B,110701,3.67,3.72,20,16,24,24,30,29,0,0,N,N,NA,NA,NA,NA,,,NA,NA,NA,NA,1,0,0,2,0,0,1,0,2.1,C,,-1,N,0,3,Y,N,0,2,0,0,110701,,,,,,,,,,,,,,,,2,,,,2,,,
86753091,2016-17,STU00732,SPRING,>20 - 24,First-Time,Full-Time,N,R,UK,Hispanic,H,F,B,N,First-Time Full-Time,C2,520201,3.17,2.89,17,16,32,24,0,0,0,0,R,R,UK,Y,UK,C,,O,Y,NA,C,NA,1,0,0,0,0,0,2,0,,R,,2,N,0,1,N,N,0,0,0,0,520201,,,,,,,,,,,,,,,,,,,,,,,
86753091,2018-19,STU00733,FALL,>20 - 24,First-Time,Full-Time,N,C,,White,N,M,B,N,First-Time Full-Time,C1,420101,2.28,2.57,15,13,30,24,28,19,29,23,R,N,Y,NA,C,NA,1.72,,Y,NA,D,NA,1,0,0,0,0,0,1,0,,C,,0,N,0,4,Y,Spring 2021,0,0,0,0,420101,,,,,,,,,,,,,,,,,,,,,,,
86753091,2018-19,STU00734,FALL,>20 - 24,First-Time,Part-Time,N,C,,White,N,M,B,Y,First-Time Part-Time,B,131202,3.09,2.77,4,4,0,0,0,0,0,0,R,N,Y,NA,D,NA,F,,Y,NA,D,NA,0,0,0,0,0,0,1,0,,C,,-1,UK,0,3,N,N,0,0,0,0,131202,,,,,,,,,,,,,,,,,,,,,,,
86753091,2017-18,STU00735,FALL,20 and younger,First-Time,Full-Time,N,R,,Black or African American,N,F,,N,First-Time Full-Time,B,510904,3.64,3.77,15,15,29,21,31,31,30,25,R,R,Y,Y,C,NC,P,W,Y,NA,D,NA,1,0,0,0,0,0,2,0,,R,Bridge Program,4,N,0,2,N,N,0,0,0,0,510904,,,,,,,,,,,,,,,,,,,,,,,
86753091,2016-17,STU00736,FALL,Older than 24,First-Time,Part-Time,C,C,UK,White,N,F,B,N,First-Time Part-Time,B,520201,3.14,2.99,7,7,16,15,0,0,0,0,N,N,NA,NA,NA,NA,,,NA,NA,NA,NA,1,0,0,0,0,0,3,0,,C,,1,N,0,4,N,Spring 2020,0,0,0,0,520201,,,,,,,,,,,,,,,,,,,,,,,
86753091,2016-17,STU00737,FALL,Older than 24,Transfer-In,Part-Time,N,C,,White,N,F,B,Y,Transfer-In Part-Time,A,520201,1.88,2.47,3,2,12,10,21,18,11,6,R,N,Y,NA,NC,NA,F,,Y,NA,D,NA,1,0,0,0,0,0,1,0,,C,,-1,N,1,3,N,N,0,0,0,0,520201,,,,,,,,,,,,,,,,,,,,,,,
86753091,2019-20,STU00738,FALL,Older than 24,First-Time,Part-Time,C,C,,Asian,N,M,B,Y,First-Time Part-Time,M,420101,3.07,3.2,1,1,7,6,7,6,0,0,N,N,NA,NA,NA,NA,,,NA,NA,NA,NA,1,0,0,0,0,0,2,0,,C,,1,N,0,1,N,N,0,0,0,0,420101,,,,,,,,,,,,,,,,,,,,,,,
86753091,2018-19,STU00739,FALL,20 and younger,Transfer-In,Full-Time,C,R,,Asian,N,F,B,N,Transfer-In Full-Time,B,540101,3.24,2.66,14,13,24,15,33,25,29,19,N,R,NA,Y,NA,C,,P,NA,NA,NA,NA,1,0,0,0,0,0,1,0,,R,,1,N,0,2,N,N,0,0,0,0,540101,,,,,,,,,,,,,,,,,,,,,,,
86753091,2019-20,STU00740,SUMMER,Older than 24,Transfer-In,Part-Time,N,C,UK,White,N,M,B,Y,Transfer-In Part-Time,A,510904,3.6,2.53,10,7,13,11,18,17,0,0,R,N,Y,NA,C,NA,3.18,,Y,NA,C,NA,1,0,0,0,0,0,1,0,,C,,0,N,0,2,N,N,0,0,0,0,510904,,,,,,,,,,,,,,,,,,,,,,,
86753091,2016-17,STU00741,FALL,>20 - 24,First-Time,Full-Time,N,C,,White,N,F,B,Y,First-Time Full-Time,03,513899,3.24,2.71,16,9,31,20,28,24,24,16,R,N,Y,NA,D,NA,W,,N,NA,N,NA,1,1,0,0,0,0,4,3,,C,,4,N,0,0,N,N,6,0,0,0,513899,,,NJ,,,,,,,,,,Suburb,,,,,,,,,,
86753091,2019-20,STU00742,FALL,Older than 24,First-Time,Part-Time,N,C,UK,White,N,F,B,Y,First-Time Part-Time,03,520201,3.38,2.49,7,7,19,18,18,12,0,0,R,N,Y,NA,C,NA,3.7,,Y,NA,C,NA,1,0,0,0,0,0,3,0,,C,Bridge Program,2,N,0,1,Y,N,4,0,0,0,520201,,,,,,,,,,,,,,,,,,,,,,,
86753091,2016-17,STU00743,FALL,20 and younger,First-Time,Full-Time,C,C,,Hispanic,H,F,A,N,First-Time Full-Time,B,510904,3.73,3.9,12,12,30,28,27,27,26,18,N,N,NA,NA,NA,NA,,,NA,NA,NA,NA,1,0,0,0,0,0,3,0,,C,,1,N,0,4,N,N,0,0,0,0,510904,,,,,,,,,,,,,,,,,,,,,,,
86753091,2017-18,STU00744,SUMMER,>20 - 24,First-Time,Full-Time,R,N,UK,Asian,N,M,N,Y,First-Time Full-Time,B,110701,3.38,3.16,16,15,32,15,25,20,0,0,R,R,Y,Y,C,D,3.59,F,NA,Y,NA,C,1,1,0,0,0,0,2,2,,N,,4,N,0,4,Y,N,4,0,0,0,110701,,,PA,,,,,Associate's Colleges,,,,,,,,,,,,,,,
86753091,2017-18,STU00745,FALL,>20 - 24,Transfer-In,Full-Time,R,R,,Hispanic,H,M,B,UK,Transfer-In Full-Time,B,131202,3.16,3.62,14,11,29,28,0,0,0,0,R,R,N,N,N,N,,,NA,NA,NA,NA,1,0,0,0,0,0,3,0,,R,,0,N,0,2,N,N,0,0,0,0,131202,,,,,,,,,,,,,,,,,,,,,,,
86753091,2016-17,STU00746,FALL,Older than 24,Transfer-In,Part-Time,C,C,,White,N,F,B,UK,Transfer-In Part-Time,B,510904,2.19,2.92,5,4,11,9,0,0,0,0,N,N,NA,NA,NA,NA,,,NA,NA,NA,NA,1,0,0,0,0,0,1,0,,C,,0,UK,0,2,N,N,0,0,0,0,510904,,,,,,,,,,,,,,,,,,,,,,,
86753091,2019-20,STU00747,FALL,>20 - 24,Transfer-In,Part-Time,N,C,,Hispanic,H,F,C,N,Transfer-In Part-Time,B,510904,3.32,3.37,13,12,16,16,9,8,0,0,R,N,Y,NA,C,NA,3.26,,Y,NA,D,NA,1,0,0,0,0,0,3,0,,C,STEM Scholars 2019,0,N,0,3,N,N,0,0,0,0,510904,,,,,,,,,,,,,,,,,,,,,,,
86753091,2018-19,STU00748,SPRING,20 and younger,Transfer-In,Full-Time,C,C,,Hispanic,H,M,B,N,Transfer-In Full-Time,B,131202,3.26,3.64,16,14,28,24,29,22,28,27,N,N,NA,NA,NA,NA,,,NA,NA,NA,NA,1,0,0,0,0,0,1,0,,C,,4,N,0,4,N,N,4,2,0,0,131202,,,,,,,,,,,,,,,,,,,,2,,,
86753091,2016-17,STU00749,SPRING,>20 - 24,Transfer-In,Full-Time,C,N,,White,N,F,A,N,Transfer-In Full-Time,A,110701,4,3.52,15,14,34,30,29,29,29,23,N,R,NA,UK,NA,UK,,,NA,Y,NA,C,1,0,0,0,0,0,4,0,,N,Bridge Program,0,N,0,1,N,N,0,0,0,0,110701,,,,,,,,,,,,,,,,,,,,,,,
86753091,2016-17,STU00750,FALL,20 and younger,Transfer-In,Full-Time,R,C,,Black or African American,N,F,A,Y,Transfer-In Full-Time,B,422814,4,3.32,12,9,29,25,0,0,0,0,R,N,Y,NA,NC,NA,F,,NA,NA,NA,NA,1,0,0,0,0,0,2,0,,C,STEM Scholars 2019,1,N,0,3,N,Spring 2020,0,0,0,0,422814,,,,,,,,,,,,,,,,,,,,,,,
86753091,2016-17,STU00751,FALL,>20 - 24,Transfer-In,Full-Time,C,R,,Hispanic,H,F,B,N,Transfer-In Full-Time,A,540101,3.08,3.54,12,10,28,17,25,25,0,0,N,R,NA,Y,NA,D,,W,NA,NA,NA,NA,1,0,0,0,0,0,1,0,,R,,3,N,0,3,N,N,0,0,0,0,540101,,,,,,,,,,,,,,,,,,,,,,,
86753091,2020-21,STU00752,SPRING,20 and younger,First-Time,Full-Time,R,C,,Two or More Races,N,M,B,Y,First-Time Full-Time,03,110701,2.37,2.85,16,9,28,23,27,22,23,21,R,N,Y,NA,D,NA,F,,NA,NA,NA,NA,1,0,0,0,0,0,3,0,,C,,1,N,0,-1,N,N,0,2,0,0,110701,,,,,,,,,,,,,,,,,,,,2,,,
86753091,2018-19,STU00753,FALL,>20 - 24,First-Time,Full-Time,N,C,UK,White,N,F,B,UK,First-Time Full-Time,A,131202,4,3.95,16,15,28,23,30,24,20,18,R,N,Y,NA,D,NA,F,,N,NA,N,NA,1,0,0,0,0,0,1,0,,C,,3,N,1,4,Y,N,5,2,0,0,131202,,,,,,,,,,,,,,,,,,,,2,,,
86753091,2016-17,STU00754,FALL,Older than 24,First-Time,Part-Time,C,C,,Hispanic,H,M,A,Y,First-Time Part-Time,03,420101,4,3.82,13,12,14,13,12,11,11,11,N,N,NA,NA,NA,NA,,,NA,NA,NA,NA,1,0,0,0,0,0,3,0,,C,,2,N,2,3,N,Fall 2020,5,2,0,0,420101,,,,,,,,,,,,,,,,,,,,2,,,
86753091,2018-19,STU00755,FALL,Older than 24,Transfer-In,Part-Time,C,N,,Black or African American,N,M,B,N,Transfer-In Part-Time,B,240101,2.67,2.71,7,6,22,16,0,0,0,0,N,R,NA,Y,NA,C,,4,NA,Y,NA,C,1,0,0,0,0,0,1,0,,N,,0,N,1,4,N,N,0,0,0,0,240101,,,,,,,,,,,,,,,,,,,,,,,
86753091,2018-19,STU00756,WINTER,>20 - 24,Transfer-In,Part-Time,R,C,,Native Hawaiian or Other Pacific Islander,N,M,B,N,Transfer-In Part-Time,B,230101,1.88,2.16,9,7,0,0,0,0,0,0,R,N,Y,NA,C,NA,1.54,,NA,NA,NA,NA,0,0,0,0,0,0,1,0,,C,,-1,UK,0,3,UK,N,0,0,0,0,230101,,,,,,,,,,,,,,,,,,,,,,,
86753091,2019-20,STU00757,FALL,>20 - 24,First-Time,Full-Time,R,R,,Black or African American,N,F,P,UK,First-Time Full-Time,B,270101,3.41,2.73,16,15,26,20,0,0,0,0,R,R,Y,Y,D,C,F,2.51,NA,NA,NA,NA,1,0,0,0,0,0,2,0,,R,,0,N,0,0,N,N,0,0,0,0,270101,,,,,,,,,,,,,,,,,,,,,,,
86753091,2019-20,STU00758,WINTER,Older than 24,First-Time,Full-Time,C,N,,Two or More Races,N,F,B,N,First-Time Full-Time,B,230101,2.78,2.1,16,14,0,0,0,0,0,0,N,R,NA,Y,NA,C,,2.49,NA,Y,NA,C,0,0,0,0,0,0,1,0,,N,,1,N,1,1,UK,N,0,0,0,0,230101,,,,,,,,,,,,,,,,,,,,,,,
86753091,2019-20,STU00759,FALL,20 and younger,First-Time,Part-Time,C,C,,Hispanic,H,F,B,N,First-Time Part-Time,B,422814,3.21,3.64,9,7,14,11,20,17,13,12,N,N,NA,NA,NA,NA,,,NA,NA,NA,NA,1,0,0,0,0,0,2,0,,C,,0,N,0,4,N,Fall 2020,4,0,0,0,422814,,,,,,,,,,,,,,,,,,,,,,,
86753091,2016-17,STU00760,FALL,20 and younger,Transfer-In,Full-Time,N,N,,Hispanic,H,F,B,Y,Transfer-In Full-Time,B,540101,1,1.17,13,6,0,0,0,0,0,0,R,R,Y,N,NC,N,F,,Y,Y,D,D,0,0,0,0,0,0,1,0,,N,,0,N,0,3,N,N,0,0,0,0,540101,,,,,,,,,,,,,,,,,,,,,,,
86753091,2017-18,STU00761,FALL,>20 - 24,First-Time,Full-Time,C,C,,Nonresident alien,N,M,B,N,First-Time Full-Time,B,420101,2.9,2.86,16,14,0,0,0,0,0,0,N,N,NA,NA,NA,NA,,,NA,NA,NA,NA,0,0,0,0,0,0,1,0,,C,,3,N,0,2,N,N,0,2,0,0,420101,,,,,,,,,,,,,,,,,,,,2,,,
86753091,2019-20,STU00762,FALL,Older than 24,First-Time,Part-Time,C,N,,Hispanic,H,F,N,N,First-Time Part-Time,A,420101,1.83,2.23,5,4,17,13,0,0,0,0,N,R,NA,Y,NA,C,,2.66,NA,Y,NA,C,1,0,0,0,0,0,3,0,,N,,2,N,0,3,N,N,0,0,0,0,420101,,,,,,,,,,,,,,,,,,,,,,,
86753091,2019-20,STU00763,FALL,Older than 24,First-Time,Part-Time,C,C,UK,Asian,N,F,N,Y,First-Time Part-Time,03,513899,2.78,2.65,7,5,15,11,18,16,0,0,N,N,NA,NA,NA,NA,,,NA,NA,NA,NA,1,0,0,0,0,0,1,0,,C,,0,UK,0,2,N,N,0,0,0,0,513899,,,,,,,,,,,,,,,,,,,,,,,
86753091,2016-17,STU00764,FALL,Older than 24,First-Time,Full-Time,N,C,UK,Hispanic,H,F,N,UK,First-Time Full-Time,02,510904,2.89,3.23,11,9,36,33,23,20,25,18,R,N,Y,NA,NC,NA,F,,Y,NA,C,NA,1,0,0,2,0,0,1,0,1.8,C,,0,N,0,1,Y,N,0,2,0,0,510904,,,,,,,,,,,,,,,,2,,,,2,,,
86753091,2019-20,STU00765,SUMMER,>20 - 24,First-Time,Full-Time,C,N,,Black or African American,N,F,,N,First-Time Full-Time,03,513899,3.5,3.31,18,16,0,0,0,0,0,0,N,R,NA,Y,NA,C,,3.58,NA,Y,NA,C,0,0,0,0,0,0,1,0,,N,,0,UK,0,4,N,N,0,0,0,0,513899,,,,,,,,,,,,,,,,,,,,,,,
86753091,2019-20,STU00766,FALL,Older than 24,First-Time,Part-Time,N,C,,Hispanic,H,M,A,N,First-Time Part-Time,B,131202,3.63,3.62,10,10,25,25,17,17,15,9,R,N,Y,NA,C,NA,3.12,,Y,NA,C,NA,1,0,0,0,0,0,3,0,,C,,0,N,0,4,N,N,0,0,0,0,131202,,,,,,,,,,,,,,,,,,,,,,,
86753091,2016-17,STU00767,FALL,Older than 24,First-Time,Part-Time,R,N,,White,N,X,B,UK,First-Time Part-Time,C1,420101,2.4,3,7,7,14,11,0,0,0,0,R,R,Y,UK,C,UK,4,,NA,Y,NA,C,1,0,0,0,0,0,2,0,,N,,2,N,0,4,N,N,0,0,0,0,420101,,,,,,,,,,,,,,,,,,,,,,,
86753091,2018-19,STU00768,FALL,20 and younger,Transfer-In,Full-Time,N,C,,Two or More Races,N,M,A,Y,Transfer-In Full-Time,B,110701,3.44,2.73,20,16,29,29,29,14,30,27,R,N,Y,NA,NC,NA,W,,Y,NA,C,NA,1,0,0,0,0,0,4,0,,C,,1,N,0,0,N,N,0,2,0,0,110701,,,,,,,,,,,,,,,,,,,,2,,,
86753091,2020-21,STU00769,FALL,Older than 24,First-Time,Part-Time,R,C,,Black or African American,N,F,N,N,First-Time Part-Time,B,230101,3.46,3.17,9,8,17,11,22,15,17,17,R,N,UK,NA,UK,NA,,,NA,NA,NA,NA,1,1,0,0,0,0,2,1,,C,,0,N,0,1,N,N,0,0,0,0,230101,,,,,,,,Doctoral Universities,,,,,Suburb,,,,,,,,,,
86753091,2020-21,STU00770,FALL,Older than 24,First-Time,Part-Time,R,C,,Black or African American,N,F,B,N,First-Time Part-Time,A,261504,3.2,3.5,7,6,18,18,0,0,0,0,R,N,Y,NA,D,NA,F,,NA,NA,NA,NA,1,0,0,0,0,0,2,0,,C,,2,N,2,2,N,Spring 2021,0,2,0,0,261504,,,,,,,,,,,,,,,,,,,,2,,,
86753091,2017-18,STU00771,SUMMER,20 and younger,First-Time,Full-Time,N,C,SE,Black or African American,N,M,B,N,First-Time Full-Time,B,422814,2.65,2.68,18,12,29,19,25,18,30,26,R,N,Y,NA,C,NA,1.94,,N,NA,N,NA,1,0,0,0,0,0,3,0,,C,,4,N,-1,-1,N,N,0,2,0,0,422814,,,,,,,,,,,,,,,,,,,,2,,,
86753091,2016-17,STU00772,SUMMER,20 and younger,First-Time,Full-Time,R,C,,White,N,F,C,Y,First-Time Full-Time,03,513899,2.34,2.22,15,12,35,33,34,26,0,0,R,N,Y,NA,D,NA,W,,NA,NA,NA,NA,1,0,0,0,0,0,1,0,,C,,-1,N,0,0,N,N,0,0,0,0,513899,,,,,,,,,,,,,,,,,,,,,,,
86753091,2020-21,STU00773,FALL,>20 - 24,First-Time,Full-Time,C,N,,White,N,F,N,UK,First-Time Full-Time,A,270101,2.24,1.87,10,6,0,0,0,0,0,0,N,R,NA,Y,NA,C,,2.6,NA,N,NA,N,0,0,0,0,0,0,1,0,,N,First Year Success,1,N,0,2,UK,N,0,0,0,0,270101,,,,,,,,,,,,,,,,,,,,,,,
86753091,2019-20,STU00774,FALL,20 and younger,Transfer-In,Full-Time,C,C,,White,N,M,P,Y,Transfer-In Full-Time,B,261504,3.9,4,15,15,23,21,0,0,0,0,N,N,NA,NA,NA,NA,,,NA,NA,NA,NA,1,1,0,0,0,0,1,2,,C,STEM Scholars 2019,1,N,0,3,UK,N,0,3,0,0,261504,,,IL,,,,,Associate's Colleges,,,,,Town/Rural,,,,,,,3,,,
86753091,2018-19,STU00775,FALL,>20 - 24,First-Time,Full-Time,C,UK,UK,Hispanic,H,F,N,N,First-Time Full-Time,B,110701,3.02,2.72,21,14,29,25,28,26,33,23,N,UK,NA,UK,NA,UK,,,NA,UK,NA,UK,1,0,0,0,0,0,1,0,,UK,Bridge Program,0,N,0,-1,N,N,0,0,0,0,110701,,,,,,,,,,,,,,,,,,,,,,,
86753091,2020-21,STU00776,SPRING,20 and younger,First-Time,Full-Time,R,C,,Black or African American,N,F,,Y,First-Time Full-Time,A,110701,4,3.62,13,11,34,34,23,23,0,0,R,N,N,NA,N,NA,,,NA,NA,NA,NA,1,0,0,0,0,0,4,0,,C,,0,N,0,3,Y,N,0,0,0,0,110701,,,,,,,,,,,,,,,,,,,,,,,
86753091,2017-18,STU00777,FALL,>20 - 24,Transfer-In,Full-Time,C,C,,White,N,M,B,N,Transfer-In Full-Time,B,513899,3.97,4,18,15,24,24,27,24,0,0,N,N,NA,NA,NA,NA,,,NA,NA,NA,NA,1,0,0,0,0,0,3,0,,C,,0,N,0,-1,N,Fall 2019,0,0,0,0,513899,,,,,,,,,,,,,,,,,,,,,,,
86753091,2018-19,STU00778,SPRING,>20 - 24,First-Time,Full-Time,N,C,,Hispanic,H,M,,Y,First-Time Full-Time,C2,110701,3.95,4,15,13,25,22,29,26,33,31,R,N,Y,NA,C,NA,2.88,,Y,NA,C,NA,1,0,0,4,0,0,3,0,4,C,,3,N,0,4,UK,N,0,4,0,0,110701,,,,,,,,,,,,,,,,4,,,,4,,,
86753091,2019-20,STU00779,FALL,Older than 24,Transfer-In,Part-Time,C,C,,American Indian or Alaska Native,N,F,P,Y,Transfer-In Part-Time,03,261504,2.9,3.05,6,5,17,13,12,10,19,18,N,N,NA,NA,NA,NA,,,NA,NA,NA,NA,1,1,0,0,5,0,5,1,,C,,0,N,2,2,N,Fall 2020,0,0,5,0,261504,TX,,TX,TX,,Associate's Colleges,,Associate's Colleges,Associate's Colleges,,Town/Rural,,Town/Rural,Town/Rural,,,,,,,,,
86753091,2018-19,STU00780,FALL,20 and younger,First-Time,Full-Time,C,C,DE,Asian,N,M,P,N,First-Time Full-Time,03,520201,3.7,4,17,16,25,23,0,0,0,0,N,N,NA,NA,NA,NA,,,NA,NA,NA,NA,1,0,0,0,0,0,5,0,,C,,2,N,0,4,N,N,0,0,0,0,520201,,,,,,,,,,,,,,,,,,,,,,,
86753091,2017-18,STU00781,FALL,20 and younger,First-Time,Full-Time,C,C,DE,Asian,N,M,N,Y,First-Time Full-Time,B,510904,2.31,2.19,12,10,0,0,0,0,0,0,N,N,NA,NA,NA,NA,,,NA,NA,NA,NA,0,0,0,0,0,0,1,0,,C,STEM Scholars 2019,1,N,0,4,N,N,0,0,0,0,510904,,,,,,,,,,,,,,,,,,,,,,,
86753091,2016-17,STU00782,FALL,>20 - 24,First-Time,Part-Time,N,N,,White,N,F,B,N,First-Time Part-Time,B,261504,2.88,2.71,9,9,0,0,0,0,0,0,R,R,Y,N,D,N,F,,Y,Y,C,C,0,1,0,0,0,0,1,1,,N,,1,N,0,0,N,Fall 2020,0,0,0,0,261504,,,WA,,,,,Associate's Colleges,,,,,Suburb,,,,,,,,,,
86753091,2020-21,STU00783,FALL,>20 - 24,Transfer-In,Part-Time,C,R,,Nonresident alien,N,M,B,N,Transfer-In Part-Time,B,513899,3.81,3.08,12,11,15,10,14,10,0,0,N,R,NA,Y,NA,D,,F,NA,NA,NA,NA,1,1,0,0,0,0,1,2,,R,,0,N,0,3,N,Spring 2020,0,2,0,0,513899,,,,,,,,Master's Colleges & Universities,,,,,Suburb,,,,,,,2,,,
86753091,2020-21,STU00784,FALL,20 and younger,Transfer-In,Full-Time,N,C,,Hispanic,H,M,B,Y,Transfer-In Full-Time,B,520201,3.68,4,15,13,33,32,28,21,26,26,R,N,Y,NA,C,NA,2.11,,Y,NA,D,NA,1,0,0,0,0,0,2,0,,C,Bridge Program,2,N,0,2,N,N,0,0,0,0,520201,,,,,,,,,,,,,,,,,,,,,,,
86753091,2020-21,STU00785,FALL,Older than 24,First-Time,Part-Time,C,C,,White,N,F,B,N,First-Time Part-Time,B,510904,4,3.38,5,4,0,0,0,0,0,0,N,N,NA,NA,NA,NA,,,NA,NA,NA,NA,0,0,0,0,0,0,1,0,,C,,0,N,2,2,N,N,0,0,0,0,510904,,,,,,,,,,,,,,,,,,,,,,,
86753091,2020-21,STU00786,SPRING,>20 - 24,First-Time,Full-Time,R,C,,Asian,N,M,B,UK,First-Time Full-Time,A,270101,2.53,2.36,16,10,33,24,26,24,0,0,R,N,Y,NA,C,NA,P,,NA,NA,NA,NA,1,0,0,0,0,0,2,0,,C,,4,N,0,4,N,Spring 2020,0,0,0,0,270101,,,,,,,,,,,,,,,,,,,,,,,
86753091,2018-19,STU00787,SPRING,20 and younger,Transfer-In,Part-Time,C,C,,Black or African American,N,F,C,Y,Transfer-In Part-Time,B,422814,3.08,3.73,8,8,23,19,13,12,22,22,N,N,NA,NA,NA,NA,,,NA,NA,NA,NA,1,0,0,2,0,0,1,0,2.3,C,STEM Scholars 2019,6,UK,0,0,N,N,0,2,0,0,422814,,,,,,,,,,,,,,,,2,,,,2,,,
86753091,2017-18,STU00788,FALL,Older than 24,First-Time,Part-Time,N,N,,White,N,M,,UK,First-Time Part-Time,02,510904,3.88,3.81,11,11,15,13,15,13,15,15,R,R,N,Y,N,C,,A,Y,N,D,N,1,1,0,0,0,2,4,2,,N,Bridge Program,3,N,0,1,N,N,0,4,0,2,510904,,IL,IL,,IL,,,,,,,Town/Rural,Town/Rural,,Town/Rural,,,2,,4,,2,
86753091,2019-20,STU00789,FALL,Older than 24,First-Time,Full-Time,C,C,,Black or African American,N,M,B,Y,First-Time Full-Time,M,420101,3.35,3.11,14,14,23,23,27,20,32,29,N,N,NA,NA,NA,NA,,,NA,NA,NA,NA,1,0,0,0,0,0,2,0,,C,,5,P,0,-1,N,N,0,0,0,0,420101,,,,,,,,,,,,,,,,,,,,,,,
86753091,2019-20,STU00790,FALL,20 and younger,First-Time,Full-Time,N,C,UK,Hispanic,H,F,,Y,First-Time Full-Time,B,422814,4,4,18,18,33,30,23,23,21,21,R,N,Y,NA,C,NA,2.19,,Y,NA,C,NA,1,1,0,0,0,0,1,2,,C,,-1,N,2,3,N,N,0,0,0,0,422814,,,GA,,,,,Associate's Colleges,,,,,Suburb,,,,,,,,,,
86753091,2016-17,STU00791,FALL,>20 - 24,First-Time,Full-Time,C,C,,White,N,F,B,Y,First-Time Full-Time,B,422814,3.28,3.02,14,13,24,19,35,34,26,24,N,N,NA,NA,NA,NA,,,NA,NA,NA,NA,1,0,0,2,0,0,2,0,1.9,C,,0,UK,0,1,N,N,0,2,0,0,422814,,,,,,,,,,,,,,,,2,,,,2,,,
86753091,2020-21,STU00792,FALL,>20 - 24,First-Time,Full-Time,N,C,,Black or African American,N,F,B,Y,First-Time Full-Time,02,510904,3.04,3.15,15,13,28,26,25,22,27,27,R,N,Y,NA,C,NA,2.72,,Y,NA,D,NA,1,1,0,0,0,0,3,0,,C,,0,N,2,3,N,N,0,0,0,0,510904,,,IL,,,,,Master's Colleges & Universities,,,,,Urban,,,,,,,,,,
86753091,2017-18,STU00793,FALL,>20 - 24,First-Time,Part-Time,R,C,,Hispanic,H,F,C,N,First-Time Part-Time,03,270101,3.74,3.62,7,6,8,8,13,12,0,0,R,N,Y,NA,NC,NA,F,,NA,NA,NA,NA,1,0,0,0,0,0,2,0,,C,Bridge Program,0,N,-1,-1,N,N,0,0,0,0,270101,,,,,,,,,,,,,,,,,,,,,,,
86753091,2020-21,STU00794,FALL,>20 - 24,Transfer-In,Part-Time,N,N,,Hispanic,H,M,A,UK,Transfer-In Part-Time,03,422814,4,4,5,5,17,17,0,0,0,0,R,R,N,Y,N,C,,4,Y,Y,C,C,1,1,0,0,0,0,1,0,,N,,1,N,0,0,N,N,0,0,0,0,422814,,,OH,,,,,,,,,,Urban,,,,,,,,,,
86753091,2018-19,STU00795,FALL,20 and younger,First-Time,Full-Time,C,C,,White,N,M,N,N,First-Time Full-Time,B,230101,3.67,3.63,16,12,25,25,27,26,26,24,N,N,NA,NA,NA,NA,,,NA,NA,NA,NA,1,0,0,0,0,0,3,0,,C,,4,N,0,-1,N,N,0,0,0,0,230101,,,,,,,,,,,,,,,,,,,,,,,
86753091,2020-21,STU00796,FALL,20 and younger,First-Time,Full-Time,C,C,DE,Black or African American,N,M,,N,First-Time Full-Time,B,230101,2.71,2.91,16,14,33,30,23,23,25,23,N,N,NA,NA,NA,NA,,,NA,NA,NA,NA,1,0,0,2,0,0,3,0,1.4,C,,0,N,0,-1,N,N,0,2,0,0,230101,,,,,,,,,,,,,,,,2,,,,2,,,
86753091,2016-17,STU00797,FALL,>20 - 24,First-Time,Full-Time,N,C,,Asian,N,F,B,N,First-Time Full-Time,B,510904,2.85,3.23,12,10,34,26,32,29,0,0,R,N,Y,NA,C,NA,2.39,,Y,NA,D,NA,1,0,0,0,0,0,2,0,,C,,1,N,0,0,N,N,0,0,0,0,510904,,,,,,,,,,,,,,,,,,,,,,,
86753091,2017-18,STU00798,FALL,Older than 24,First-Time,Part-Time,N,C,,White,N,F,B,N,First-Time Part-Time,03,110701,3.32,3.32,10,8,15,10,11,11,0,0,R,N,Y,NA,D,NA,F,,Y,NA,C,NA,1,0,0,0,0,0,4,0,,C,,0,N,0,2,N,N,0,0,0,0,110701,,,,,,,,,,,,,,,,,,,,,,,
86753091,2020-21,STU00799,SPRING,Older than 24,First-Time,Full-Time,N,R,UK,Black or African American,N,F,N,N,First-Time Full-Time,A,240101,2.97,3.37,18,12,22,22,26,24,0,0,R,R,Y,Y,C,C,2.88,1.53,Y,NA,C,NA,1,0,0,0,0,0,3,0,,R,,2,N,0,2,N,N,0,0,0,0,240101,,,,,,,,,,,,,,,,,,,,,,,
86753091,2016-17,STU00800,SUMMER,20 and younger,Transfer-In,Full-Time,C,C,,White,N,M,,Y,Transfer-In Full-Time,B,420101,3.36,3.33,17,15,35,33,33,30,26,19,N,N,NA,NA,NA,NA,,,NA,NA,NA,NA,1,0,0,0,0,0,2,0,,C,,0,UK,0,0,N,N,0,0,0,0,420101,,,,,,,,,,,,,,,,,,,,,,,
86753091,2018-19,STU00801,SUMMER,>20 - 24,First-Time,Full-Time,R,UK,,White,N,M,,Y,First-Time Full-Time,B,510904,2.09,1.41,16,9,0,0,0,0,0,0,R,UK,Y,UK,D,UK,F,,NA,UK,NA,UK,0,0,0,0,0,0,1,0,,UK,,0,N,0,1,N,N,4,0,0,0,510904,,,,,,,,,,,,,,,,,,,,,,,
86753091,2020-21,STU00802,FALL,20 and younger,First-Time,Full-Time,C,C,,Hispanic,H,M,B,N,First-Time Full-Time,B,230101,3.26,3.42,13,11,30,24,0,0,0,0,N,N,NA,NA,NA,NA,,,NA,NA,NA,NA,1,0,0,0,0,0,3,0,,C,STEM Scholars 2019,4,N,0,0,Y,N,0,0,0,0,230101,,,,,,,,,,,,,,,,,,,,,,,
86753091,2017-18,STU00803,FALL,>20 - 24,Transfer-In,Full-Time,N,C,UK,Two or More Races,N,F,,UK,Transfer-In Full-Time,B,261504,2.43,2.85,15,13,29,22,25,22,0,0,R,N,UK,NA,UK,NA,,,Y,NA,C,NA,1,0,0,0,0,0,2,0,,C,,0,UK,1,3,UK,N,0,0,0,0,261504,,,,,,,,,,,,,,,,,,,,,,,
86753091,2018-19,STU00804,FALL,20 and younger,First-Time,Full-Time,C,C,,White,N,M,B,Y,First-Time Full-Time,B,420101,3.11,2.5,17,12,30,28,28,26,31,18,N,N,NA,NA,NA,NA,,,NA,NA,NA,NA,1,0,0,0,0,0,1,0,,C,,0,UK,0,0,N,N,5,0,0,0,420101,,,,,,,,,,,,,,,,,,,,,,,
86753091,2016-17,STU00805,FALL,>20 - 24,Transfer-In,Full-Time,C,N,UK,Black or African American,N,F,A,Y,Transfer-In Full-Time,A,540101,4,3.9,12,11,30,30,24,24,24,24,N,R,NA,Y,NA,C,,2.4,NA,Y,NA,C,1,0,0,0,0,0,1,0,,N,,0,N,-1,3,Y,Fall 2019,0,0,0,0,540101,,,,,,,,,,,,,,,,,,,,,,,
86753091,2017-18,STU00806,FALL,Older than 24,Transfer-In,Full-Time,C,C,,Unknown,UK,F,N,N,Transfer-In Full-Time,B,261504,3.22,3.81,17,14,32,31,30,23,28,23,N,N,NA,NA,NA,NA,,,NA,NA,NA,NA,1,0,0,2,0,0,2,0,2,C,,0,N,0,4,UK,Spring 2021,0,2,0,0,261504,,,,,,,,,,,,,,,,2,,,,2,,,
86753091,2016-17,STU00807,SPRING,>20 - 24,Re-admit,Part-Time,C,N,,Two or More Races,N,F,B,N,Re-admit Part-Time,B,230101,3.96,3.15,7,7,0,0,0,0,0,0,N,R,NA,Y,NA,C,,1.23,NA,Y,NA,D,0,0,0,0,0,0,1,0,,N,Bridge Program,0,N,-1,0,N,Spring 2020,0,3,0,0,230101,,,,,,,,,,,,,,,,,,,,3,,,
86753091,2016-17,STU00808,SPRING,>20 - 24,First-Time,Part-Time,N,R,,Black or African American,N,F,P,N,First-Time Part-Time,03,270101,2.56,2.94,7,5,0,0,0,0,0,0,R,R,Y,Y,C,C,2.29,3.24,Y,NA,D,NA,0,0,0,0,0,0,1,0,,R,,4,N,0,0,N,N,0,0,0,0,270101,,,,,,,,,,,,,,,,,,,,,,,
86753091,2017-18,STU00809,SUMMER,>20 - 24,First-Time,Full-Time,C,N,,Black or African American,N,F,N,N,First-Time Full-Time,B,513899,3.77,4,16,16,34,31,34,31,21,21,N,R,NA,Y,NA,C,,O,NA,Y,NA,C,1,0,0,2,0,0,1,0,2.5,N,,2,N,-1,0,N,N,0,2,0,0,513899,,,,,,,,,,,,,,,,2,,,,2,,,
86753091,2016-17,STU00810,FALL,20 and younger,First-Time,Full-Time,R,R,DE,White,N,M,B,N,First-Time Full-Time,A,240101,3.74,3.77,13,13,23,23,28,24,26,26,R,R,N,Y,N,C,,1.64,NA,NA,NA,NA,1,1,0,0,0,0,2,1,,R,,2,N,0,0,UK,N,0,0,0,0,240101,,,FL,,,,,,,,,,,,,,,,,,,,
86753091,2017-18,STU00811,SPRING,Older than 24,First-Time,Full-Time,R,UK,,Asian,N,M,C,Y,First-Time Full-Time,B,510904,2.83,2.41,16,15,31,23,34,28,36,29,R,UK,Y,UK,C,UK,O,,NA,UK,NA,UK,1,0,0,0,0,0,3,0,,UK,First Year Success,2,UK,0,1,N,N,0,0,0,0,510904,,,,,,,,,,,,,,,,,,,,,,,
86753091,2018-19,STU00812,FALL,Older than 24,Transfer-In,Full-Time,C,N,,Hispanic,H,M,B,N,Transfer-In Full-Time,B,240101,3.01,2.7,15,11,31,16,26,19,25,23,N,R,NA,Y,NA,D,,F,NA,N,NA,N,1,0,0,0,0,0,4,0,,N,,1,UK,0,2,N,Fall 2019,0,0,0,0,240101,,,,,,,,,,,,,,,,,,,,,,,
86753091,2019-20,STU00813,FALL,>20 - 24,First-Time,Part-Time,N,C,,Asian,N,F,P,Y,First-Time Part-Time,B,510904,4,3.77,7,5,22,21,19,15,0,0,R,N,Y,NA,D,NA,W,,Y,NA,D,NA,1,0,0,0,0,0,1,0,,C,,3,N,0,3,Y,N,0,0,0,0,510904,,,,,,,,,,,,,,,,,,,,,,,
86753091,2018-19,STU00814,WINTER,>20 - 24,Transfer-In,Part-Time,C,R,,Hispanic,H,M,B,N,Transfer-In Part-Time,B,110701,3.11,3.11,8,8,18,13,14,12,11,9,N,R,NA,Y,NA,C,,3.4,NA,NA,NA,NA,1,0,0,0,0,0,1,0,,R,,0,N,0,0,N,N,0,0,0,0,110701,,,,,,,,,,,,,,,,,,,,,,,
86753091,2019-20,STU00815,SUMMER,20 and younger,Transfer-In,Full-Time,C,R,,Hispanic,H,F,B,Y,Transfer-In Full-Time,B,540101,1.51,1.78,16,10,31,22,23,17,33,27,N,R,NA,Y,NA,C,,P,NA,NA,NA,NA,1,0,0,0,0,0,4,0,,R,Bridge Program,0,UK,1,0,N,N,0,0,0,0,540101,,,,,,,,,,,,,,,,,,,,,,,
86753091,2017-18,STU00816,SPRING,>20 - 24,Transfer-In,Full-Time,C,N,,Hispanic,H,F,C,Y,Transfer-In Full-Time,B,540101,1.82,2.05,15,10,26,19,0,0,0,0,N,R,NA,UK,NA,UK,,,NA,Y,NA,C,1,0,0,0,0,0,5,0,,N,,1,N,0,0,N,N,0,0,0,0,540101,,,,,,,,,,,,,,,,,,,,,,,
86753091,2018-19,STU00817,FALL,Older than 24,First-Time,Full-Time,C,N,,Hispanic,H,M,B,Y,First-Time Full-Time,A,520201,2.89,3.15,17,16,23,20,34,28,35,27,N,R,NA,Y,NA,D,,F,NA,N,NA,N,1,0,0,0,0,0,3,0,,N,,4,N,-1,3,N,N,0,0,0,0,520201,,,,,,,,,,,,,,,,,,,,,,,
86753091,2019-20,STU00818,FALL,20 and younger,First-Time,Full-Time,R,R,,White,N,F,B,Y,First-Time Full-Time,B,420101,4,3.79,19,17,25,25,26,23,0,0,R,R,N,Y,N,NC,,W,NA,NA,NA,NA,1,0,0,0,0,0,1,0,,R,,-1,N,0,4,N,N,5,0,0,0,420101,,,,,,,,,,,,,,,,,,,,,,,
86753091,2020-21,STU00819,FALL,Older than 24,First-Time,Full-Time,N,N,,Asian,N,F,P,Y,First-Time Full-Time,B,540101,3.5,3.93,17,15,26,22,21,20,30,30,R,R,UK,Y,UK,D,,W,Y,Y,C,D,1,1,0,2,0,0,4,2,2.4,N,,0,N,0,1,Y,Fall 2020,0,2,0,0,540101,,,MI,,,,,Baccalaureate Colleges,,,,,,,,2,,,,2,,,
86753091,2019-20,STU00820,SPRING,20 and younger,First-Time,Full-Time,R,C,,White,N,F,B,Y,First-Time Full-Time,A,131202,2.89,3.21,17,17,28,24,25,20,26,17,R,N,UK,NA,UK,NA,,,NA,NA,NA,NA,1,0,0,0,0,0,1,0,,C,,0,N,0,-1,N,N,4,0,0,0,131202,,,,,,,,,,,,,,,,,,,,,,,
86753091,2020-21,STU00821,FALL,>20 - 24,First-Time,Full-Time,N,N,,White,N,F,P,N,First-Time Full-Time,02,230101,3.46,2.98,16,15,26,23,29,26,28,20,R,R,UK,Y,UK,D,,W,Y,Y,D,D,1,0,0,0,0,0,4,0,,N,,0,N,0,3,N,Spring 2021,0,3,0,0,230101,,,,,,,,,,,,,,,,,,,,3,,,
86753091,2016-17,STU00822,SPRING,20 and younger,Transfer-In,Full-Time,C,C,,Black or African American,N,F,B,Y,Transfer-In Full-Time,B,420101,2.87,2.96,12,10,36,32,23,22,31,27,N,N,NA,NA,NA,NA,,,NA,NA,NA,NA,1,1,0,2,0,0,5,2,2.3,C,,1,N,0,3,N,N,6,2,0,0,420101,,,FL,,,,,Associate's Colleges,,,,,Town/Rural,,,2,,,,2,,,
86753091,2020-21,STU00823,FALL,20 and younger,Transfer-In,Full-Time,C,N,,Black or African American,N,M,,N,Transfer-In Full-Time,A,230101,2.24,2.1,15,9,0,0,0,0,0,0,N,R,NA,Y,NA,C,,3.6,NA,Y,NA,C,0,0,0,0,0,0,1,0,,N,,4,P,0,2,N,N,0,0,0,0,230101,,,,,,,,,,,,,,,,,,,,,,,
86753091,2020-21,STU00824,SUMMER,>20 - 24,Transfer-In,Full-Time,R,C,,Hispanic,H,F,B,N,Transfer-In Full-Time,B,540101,3.82,3.29,13,13,0,0,0,0,0,0,R,N,N,NA,N,NA,,,NA,NA,NA,NA,0,0,0,0,0,0,1,0,,C,,0,N,0,3,N,N,0,3,0,0,540101,,,,,,,,,,,,,,,,,,,,3,,,
86753091,2019-20,STU00825,SUMMER,>20 - 24,Transfer-In,Full-Time,C,UK,UK,White,N,F,B,N,Transfer-In Full-Time,B,261504,3.23,2.59,12,7,33,18,28,20,0,0,N,UK,NA,UK,NA,UK,,,NA,UK,NA,UK,1,0,0,0,0,0,2,0,,UK,,0,N,0,3,N,N,0,0,0,0,261504,,,,,,,,,,,,,,,,,,,,,,,
86753091,2019-20,STU00826,SUMMER,20 and younger,Re-admit,Full-Time,R,R,,White,N,M,A,Y,Re-admit Full-Time,A,230101,3.05,2.79,16,14,29,22,25,19,22,18,R,R,UK,Y,UK,D,,W,NA,NA,NA,NA,1,0,0,0,0,0,2,0,,R,,0,UK,0,4,N,N,4,0,0,0,230101,,,,,,,,,,,,,,,,,,,,,,,
86753091,2018-19,STU00827,FALL,20 and younger,Re-admit,Full-Time,C,C,,Hispanic,H,F,,N,Re-admit Full-Time,B,270101,3.73,4,13,12,26,26,31,31,0,0,N,N,NA,NA,NA,NA,,,NA,NA,NA,NA,1,1,0,0,0,0,3,1,,C,,3,N,0,4,UK,N,0,0,0,0,270101,,,MI,,,,,Doctoral Universities,,,,,,,,,,,,,,,
86753091,2018-19,STU00828,SPRING,>20 - 24,Transfer-In,Full-Time,R,C,,White,N,M,P,Y,Transfer-In Full-Time,A,540101,2.56,2.67,16,14,0,0,0,0,0,0,R,N,Y,NA,D,NA,F,,NA,NA,NA,NA,0,0,0,0,0,0,1,0,,C,,0,N,1,-1,Y,N,5,0,0,0,540101,,,,,,,,,,,,,,,,,,,,,,,
86753091,2016-17,STU00829,FALL,>20 - 24,Transfer-In,Full-Time,C,C,,White,N,M,B,UK,Transfer-In Full-Time,B,420101,3.27,3.77,13,13,27,27,34,29,31,31,N,N,NA,NA,NA,NA,,,NA,NA,NA,NA,1,0,0,0,0,0,2,0,,C,,2,N,0,2,N,N,0,0,0,0,420101,,,,,,,,,,,,,,,,,,,,,,,
86753091,2016-17,STU00830,FALL,20 and younger,First-Time,Full-Time,R,C,,Black or African American,N,F,A,N,First-Time Full-Time,B,131202,3.84,3.59,14,11,26,21,28,28,31,31,R,N,UK,NA,UK,NA,,,NA,NA,NA,NA,1,1,0,3,0,4,3,1,3,C,Bridge Program,5,UK,2,0,UK,N,0,3,0,4,131202,,NC,NC,,NC,,Associate's Colleges,Associate's Colleges,,Associate's Colleges,,Urban,Urban,,Urban,3,,4,,3,,4,
86753091,2020-21,STU00831,FALL,20 and younger,First-Time,Full-Time,C,C,DE,White,N,F,B,N,First-Time Full-Time,B,510904,2.69,3.09,14,9,0,0,0,0,0,0,N,N,NA,NA,NA,NA,,,NA,NA,NA,NA,0,0,0,0,0,0,1,0,,C,,4,N,0,0,N,N,0,0,0,0,510904,,,,,,,,,,,,,,,,,,,,,,,
86753091,2019-20,STU00832,FALL,>20 - 24,Transfer-In,Full-Time,R,C,UK,Two or More Races,N,F,B,Y,Transfer-In Full-Time,B,520201,2.75,2.82,14,12,33,26,25,17,20,17,R,N,Y,NA,D,NA,W,,NA,NA,NA,NA,1,1,0,0,0,0,3,0,,C,,-1,N,0,2,N,N,0,0,0,0,520201,,,TX,,,,,Baccalaureate Colleges,,,,,Urban,,,,,,,,,,
86753091,2020-21,STU00833,FALL,Older than 24,First-Time,Part-Time,N,C,,White,N,F,A,N,First-Time Part-Time,A,520201,2.49,3.34,9,8,15,12,16,15,9,9,R,N,Y,NA,C,NA,1.21,,N,NA,N,NA,1,0,0,0,0,0,1,0,,C,,0,N,0,0,Y,N,0,0,0,0,520201,,,,,,,,,,,,,,,,,,,,,,,
86753091,2016-17,STU00834,SPRING,20 and younger,Transfer-In,Full-Time,C,C,,Hispanic,H,F,N,Y,Transfer-In Full-Time,B,422814,3.23,3.06,13,12,26,16,33,23,32,24,N,N,NA,NA,NA,NA,,,NA,NA,NA,NA,1,0,0,0,0,0,5,0,,C,,0,N,2,1,N,N,7,0,0,0,422814,,,,,,,,,,,,,,,,,,,,,,,
86753091,2019-20,STU00835,WINTER,20 and younger,First-Time,Full-Time,C,C,DS,Hispanic,H,M,B,Y,First-Time Full-Time,B,513899,3.01,2.48,13,9,30,26,28,24,26,17,N,N,NA,NA,NA,NA,,,NA,NA,NA,NA,1,0,0,0,0,0,1,0,,C,First Year Success,0,N,0,0,N,N,0,0,0,0,513899,,,,,,,,,,,,,,,,,,,,,,,
86753091,2020-21,STU00836,FALL,>20 - 24,Re-admit,Full-Time,C,UK,,Hispanic,H,F,N,N,Re-admit Full-Time,C1,540101,2.94,4,18,18,25,23,24,18,0,0,N,UK,NA,UK,NA,UK,,,NA,UK,NA,UK,1,1,0,0,0,0,2,0,,UK,,6,N,0,2,N,Spring 2021,0,0,0,0,540101,,,,,,,,Baccalaureate Colleges,,,,,Suburb,,,,,,,,,,
86753091,2017-18,STU00837,SUMMER,20 and younger,First-Time,Full-Time,C,N,,White,N,F,B,Y,First-Time Full-Time,A,270101,3.4,3.77,12,11,35,32,32,29,33,33,N,R,NA,Y,NA,D,,F,NA,Y,NA,D,1,0,0,0,0,0,3,0,,N,,2,N,0,2,N,Spring 2020,0,0,0,0,270101,,,,,,,,,,,,,,,,,,,,,,,
86753091,2020-21,STU00838,FALL,20 and younger,First-Time,Full-Time,C,N,,White,N,F,A,Y,First-Time Full-Time,B,131202,4,3.81,16,16,25,21,31,29,29,25,N,R,NA,UK,NA,UK,,,NA,N,NA,N,1,0,0,0,0,0,3,0,,N,,0,N,-1,3,N,N,0,0,0,0,131202,,,,,,,,,,,,,,,,,,,,,,,
86753091,2019-20,STU00839,FALL,>20 - 24,First-Time,Full-Time,N,N,,White,N,M,P,N,First-Time Full-Time,B,270101,3.9,3.76,16,14,28,26,0,0,0,0,R,R,Y,Y,D,C,F,2.25,Y,Y,D,D,1,0,0,0,0,0,3,0,,N,,1,N,-1,2,N,N,0,0,0,0,270101,,,,,,,,,,,,,,,,,,,,,,,
86753091,2019-20,STU00840,FALL,20 and younger,First-Time,Full-Time,N,R,,White,N,M,B,N,First-Time Full-Time,B,422814,3.42,2.75,14,11,25,21,31,27,21,13,R,R,Y,Y,C,C,2.57,2.33,Y,NA,C,NA,1,0,0,0,0,0,5,0,,R,,1,UK,0,2,N,N,0,0,0,0,422814,,,,,,,,,,,,,,,,,,,,,,,
86753091,2016-17,STU00841,FALL,20 and younger,First-Time,Full-Time,N,N,,Hispanic,H,M,N,Y,First-Time Full-Time,B,422814,3.21,3.21,16,15,26,23,30,30,26,26,R,R,N,N,N,N,,,Y,Y,C,D,1,0,0,0,0,0,4,0,,N,,6,N,-1,2,N,N,0,0,0,0,422814,,,,,,,,,,,,,,,,,,,,,,,
86753091,2020-21,STU00842,FALL,Older than 24,Re-admit,Full-Time,R,R,,White,N,M,,UK,Re-admit Full-Time,02,420101,3.71,4,16,12,28,20,30,29,0,0,R,R,Y,Y,C,NC,2.86,F,NA,NA,NA,NA,1,0,0,0,0,0,2,0,,R,,3,N,0,1,Y,N,0,0,0,0,420101,,,,,,,,,,,,,,,,,,,,,,,
86753091,2017-18,STU00843,FALL,>20 - 24,First-Time,Full-Time,R,C,,White,N,F,B,UK,First-Time Full-Time,01,513899,3.06,3.22,16,12,0,0,0,0,0,0,R,N,Y,NA,NC,NA,F,,NA,NA,NA,NA,0,0,0,0,0,0,1,0,,C,,0,Y,0,3,N,Fall 2020,0,0,0,0,513899,,,,,,,,,,,,,,,,,,,,,,,
86753091,2019-20,STU00844,FALL,Older than 24,First-Time,Full-Time,C,R,,White,N,F,B,N,First-Time Full-Time,05,540101,2.66,3.08,12,12,16,11,22,22,32,23,N,R,NA,Y,NA,C,,4,NA,NA,NA,NA,1,1,0,0,0,0,4,2,,R,,2,N,0,3,N,Spring 2020,5,0,0,0,540101,,,TX,,,,,,,,,,Town/Rural,,,,,,,,,,
86753091,2016-17,STU00845,FALL,Older than 24,First-Time,Part-Time,N,C,,Black or African American,N,F,B,Y,First-Time Part-Time,B,540101,2.46,2.11,10,5,20,13,0,0,0,0,R,N,N,NA,N,NA,,,Y,NA,C,NA,1,0,0,0,0,0,4,0,,C,,3,UK,2,2,N,N,0,2,0,0,540101,,,,,,,,,,,,,,,,,,,,2,,,
86753091,2018-19,STU00846,SPRING,>20 - 24,First-Time,Full-Time,R,R,UK,Hispanic,H,F,B,N,First-Time Full-Time,B,420101,2.85,3.02,15,14,33,25,0,0,0,0,R,R,Y,Y,D,C,F,3.04,NA,NA,NA,NA,1,0,0,0,0,0,2,0,,R,First Year Success,-1,Y,0,3,N,N,0,0,0,0,420101,,,,,,,,,,,,,,,,,,,,,,,
86753091,2020-21,STU00847,SPRING,>20 - 24,Transfer-In,Full-Time,C,C,,Asian,N,F,P,N,Transfer-In Full-Time,03,513899,4,3.44,19,17,37,25,29,23,29,29,N,N,NA,NA,NA,NA,,,NA,NA,NA,NA,1,0,0,0,0,0,4,0,,C,,1,N,0,4,Y,N,0,3,0,0,513899,,,,,,,,,,,,,,,,,,,,3,,,
86753091,2018-19,STU00848,SPRING,>20 - 24,Transfer-In,Full-Time,C,C,,Hispanic,H,F,A,UK,Transfer-In Full-Time,B,510904,3.03,3.67,17,14,36,33,26,25,23,23,N,N,NA,NA,NA,NA,,,NA,NA,NA,NA,1,0,0,2,0,0,2,0,2.5,C,,0,N,2,4,N,N,5,2,0,0,510904,,,,,,,,,,,,,,,,2,,,,2,,,
86753091,2016-17,STU00849,SPRING,Older than 24,First-Time,Full-Time,C,C,,Two or More Races,N,F,A,N,First-Time Full-Time,B,230101,2.53,2.63,17,11,22,16,0,0,0,0,N,N,NA,NA,NA,NA,,,NA,NA,NA,NA,1,0,0,0,0,0,2,0,,C,Bridge Program,2,P,-1,1,UK,N,0,0,0,0,230101,,,,,,,,,,,,,,,,,,,,,,,
86753091,2017-18,STU00850,FALL,>20 - 24,Re-admit,Full-Time,N,C,,Asian,N,M,P,N,Re-admit Full-Time,B,422814,3.43,3.34,14,11,31,31,0,0,0,0,R,N,Y,NA,C,NA,3.1,,Y,NA,C,NA,1,0,0,0,0,0,2,0,,C,,-1,N,-1,0,N,N,0,0,0,0,422814,,,,,,,,,,,,,,,,,,,,,,,
86753091,2019-20,STU00851,SPRING,>20 - 24,First-Time,Full-Time,C,R,,White,N,M,A,N,First-Time Full-Time,03,420101,2.18,3.24,17,12,34,33,34,23,0,0,N,R,NA,Y,NA,D,,I,NA,NA,NA,NA,1,0,0,2,0,0,2,0,2,R,,2,UK,0,3,Y,Fall 2019,0,2,0,0,420101,,,,,,,,,,,,,,,,2,,,,2,,,
86753091,2017-18,STU00852,FALL,>20 - 24,Transfer-In,Full-Time,N,N,,Hispanic,H,F,P,Y,Transfer-In Full-Time,B,540101,3.34,3.78,14,14,26,21,0,0,0,0,R,R,N,Y,N,D,,F,Y,Y,C,C,1,1,0,0,0,0,2,1,,N,,1,P,0,2,N,N,5,0,0,0,540101,,,AZ,,,,,Doctoral Universities,,,,,Urban,,,,,,,,,,
86753091,2017-18,STU00853,FALL,20 and younger,Re-admit,Part-Time,C,C,,Hispanic,H,M,A,UK,Re-admit Part-Time,B,131202,2.49,2.92,6,4,0,0,0,0,0,0,N,N,NA,NA,NA,NA,,,NA,NA,NA,NA,0,0,0,0,0,0,1,0,,C,,2,N,0,3,Y,N,0,0,0,0,131202,,,,,,,,,,,,,,,,,,,,,,,
86753091,2019-20,STU00854,FALL,20 and younger,First-Time,Full-Time,N,C,,Hispanic,H,M,B,N,First-Time Full-Time,B,422814,4,4,12,11,32,27,0,0,0,0,R,N,Y,NA,C,NA,P,,N,NA,N,NA,1,0,0,0,0,0,3,0,,C,,0,P,0,0,N,N,0,0,0,0,422814,,,,,,,,,,,,,,,,,,,,,,,
86753091,2018-19,STU00855,FALL,20 and younger,First-Time,Full-Time,N,C,,White,N,F,A,Y,First-Time Full-Time,B,540101,3.55,3.42,10,9,36,27,0,0,0,0,R,N,Y,NA,C,NA,1.65,,Y,NA,C,NA,1,0,0,0,0,0,3,0,,C,,1,Y,0,0,N,N,0,0,0,0,540101,,,,,,,,,,,,,,,,,,,,,,,
86753091,2020-21,STU00856,FALL,Older than 24,Transfer-In,Full-Time,C,C,,Black or African American,N,F,B,N,Transfer-In Full-Time,02,261504,2.93,3.36,13,11,40,31,0,0,0,0,N,N,NA,NA,NA,NA,,,NA,NA,NA,NA,1,0,0,0,0,0,2,0,,C,First Year Success,4,N,0,1,N,N,0,0,0,0,261504,,,,,,,,,,,,,,,,,,,,,,,
86753091,2017-18,STU00857,FALL,20 and younger,Transfer-In,Full-Time,N,C,,Asian,N,F,,UK,Transfer-In Full-Time,B,422814,3.6,3.48,14,13,25,20,0,0,0,0,R,N,Y,NA,D,NA,W,,Y,NA,C,NA,1,0,0,0,0,0,3,0,,C,,2,N,0,-1,N,N,0,3,0,0,422814,,,,,,,,,,,,,,,,,,,,3,,,
86753091,2020-21,STU00858,SPRING,20 and younger,First-Time,Full-Time,C,N,DS,Hispanic,H,M,N,N,First-Time Full-Time,B,230101,1.66,2.14,14,11,0,0,0,0,0,0,N,R,NA,Y,NA,C,,3.12,NA,Y,NA,D,0,0,0,0,0,0,1,0,,N,,0,N,0,0,N,Spring 2021,0,2,0,0,230101,,,,,,,,,,,,,,,,,,,,2,,,
86753091,2016-17,STU00859,SUMMER,20 and younger,First-Time,Full-Time,C,C,,American Indian or Alaska Native,N,P,B,Y,First-Time Full-Time,B,520201,4,3.88,14,11,33,33,0,0,0,0,N,N,NA,NA,NA,NA,,,NA,NA,NA,NA,1,1,0,0,0,0,2,1,,C,,-1,N,0,2,N,Spring 2020,0,0,0,0,520201,,,NY,,,,,Doctoral Universities,,,,,Suburb,,,,,,,,,,
86753091,2016-17,STU00860,SPRING,>20 - 24,Re-admit,Full-Time,C,R,,Hispanic,H,F,,UK,Re-admit Full-Time,B,110701,2.87,3.45,19,19,0,0,0,0,0,0,N,R,NA,Y,NA,C,,2.95,NA,NA,NA,NA,0,0,0,0,0,0,1,0,,R,,2,N,-1,3,N,N,0,2,0,0,110701,,,,,,,,,,,,,,,,,,,,2,,,
86753091,2016-17,STU00861,FALL,Older than 24,First-Time,Full-Time,N,C,,Black or African American,N,F,A,Y,First-Time Full-Time,B,520201,3.5,3.26,16,16,29,22,32,31,23,21,R,N,Y,NA,C,NA,3.52,,Y,NA,C,NA,1,0,0,0,0,0,4,0,,C,,1,UK,0,2,UK,N,0,0,0,0,520201,,,,,,,,,,,,,,,,,,,,,,,
86753091,2017-18,STU00862,FALL,20 and younger,First-Time,Full-Time,C,N,DE,Hispanic,H,F,N,Y,First-Time Full-Time,B,513899,3.12,2.81,12,10,26,16,29,20,29,22,N,R,NA,Y,NA,NC,,W,NA,Y,NA,C,1,1,0,0,0,0,3,2,,N,,0,N,0,2,N,N,5,0,0,0,513899,,,,,,,,Master's Colleges & Universities,,,,,Urban,,,,,,,,,,
86753091,2018-19,STU00863,FALL,>20 - 24,Transfer-In,Full-Time,N,C,,White,N,F,N,UK,Transfer-In Full-Time,B,110701,3.56,2.88,17,14,0,0,0,0,0,0,R,N,Y,NA,D,NA,F,,N,NA,N,NA,0,1,0,0,0,0,1,3,,C,STEM Scholars 2019,0,UK,0,0,UK,N,0,0,0,0,110701,,,MA,,,,,Master's Colleges & Universities,,,,,,,,,,,,,,,
86753091,2017-18,STU00864,FALL,20 and younger,Transfer-In,Full-Time,C,C,,Hispanic,H,F,B,Y,Transfer-In Full-Time,03,240101,3.06,2.42,16,10,25,13,0,0,0,0,N,N,NA,NA,NA,NA,,,NA,NA,NA,NA,1,1,0,0,0,0,3,2,,C,,6,N,-1,3,N,Spring 2020,6,0,0,0,240101,,,OH,,,,,,,,,,Urban,,,,,,,,,,
86753091,2020-21,STU00865,SUMMER,>20 - 24,First-Time,Full-Time,R,N,,White,N,M,B,Y,First-Time Full-Time,02,110701,3.1,2.48,12,10,24,10,22,15,28,21,R,R,Y,Y,D,C,F,3.97,NA,Y,NA,D,1,1,0,0,0,0,1,2,,N,,4,N,2,-1,N,N,0,2,0,0,110701,,,MI,,,,,Associate's Colleges,,,,,,,,,,,,2,,,
86753091,2019-20,STU00866,FALL,>20 - 24,Transfer-In,Full-Time,N,N,UK,Black or African American,N,F,N,N,Transfer-In Full-Time,B,510904,3.2,2.79,14,10,31,31,29,19,30,22,R,R,N,N,N,N,,,N,N,N,N,1,0,0,0,0,0,2,0,,N,Bridge Program,3,N,0,2,Y,Fall 2020,0,0,0,0,510904,,,,,,,,,,,,,,,,,,,,,,,
86753091,2019-20,STU00867,SPRING,>20 - 24,First-Time,Full-Time,C,C,,Black or African American,N,F,N,N,First-Time Full-Time,B,520201,3.61,3.83,12,12,30,30,0,0,0,0,N,N,NA,NA,NA,NA,,,NA,NA,NA,NA,1,0,0,0,0,0,1,0,,C,,3,N,1,-1,N,N,0,0,0,0,520201,,,,,,,,,,,,,,,,,,,,,,,
86753091,2020-21,STU00868,FALL,20 and younger,Transfer-In,Full-Time,C,C,,Black or African American,N,M,P,N,Transfer-In Full-Time,B,131202,3.99,3.5,16,15,26,24,0,0,0,0,N,N,NA,NA,NA,NA,,,NA,NA,NA,NA,1,1,0,0,0,0,4,1,,C,,-1,N,0,4,N,N,0,0,0,0,131202,,,PA,,,,,Baccalaureate Colleges,,,,,,,,,,,,,,,
86753091,2018-19,STU00869,SPRING,Older than 24,First-Time,Part-Time,C,R,,Black or African American,N,X,B,Y,First-Time Part-Time,03,230101,2.6,2.4,8,6,0,0,0,0,0,0,N,R,NA,Y,NA,C,,2.09,NA,NA,NA,NA,0,0,0,0,0,0,1,0,,R,,-1,N,0,1,N,Spring 2021,5,2,0,0,230101,,,,,,,,,,,,,,,,,,,,2,,,
86753091,2019-20,STU00870,SPRING,20 and younger,First-Time,Full-Time,C,C,,White,N,M,B,Y,First-Time Full-Time,B,540101,3.2,3.71,16,12,32,27,25,19,33,33,N,N,NA,NA,NA,NA,,,NA,NA,NA,NA,1,0,0,0,0,0,4,0,,C,,0,N,0,3,N,Spring 2020,4,0,0,0,540101,,,,,,,,,,,,,,,,,,,,,,,
86753091,2019-20,STU00871,SPRING,20 and younger,Transfer-In,Full-Time,C,C,,Hispanic,H,F,B,UK,Transfer-In Full-Time,B,230101,2.45,3.31,14,12,0,0,0,0,0,0,N,N,NA,NA,NA,NA,,,NA,NA,NA,NA,0,0,0,0,0,0,1,0,,C,STEM Scholars 2019,0,N,0,4,N,N,0,0,0,0,230101,,,,,,,,,,,,,,,,,,,,,,,
86753091,2016-17,STU00872,FALL,20 and younger,Transfer-In,Full-Time,N,N,,White,N,F,B,N,Transfer-In Full-Time,B,422814,2.51,2.59,17,17,31,22,25,13,25,19,R,R,Y,Y,NC,C,W,2.07,Y,Y,D,C,1,0,0,0,0,0,4,0,,N,,-1,N,-1,4,UK,Fall 2020,0,0,0,0,422814,,,,,,,,,,,,,,,,,,,,,,,
86753091,2020-21,STU00873,SPRING,>20 - 24,First-Time,Part-Time,C,N,,White,N,F,A,N,First-Time Part-Time,B,230101,2.76,3.07,9,7,18,17,0,0,0,0,N,R,NA,Y,NA,C,,2.77,NA,Y,NA,C,1,0,0,0,0,0,3,0,,N,,0,UK,-1,3,N,N,0,0,0,0,230101,,,,,,,,,,,,,,,,,,,,,,,
86753091,2019-20,STU00874,FALL,>20 - 24,First-Time,Part-Time,C,N,,White,N,F,,Y,First-Time Part-Time,03,230101,3.67,4,7,6,21,21,17,13,24,23,N,R,NA,N,NA,N,,,NA,Y,NA,D,1,0,0,0,0,0,4,0,,N,,1,UK,0,2,N,N,0,0,0,0,230101,,,,,,,,,,,,,,,,,,,,,,,
86753091,2016-17,STU00875,SPRING,20 and younger,Transfer-In,Full-Time,R,N,,Hispanic,H,F,A,N,Transfer-In Full-Time,B,513899,0.31,1.68,17,15,0,0,0,0,0,0,R,R,Y,Y,C,D,4,W,NA,Y,NA,D,0,0,0,0,0,0,1,0,,N,,0,UK,0,3,N,N,0,0,0,0,513899,,,,,,,,,,,,,,,,,,,,,,,
86753091,2019-20,STU00876,FALL,Older than 24,First-Time,Part-Time,C,C,,Black or African American,N,M,C,UK,First-Time Part-Time,03,230101,2.75,3.15,10,8,0,0,0,0,0,0,N,N,NA,NA,NA,NA,,,NA,NA,NA,NA,0,0,0,0,0,0,1,0,,C,Bridge Program,0,N,0,3,N,N,0,0,0,0,230101,,,,,,,,,,,,,,,,,,,,,,,
86753091,2018-19,STU00877,SPRING,20 and younger,Transfer-In,Full-Time,C,C,,Two or More Races,N,M,C,Y,Transfer-In Full-Time,03,510904,3.07,3.32,14,11,26,22,0,0,0,0,N,N,NA,NA,NA,NA,,,NA,NA,NA,NA,1,1,0,0,0,0,3,2,,C,,2,N,0,2,N,N,0,0,0,0,510904,,,FL,,,,,Doctoral Universities,,,,,Suburb,,,,,,,,,,
86753091,2019-20,STU00878,FALL,>20 - 24,First-Time,Part-Time,N,N,,White,N,F,,N,First-Time Part-Time,05,270101,2.85,2.65,9,8,0,0,0,0,0,0,R,R,UK,Y,UK,C,,3.42,N,Y,N,D,0,1,0,0,0,0,1,1,,N,Bridge Program,0,N,0,0,Y,N,0,0,0,0,270101,,,WA,,,,,Doctoral Universities,,,,,Suburb,,,,,,,,,,
86753091,2020-21,STU00879,SPRING,>20 - 24,First-Time,Full-Time,N,N,,Black or African American,N,F,B,N,First-Time Full-Time,B,110701,2.39,2.87,16,15,0,0,0,0,0,0,R,R,Y,Y,C,D,3.31,W,Y,Y,D,D,0,0,0,0,0,0,1,0,,N,,4,UK,0,4,Y,N,0,0,0,0,110701,,,,,,,,,,,,,,,,,,,,,,,
86753091,2016-17,STU00880,FALL,Older than 24,First-Time,Full-Time,C,R,UK,Black or African American,N,F,,Y,First-Time Full-Time,A,422814,3.45,3.25,16,13,31,29,0,0,0,0,N,R,NA,Y,NA,C,,3.6,NA,NA,NA,NA,1,0,0,0,0,0,1,0,,R,,0,N,0,4,N,Fall 2019,0,0,0,0,422814,,,,,,,,,,,,,,,,,,,,,,,
86753091,2017-18,STU00881,FALL,20 and younger,First-Time,Full-Time,C,N,,Black or African American,N,M,C,N,First-Time Full-Time,B,240101,2.3,3.08,13,12,28,28,20,17,35,33,N,R,NA,UK,NA,UK,,,NA,Y,NA,D,1,0,0,0,0,0,3,0,,N,,0,N,0,3,N,N,0,0,0,0,240101,,,,,,,,,,,,,,,,,,,,,,,
86753091,2016-17,STU00882,WINTER,20 and younger,First-Time,Full-Time,N,C,,Asian,N,F,,Y,First-Time Full-Time,B,230101,2.74,2.8,14,12,28,16,30,28,27,17,R,N,Y,NA,D,NA,I,,Y,NA,D,NA,1,1,0,0,0,0,3,2,,C,First Year Success,-1,N,-1,4,Y,N,0,0,0,0,230101,,,WA,,,,,Doctoral Universities,,,,,,,,,,,,,,,
86753091,2018-19,STU00883,FALL,20 and younger,Transfer-In,Full-Time,N,C,,Black or African American,N,F,N,N,Transfer-In Full-Time,03,420101,2.82,1.91,17,8,0,0,0,0,0,0,R,N,Y,NA,C,NA,2.73,,Y,NA,D,NA,0,0,0,0,0,0,1,0,,C,,0,N,0,3,N,N,4,0,0,0,420101,,,,,,,,,,,,,,,,,,,,,,,
86753091,2017-18,STU00884,SPRING,20 and younger,First-Time,Full-Time,C,C,,Hispanic,H,M,P,N,First-Time Full-Time,B,131202,3.77,3.31,16,14,28,28,27,24,0,0,N,N,NA,NA,NA,NA,,,NA,NA,NA,NA,1,1,0,0,0,0,1,2,,C,,0,N,0,4,N,Spring 2021,0,0,0,0,131202,,,IL,,,,,,,,,,Urban,,,,,,,,,,
86753091,2017-18,STU00885,FALL,20 and younger,Re-admit,Full-Time,C,C,,Black or African American,N,M,N,N,Re-admit Full-Time,B,510904,4,3.67,19,18,30,30,24,23,34,29,N,N,NA,NA,NA,NA,,,NA,NA,NA,NA,1,0,0,0,0,0,2,0,,C,,0,N,0,4,N,N,0,0,0,0,510904,,,,,,,,,,,,,,,,,,,,,,,
86753091,2019-20,STU00886,FALL,20 and younger,First-Time,Full-Time,N,C,,Black or African American,N,F,A,Y,First-Time Full-Time,03,230101,3.23,3.58,20,17,32,30,32,32,34,28,R,N,Y,NA,D,NA,F,,Y,NA,C,NA,1,0,0,0,0,0,4,0,,C,,0,N,0,2,N,N,0,2,0,0,230101,,,,,,,,,,,,,,,,,,,,2,,,
86753091,2019-20,STU00887,FALL,20 and younger,First-Time,Full-Time,R,N,,White,N,M,A,UK,First-Time Full-Time,B,420101,3.1,2.82,13,11,0,0,0,0,0,0,R,R,Y,N,C,N,2.79,,NA,N,NA,N,0,0,0,0,0,0,1,0,,N,,1,N,-1,0,N,N,0,2,0,0,420101,,,,,,,,,,,,,,,,,,,,2,,,
86753091,2020-21,STU00888,FALL,>20 - 24,First-Time,Full-Time,C,R,,White,N,M,C,N,First-Time Full-Time,B,520201,2.97,3.22,14,12,24,24,29,21,0,0,N,R,NA,UK,NA,UK,,,NA,NA,NA,NA,1,1,0,0,0,2,2,2,,R,,0,N,0,1,N,Spring 2021,0,0,0,2,520201,,CA,CA,,CA,,Master's Colleges & Universities,Master's Colleges & Universities,,Master's Colleges & Universities,,,,,,,,2,,,,2,
86753091,2017-18,STU00889,FALL,Older than 24,First-Time,Full-Time,C,C,,Hispanic,H,M,,UK,First-Time Full-Time,M,110701,3.03,3.54,16,13,0,0,0,0,0,0,N,N,NA,NA,NA,NA,,,NA,NA,NA,NA,0,0,0,0,0,0,1,0,,C,,-1,N,1,2,UK,N,0,0,0,0,110701,,,,,,,,,,,,,,,,,,,,,,,
86753091,2020-21,STU00890,SPRING,>20 - 24,First-Time,Part-Time,C,C,,White,N,F,,UK,First-Time Part-Time,B,240101,3.95,3.88,10,10,9,8,0,0,0,0,N,N,NA,NA,NA,NA,,,NA,NA,NA,NA,1,0,0,0,0,0,1,0,,C,,5,N,0,3,N,N,0,0,0,0,240101,,,,,,,,,,,,,,,,,,,,,,,
86753091,2018-19,STU00891,FALL,>20 - 24,First-Time,Full-Time,C,R,,Nonresident alien,N,F,B,Y,First-Time Full-Time,A,520201,3.53,2.95,16,13,26,22,0,0,0,0,N,R,NA,Y,NA,C,,2.72,NA,NA,NA,NA,1,0,0,0,0,0,4,0,,R,Bridge Program,0,UK,0,4,N,N,0,0,0,0,520201,,,,,,,,,,,,,,,,,,,,,,,
86753091,2016-17,STU00892,FALL,20 and younger,First-Time,Full-Time,R,C,,White,N,M,B,N,First-Time Full-Time,B,131202,2.99,2.96,16,15,0,0,0,0,0,0,R,N,UK,NA,UK,NA,,,NA,NA,NA,NA,0,0,0,0,0,0,1,0,,C,,0,N,0,0,N,N,0,0,0,0,131202,,,,,,,,,,,,,,,,,,,,,,,
86753091,2018-19,STU00893,FALL,>20 - 24,First-Time,Full-Time,N,R,,Black or African American,N,F,N,Y,First-Time Full-Time,A,131202,2.5,2.83,18,16,22,22,30,19,27,21,R,R,Y,Y,D,D,W,F,Y,NA,D,NA,1,0,0,2,0,0,2,0,2.1,R,Bridge Program,0,N,0,-1,UK,Fall 2020,5,2,0,0,131202,,,,,,,,,,,,,,,,2,,,,2,,,
86753091,2019-20,STU00894,FALL,20 and younger,Transfer-In,Full-Time,N,C,,Hispanic,H,M,B,N,Transfer-In Full-Time,B,510904,1.76,2.07,14,10,27,21,27,21,0,0,R,N,Y,NA,C,NA,3.3,,Y,NA,D,NA,1,0,0,0,0,0,2,0,,C,,2,N,0,3,UK,N,0,0,0,0,510904,,,,,,,,,,,,,,,,,,,,,,,
86753091,2016-17,STU00895,FALL,20 and younger,First-Time,Full-Time,C,C,SE,Black or African American,N,F,B,Y,First-Time Full-Time,03,513899,3.71,3.55,12,9,28,28,0,0,0,0,N,N,NA,NA,NA,NA,,,NA,NA,NA,NA,1,0,0,0,0,0,1,0,,C,,1,N,0,3,N,Fall 2020,0,0,0,0,513899,,,,,,,,,,,,,,,,,,,,,,,
86753091,2016-17,STU00896,FALL,>20 - 24,First-Time,Full-Time,C,R,UK,Hispanic,H,F,A,N,First-Time Full-Time,B,240101,2.7,2.88,20,20,25,19,27,15,0,0,N,R,NA,Y,NA,C,,2.96,NA,NA,NA,NA,1,1,0,0,0,0,3,2,,R,,0,P,0,4,N,N,7,0,0,0,240101,,,GA,,,,,Master's Colleges & Universities,,,,,Urban,,,,,,,,,,
86753091,2019-20,STU00897,SPRING,>20 - 24,First-Time,Part-Time,N,N,,Hispanic,H,F,B,N,First-Time Part-Time,02,110701,3.05,3.3,9,9,15,15,14,14,0,0,R,R,Y,Y,C,C,P,2.22,Y,Y,C,C,1,0,0,0,0,0,4,0,,N,,-1,N,0,-1,N,N,0,0,0,0,110701,,,,,,,,,,,,,,,,,,,,,,,
86753091,2020-21,STU00898,FALL,20 and younger,First-Time,Full-Time,C,R,SE,Black or African American,N,F,,Y,First-Time Full-Time,B,110701,2.14,1.99,17,9,33,25,31,11,0,0,N,R,NA,Y,NA,C,,P,NA,NA,NA,NA,1,0,0,0,0,0,1,0,,R,,1,N,-1,3,N,N,0,0,0,0,110701,,,,,,,,,,,,,,,,,,,,,,,
86753091,2019-20,STU00899,FALL,20 and younger,First-Time,Full-Time,C,C,DE,Hispanic,H,F,,N,First-Time Full-Time,02,520201,1.04,1.46,12,8,0,0,0,0,0,0,N,N,NA,NA,NA,NA,,,NA,NA,NA,NA,0,0,0,0,0,0,1,0,,C,,0,N,0,0,N,N,0,0,0,0,520201,,,,,,,,,,,,,,,,,,,,,,,
86753091,2020-21,STU00900,WINTER,20 and younger,First-Time,Full-Time,N,N,DE,Hispanic,H,F,B,N,First-Time Full-Time,B,131202,2.57,2.06,17,14,0,0,0,0,0,0,R,R,Y,Y,C,D,3.89,F,N,N,N,N,0,0,0,0,0,0,1,0,,N,,0,N,-1,4,UK,N,0,0,0,0,131202,,,,,,,,,,,,,,,,,,,,,,,
86753091,2020-21,STU00901,SPRING,>20 - 24,First-Time,Part-Time,C,C,UK,Asian,N,F,B,Y,First-Time Part-Time,A,540101,2.88,3.25,12,11,10,10,13,12,0,0,N,N,NA,NA,NA,NA,,,NA,NA,NA,NA,1,0,0,0,0,0,2,0,,C,,6,N,0,-1,Y,N,0,0,0,0,540101,,,,,,,,,,,,,,,,,,,,,,,
86753091,2020-21,STU00902,FALL,20 and younger,First-Time,Full-Time,C,C,,White,N,M,N,N,First-Time Full-Time,03,131202,1.82,1.86,14,8,0,0,0,0,0,0,N,N,NA,NA,NA,NA,,,NA,NA,NA,NA,0,0,0,0,0,0,1,0,,C,,0,UK,0,3,Y,N,4,0,0,0,131202,,,,,,,,,,,,,,,,,,,,,,,
86753091,2018-19,STU00903,FALL,Older than 24,Transfer-In,Part-Time,C,C,,Black or African American,N,F,A,Y,Transfer-In Part-Time,B,230101,4,3.9,9,9,18,18,17,14,10,10,N,N,NA,NA,NA,NA,,,NA,NA,NA,NA,1,0,0,0,0,0,1,0,,C,Bridge Program,0,N,0,1,UK,N,0,0,0,0,230101,,,,,,,,,,,,,,,,,,,,,,,
86753091,2019-20,STU00904,FALL,Older than 24,First-Time,Part-Time,N,C,,White,N,M,,N,First-Time Part-Time,B,261504,4,4,4,4,10,10,9,9,11,11,R,N,Y,NA,D,NA,F,,N,NA,N,NA,1,1,0,0,0,0,3,2,,C,,2,N,0,4,Y,N,0,0,0,0,261504,,,MA,,,,,Associate's Colleges,,,,,Urban,,,,,,,,,,
86753091,2020-21,STU00905,FALL,20 and younger,First-Time,Full-Time,C,C,,Hispanic,H,F,B,N,First-Time Full-Time,B,422814,3.36,3.5,15,13,28,28,31,23,29,26,N,N,NA,NA,NA,NA,,,NA,NA,NA,NA,1,0,0,0,0,0,4,0,,C,,6,N,2,2,UK,Fall 2020,0,0,0,0,422814,,,,,,,,,,,,,,,,,,,,,,,
86753091,2018-19,STU00906,SPRING,20 and younger,First-Time,Full-Time,N,R,SE,White,N,M,B,UK,First-Time Full-Time,03,110701,2.51,3.14,13,11,29,22,32,25,36,24,R,R,Y,N,C,N,2.1,,N,NA,N,NA,1,0,0,0,0,0,2,0,,R,,1,N,-1,4,N,Fall 2020,0,0,0,0,110701,,,,,,,,,,,,,,,,,,,,,,,
86753091,2020-21,STU00907,FALL,20 and younger,First-Time,Full-Time,N,C,SE,Hispanic,H,F,N,UK,First-Time Full-Time,B,540101,2.53,2.59,11,8,24,22,28,26,0,0,R,N,Y,NA,C,NA,2.27,,Y,NA,C,NA,1,0,0,0,0,0,1,0,,C,Bridge Program,-1,UK,0,3,UK,Fall 2020,0,0,0,0,540101,,,,,,,,,,,,,,,,,,,,,,,
86753091,2017-18,STU00908,SUMMER,20 and younger,First-Time,Part-Time,N,C,UK,White,N,M,B,Y,First-Time Part-Time,B,131202,3.74,3.62,10,10,23,21,26,15,17,14,R,N,N,NA,N,NA,,,Y,NA,C,NA,1,0,0,0,0,0,4,0,,C,Bridge Program,6,N,2,1,N,N,0,0,0,0,131202,,,,,,,,,,,,,,,,,,,,,,,
86753091,2016-17,STU00909,SUMMER,>20 - 24,First-Time,Part-Time,N,N,,White,N,F,B,UK,First-Time Part-Time,B,270101,3.13,3.07,7,5,16,16,8,5,17,15,R,R,Y,Y,C,D,P,F,Y,Y,D,C,1,0,0,0,0,0,3,0,,N,,0,N,0,-1,N,Spring 2020,0,0,0,0,270101,,,,,,,,,,,,,,,,,,,,,,,
86753091,2019-20,STU00910,FALL,Older than 24,Transfer-In,Full-Time,R,N,,Black or African American,N,F,A,Y,Transfer-In Full-Time,A,420101,2.91,2.67,16,13,30,23,37,32,0,0,R,R,N,Y,N,C,,2.66,NA,Y,NA,D,1,0,0,0,0,0,2,0,,N,,5,N,0,-1,N,N,0,0,0,0,420101,,,,,,,,,,,,,,,,,,,,,,,
86753091,2016-17,STU00911,FALL,Older than 24,Transfer-In,Full-Time,C,C,,Hispanic,H,M,B,N,Transfer-In Full-Time,02,261504,3.09,2.68,16,12,33,27,32,26,33,26,N,N,NA,NA,NA,NA,,,NA,NA,NA,NA,1,0,0,0,0,0,4,0,,C,,0,N,0,1,N,Spring 2020,0,0,0,0,261504,,,,,,,,,,,,,,,,,,,,,,,
86753091,2020-21,STU00912,FALL,>20 - 24,First-Time,Full-Time,N,UK,,Asian,N,F,B,N,First-Time Full-Time,03,540101,4,4,18,13,24,20,0,0,0,0,R,UK,Y,UK,D,UK,I,,Y,UK,D,UK,1,0,0,0,0,0,2,0,,UK,Bridge Program,5,N,0,3,N,Fall 2020,0,0,0,0,540101,,,,,,,,,,,,,,,,,,,,,,,
86753091,2018-19,STU00913,FALL,>20 - 24,First-Time,Full-Time,C,C,,Hispanic,H,F,N,Y,First-Time Full-Time,A,513899,3.17,3.71,14,14,28,23,23,22,21,16,N,N,NA,NA,NA,NA,,,NA,NA,NA,NA,1,0,0,0,0,0,3,0,,C,,0,N,0,3,N,N,0,0,0,0,513899,,,,,,,,,,,,,,,,,,,,,,,
86753091,2018-19,STU00914,SPRING,Older than 24,First-Time,Full-Time,N,N,,Hispanic,H,M,B,N,First-Time Full-Time,A,520201,2.6,3.31,16,13,0,0,0,0,0,0,R,R,UK,Y,UK,D,,W,Y,Y,C,C,0,0,0,0,0,0,1,0,,N,,-1,UK,-1,2,N,Spring 2020,6,0,0,0,520201,,,,,,,,,,,,,,,,,,,,,,,
86753091,2020-21,STU00915,FALL,>20 - 24,First-Time,Full-Time,C,N,,Nonresident alien,N,M,,N,First-Time Full-Time,01,513899,1.84,1.81,13,5,0,0,0,0,0,0,N,R,NA,Y,NA,C,,2.76,NA,Y,NA,C,0,0,0,0,0,0,1,0,,N,,0,N,0,2,N,Spring 2020,6,0,0,0,513899,,,,,,,,,,,,,,,,,,,,,,,
86753091,2017-18,STU00916,FALL,20 and younger,Transfer-In,Full-Time,C,N,,White,N,M,N,N,Transfer-In Full-Time,A,230101,4,4,14,14,28,28,0,0,0,0,N,R,NA,UK,NA,UK,,,NA,Y,NA,C,1,0,0,0,0,0,4,0,,N,,2,N,-1,3,N,Fall 2019,0,0,0,0,230101,,,,,,,,,,,,,,,,,,,,,,,
86753091,2019-20,STU00917,FALL,>20 - 24,Re-admit,Full-Time,C,N,,Unknown,UK,F,P,N,Re-admit Full-Time,B,110701,2.95,3.38,17,17,34,19,0,0,0,0,N,R,NA,Y,NA,C,,4,NA,Y,NA,D,1,1,0,0,0,0,2,3,,N,Bridge Program,0,N,0,0,N,N,0,0,0,0,110701,,,NJ,,,,,Baccalaureate Colleges,,,,,Town/Rural,,,,,,,,,,
86753091,2017-18,STU00918,FALL,20 and younger,Transfer-In,Full-Time,N,C,,White,N,M,B,N,Transfer-In Full-Time,B,230101,3.32,3.01,19,16,34,29,24,17,26,14,R,N,Y,NA,C,NA,1.39,,Y,NA,D,NA,1,0,0,0,0,0,2,0,,C,,5,N,0,3,N,N,0,0,0,0,230101,,,,,,,,,,,,,,,,,,,,,,,
86753091,2017-18,STU00919,FALL,Older than 24,First-Time,Part-Time,C,N,,Hispanic,H,F,,UK,First-Time Part-Time,B,513899,4,3.65,3,2,20,17,0,0,0,0,N,R,NA,Y,NA,C,,3.51,NA,N,NA,N,1,0,0,0,0,0,3,0,,N,,5,N,-1,1,UK,N,0,0,0,0,513899,,,,,,,,,,,,,,,,,,,,,,,
86753091,2017-18,STU00920,SPRING,20 and younger,First-Time,Full-Time,N,C,,Hispanic,H,M,N,UK,First-Time Full-Time,B,240101,2.43,2.3,19,14,25,20,32,28,0,0,R,N,Y,NA,C,NA,2.96,,Y,NA,C,NA,1,0,0,0,0,0,1,0,,C,,0,N,0,4,Y,Fall 2020,0,0,0,0,240101,,,,,,,,,,,,,,,,,,,,,,,
86753091,2020-21,STU00921,SPRING,Older than 24,First-Time,Part-Time,C,N,,Hispanic,H,M,B,N,First-Time Part-Time,02,261504,3.06,3.32,6,4,11,10,0,0,0,0,N,R,NA,Y,NA,C,,4,NA,Y,NA,C,1,0,0,0,0,0,3,0,,N,,1,N,0,0,Y,N,0,0,0,0,261504,,,,,,,,,,,,,,,,,,,,,,,
86753091,2020-21,STU00922,FALL,>20 - 24,Transfer-In,Full-Time,C,R,,White,N,F,B,Y,Transfer-In Full-Time,B,230101,2.95,2.79,13,13,31,30,25,21,22,18,N,R,NA,Y,NA,C,,3.42,NA,NA,NA,NA,1,0,0,0,0,0,3,0,,R,First Year Success,5,N,0,3,N,Spring 2021,0,0,0,0,230101,,,,,,,,,,,,,,,,,,,,,,,
86753091,2016-17,STU00923,FALL,20 and younger,Transfer-In,Part-Time,C,C,,White,N,F,A,N,Transfer-In Part-Time,A,420101,4,4,10,10,12,10,15,15,0,0,N,N,NA,NA,NA,NA,,,NA,NA,NA,NA,1,1,0,0,0,0,5,1,,C,First Year Success,0,N,-1,1,N,N,0,0,0,0,420101,,,NC,,,,,Doctoral Universities,,,,,Urban,,,,,,,,,,
86753091,2016-17,STU00924,FALL,>20 - 24,First-Time,Full-Time,C,C,,Unknown,UK,M,A,N,First-Time Full-Time,A,420101,3.78,3.18,17,15,30,21,0,0,0,0,N,N,NA,NA,NA,NA,,,NA,NA,NA,NA,1,0,0,0,0,0,2,0,,C,,0,UK,1,-1,N,N,0,0,0,0,420101,,,,,,,,,,,,,,,,,,,,,,,
86753091,2019-20,STU00925,FALL,>20 - 24,Transfer-In,Full-Time,C,C,,White,N,M,N,N,Transfer-In Full-Time,B,240101,2.99,3.11,10,10,0,0,0,0,0,0,N,N,NA,NA,NA,NA,,,NA,NA,NA,NA,0,0,0,0,0,0,1,0,,C,STEM Scholars 2019,0,P,1,2,UK,N,0,0,0,0,240101,,,,,,,,,,,,,,,,,,,,,,,
86753091,2020-21,STU00926,FALL,>20 - 24,Transfer-In,Full-Time,N,C,,Hispanic,H,F,B,N,Transfer-In Full-Time,03,422814,3.39,2.55,15,11,0,0,0,0,0,0,R,N,Y,NA,C,NA,2.99,,Y,NA,C,NA,0,1,0,0,0,0,1,0,,C,Bridge Program,0,UK,0,-1,N,N,5,0,0,0,422814,,,MA,,,,,,,,,,Town/Rural,,,,,,,,,,
86753091,2017-18,STU00927,FALL,20 and younger,First-Time,Full-Time,C,C,,White,N,F,B,N,First-Time Full-Time,B,131202,3.48,3.16,16,12,0,0,0,0,0,0,N,N,NA,NA,NA,NA,,,NA,NA,NA,NA,0,0,0,0,0,0,1,0,,C,,0,N,-1,4,Y,N,0,0,0,0,131202,,,,,,,,,,,,,,,,,,,,,,,
86753091,2018-19,STU00928,FALL,>20 - 24,Transfer-In,Part-Time,R,C,,Hispanic,H,F,N,N,Transfer-In Part-Time,B,131202,3.54,3.89,3,3,15,14,12,10,21,19,R,N,UK,NA,UK,NA,,,NA,NA,NA,NA,1,0,0,0,0,0,5,0,,C,Bridge Program,-1,N,0,3,Y,N,0,0,0,0,131202,,,,,,,,,,,,,,,,,,,,,,,
86753091,2018-19,STU00929,SPRING,Older than 24,First-Time,Full-Time,C,C,,White,N,F,A,UK,First-Time Full-Time,B,270101,3.46,3.51,15,15,33,33,32,24,26,23,N,N,NA,NA,NA,NA,,,NA,NA,NA,NA,1,0,0,2,0,0,2,0,2.1,C,,2,N,0,4,N,N,0,2,0,0,270101,,,,,,,,,,,,,,,,2,,,,2,,,
86753091,2019-20,STU00930,FALL,Older than 24,Re-admit,Part-Time,C,R,,Black or African American,N,M,B,Y,Re-admit Part-Time,B,420101,2.59,3.06,6,5,18,14,0,0,0,0,N,R,NA,Y,NA,D,,F,NA,NA,NA,NA,1,0,0,0,0,0,5,0,,R,Bridge Program,4,N,1,1,N,Fall 2020,0,2,0,0,420101,,,,,,,,,,,,,,,,,,,,2,,,
86753091,2019-20,STU00931,FALL,>20 - 24,Transfer-In,Full-Time,C,C,,White,N,M,B,N,Transfer-In Full-Time,B,510904,4,3.49,16,11,32,26,0,0,0,0,N,N,NA,NA,NA,NA,,,NA,NA,NA,NA,1,0,0,0,0,0,1,0,,C,,5,N,0,2,Y,Fall 2019,0,0,0,0,510904,,,,,,,,,,,,,,,,,,,,,,,
86753091,2019-20,STU00932,FALL,20 and younger,First-Time,Full-Time,C,C,DE,White,N,F,B,Y,First-Time Full-Time,B,240101,2.86,2.98,15,12,30,22,22,20,21,20,N,N,NA,NA,NA,NA,,,NA,NA,NA,NA,1,0,0,2,0,0,2,0,2.1,C,,1,N,0,2,N,N,0,2,0,0,240101,,,,,,,,,,,,,,,,2,,,,2,,,
86753091,2020-21,STU00933,FALL,20 and younger,First-Time,Full-Time,C,C,,Black or African American,N,F,,N,First-Time Full-Time,B,270101,3.09,3.27,17,12,23,18,0,0,0,0,N,N,NA,NA,NA,NA,,,NA,NA,NA,NA,1,0,0,0,0,0,2,0,,C,,6,N,0,0,N,N,0,0,0,0,270101,,,,,,,,,,,,,,,,,,,,,,,
86753091,2016-17,STU00934,FALL,>20 - 24,Transfer-In,Full-Time,N,C,,Black or African American,N,M,B,N,Transfer-In Full-Time,A,240101,3.52,2.73,17,13,0,0,0,0,0,0,R,N,Y,NA,C,NA,2.54,,Y,NA,D,NA,0,0,0,0,0,0,1,0,,C,,2,N,0,1,Y,N,0,0,0,0,240101,,,,,,,,,,,,,,,,,,,,,,,
86753091,2017-18,STU00935,FALL,20 and younger,Re-admit,Part-Time,C,C,,Black or African American,N,F,B,N,Re-admit Part-Time,B,230101,2.84,2.78,8,7,13,11,11,11,12,11,N,N,NA,NA,NA,NA,,,NA,NA,NA,NA,1,1,0,0,0,0,3,2,,C,,0,N,0,4,N,Spring 2020,5,0,0,0,230101,,,,,,,,Master's Colleges & Universities,,,,,Town/Rural,,,,,,,,,,
86753091,2016-17,STU00936,FALL,>20 - 24,Transfer-In,Full-Time,N,C,,Black or African American,N,F,P,UK,Transfer-In Full-Time,A,131202,2.73,2.21,12,7,0,0,0,0,0,0,R,N,N,NA,N,NA,,,Y,NA,D,NA,0,0,0,0,0,0,1,0,,C,,0,N,0,4,Y,N,0,0,0,0,131202,,,,,,,,,,,,,,,,,,,,,,,
86753091,2020-21,STU00937,FALL,20 and younger,First-Time,Full-Time,C,C,,Black or African American,N,M,N,Y,First-Time Full-Time,B,520201,2.65,2.75,16,10,23,18,0,0,0,0,N,N,NA,NA,NA,NA,,,NA,NA,NA,NA,1,0,0,0,0,0,2,0,,C,,0,N,0,-1,N,N,0,0,0,0,520201,,,,,,,,,,,,,,,,,,,,,,,
86753091,2016-17,STU00938,FALL,>20 - 24,First-Time,Full-Time,C,C,,Hispanic,H,M,B,Y,First-Time Full-Time,03,110701,3.48,3.76,18,15,26,25,0,0,0,0,N,N,NA,NA,NA,NA,,,NA,NA,NA,NA,1,0,0,0,0,0,2,0,,C,,0,N,0,0,N,Spring 2021,0,0,0,0,110701,,,,,,,,,,,,,,,,,,,,,,,
86753091,2017-18,STU00939,FALL,>20 - 24,Transfer-In,Part-Time,N,N,,White,N,F,C,N,Transfer-In Part-Time,B,261504,1.66,1.84,5,4,0,0,0,0,0,0,R,R,Y,Y,D,D,W,I,Y,Y,C,C,0,0,0,0,0,0,1,0,,N,Bridge Program,1,N,1,3,UK,N,0,0,0,0,261504,,,,,,,,,,,,,,,,,,,,,,,
86753091,2019-20,STU00940,FALL,>20 - 24,First-Time,Part-Time,N,N,,Asian,N,F,N,N,First-Time Part-Time,02,513899,2.54,2.17,11,8,0,0,0,0,0,0,R,R,Y,Y,C,D,1.29,F,Y,Y,D,C,0,0,0,0,0,0,1,0,,N,,5,N,0,0,N,N,0,2,0,0,513899,,,,,,,,,,,,,,,,,,,,2,,,
86753091,2016-17,STU00941,FALL,Older than 24,First-Time,Part-Time,C,N,,Unknown,UK,F,B,N,First-Time Part-Time,A,540101,1.44,1.89,5,4,14,10,0,0,0,0,N,R,NA,Y,NA,NC,,F,NA,Y,NA,C,1,0,0,0,0,0,2,0,,N,,-1,N,1,1,UK,N,0,0,0,0,540101,,,,,,,,,,,,,,,,,,,,,,,
86753091,2018-19,STU00942,FALL,20 and younger,First-Time,Full-Time,C,N,DE,White,N,F,N,N,First-Time Full-Time,03,131202,2.28,2.01,13,7,35,27,25,19,0,0,N,R,NA,Y,NA,C,,1.78,NA,Y,NA,D,1,0,0,0,0,0,1,0,,N,,2,Y,0,4,N,N,5,3,0,0,131202,,,,,,,,,,,,,,,,,,,,3,,,
86753091,2020-21,STU00943,FALL,20 and younger,First-Time,Full-Time,N,C,,Black or African American,N,M,B,Y,First-Time Full-Time,02,520201,3.11,3.22,16,13,0,0,0,0,0,0,R,N,N,NA,N,NA,,,N,NA,N,NA,0,0,0,0,0,0,1,0,,C,,-1,N,0,1,UK,N,0,0,0,0,520201,,,,,,,,,,,,,,,,,,,,,,,
86753091,2018-19,STU00944,FALL,20 and younger,Transfer-In,Full-Time,N,R,,White,N,M,A,Y,Transfer-In Full-Time,B,240101,3.89,4,15,14,30,25,41,37,31,28,R,R,Y,Y,C,D,3.42,F,Y,NA,C,NA,1,0,0,0,0,0,3,0,,R,Bridge Program,0,N,0,0,N,N,0,0,0,0,240101,,,,,,,,,,,,,,,,,,,,,,,
86753091,2017-18,STU00945,FALL,Older than 24,Transfer-In,Full-Time,N,C,,White,N,UK,A,N,Transfer-In Full-Time,A,420101,2.44,3.48,16,12,22,22,19,13,0,0,R,N,N,NA,N,NA,,,Y,NA,C,NA,1,0,0,0,0,0,3,0,,C,,-1,N,0,2,N,N,0,0,0,0,420101,,,,,,,,,,,,,,,,,,,,,,,
86753091,2017-18,STU00946,FALL,20 and younger,First-Time,Full-Time,N,C,,Hispanic,H,M,P,N,First-Time Full-Time,02,240101,4,4,15,15,22,18,36,36,23,18,R,N,Y,NA,C,NA,3.14,,Y,NA,C,NA,1,1,0,0,0,0,3,0,,C,,0,N,0,3,N,N,0,0,0,0,240101,,,AZ,,,,,Doctoral Universities,,,,,Suburb,,,,,,,,,,
86753091,2020-21,STU00947,FALL,20 and younger,Transfer-In,Part-Time,C,N,,Hispanic,H,F,B,N,Transfer-In Part-Time,B,513899,4,3.95,9,7,10,8,0,0,0,0,N,R,NA,UK,NA,UK,,,NA,Y,NA,C,1,0,0,0,0,0,2,0,,N,,4,N,0,2,N,N,0,0,0,0,513899,,,,,,,,,,,,,,,,,,,,,,,
86753091,2019-20,STU00948,FALL,Older than 24,First-Time,Full-Time,R,N,,Asian,N,F,B,N,First-Time Full-Time,A,131202,3.29,3.07,16,10,28,24,26,20,31,24,R,R,Y,N,D,N,F,,NA,N,NA,N,1,0,0,0,0,0,4,0,,N,,1,N,0,1,N,N,0,0,0,0,131202,,,,,,,,,,,,,,,,,,,,,,,
86753091,2020-21,STU00949,FALL,Older than 24,First-Time,Full-Time,N,C,,White,N,M,A,Y,First-Time Full-Time,B,110701,3,3.33,15,12,26,21,31,25,34,28,R,N,UK,NA,UK,NA,,,Y,NA,C,NA,1,0,0,2,0,0,1,0,1.6,C,,0,UK,-1,4,N,Spring 2021,0,2,0,0,110701,,,,,,,,,,,,,,,,2,,,,2,,,
86753091,2018-19,STU00950,FALL,20 and younger,First-Time,Full-Time,UK,N,SE,White,N,F,N,N,First-Time Full-Time,B,131202,2.97,3.12,17,16,20,20,0,0,0,0,UK,R,UK,Y,UK,C,,2.98,UK,Y,UK,C,1,1,0,0,0,0,4,2,,N,,-1,UK,0,3,N,N,0,4,0,0,131202,,,,,,,,Master's Colleges & Universities,,,,,,,,,,,,4,,,
86753091,2020-21,STU00951,FALL,20 and younger,First-Time,Part-Time,C,N,,Black or African American,N,F,C,N,First-Time Part-Time,03,230101,2.86,2.94,8,6,20,17,17,11,0,0,N,R,NA,Y,NA,C,,3.15,NA,Y,NA,C,1,0,0,0,0,0,3,0,,N,,0,N,0,3,N,N,5,0,0,0,230101,,,,,,,,,,,,,,,,,,,,,,,
86753091,2020-21,STU00952,FALL,20 and younger,First-Time,Full-Time,C,N,UK,Hispanic,H,F,A,UK,First-Time Full-Time,B,420101,2.04,2.41,17,10,31,25,0,0,0,0,N,R,NA,N,NA,N,,,NA,Y,NA,D,1,0,0,0,0,0,1,0,,N,,0,N,0,1,N,Fall 2019,0,0,0,0,420101,,,,,,,,,,,,,,,,,,,,,,,
86753091,2018-19,STU00953,FALL,20 and younger,Transfer-In,Full-Time,N,C,,Asian,N,M,B,Y,Transfer-In Full-Time,03,510904,3.14,4,17,17,29,20,30,30,24,22,R,N,Y,NA,D,NA,F,,Y,NA,D,NA,1,0,0,0,0,0,4,0,,C,,4,N,0,4,N,N,0,0,0,0,510904,,,,,,,,,,,,,,,,,,,,,,,
86753091,2018-19,STU00954,FALL,Older than 24,First-Time,Part-Time,N,R,UK,Hispanic,H,M,B,N,First-Time Part-Time,B,270101,4,3.64,3,3,11,8,13,11,14,11,R,R,UK,N,UK,N,,,Y,NA,C,NA,1,0,0,0,0,0,2,0,,R,,-1,N,1,3,UK,N,0,0,0,0,270101,,,,,,,,,,,,,,,,,,,,,,,
86753091,2019-20,STU00955,FALL,20 and younger,Transfer-In,Full-Time,N,C,,Black or African American,N,F,B,Y,Transfer-In Full-Time,B,261504,3.16,3.06,15,15,0,0,0,0,0,0,R,N,Y,NA,C,NA,3.03,,Y,NA,C,NA,0,1,0,0,0,0,1,1,,C,,1,UK,0,0,Y,N,4,0,0,0,261504,,,VA,,,,,Associate's Colleges,,,,,Urban,,,,,,,,,,
86753091,2016-17,STU00956,FALL,20 and younger,Transfer-In,Full-Time,C,R,,Nonresident alien,N,F,B,Y,Transfer-In Full-Time,B,510904,3.25,3.7,17,17,22,22,0,0,0,0,N,R,NA,Y,NA,C,,3.41,NA,NA,NA,NA,1,0,0,0,0,0,2,0,,R,,4,N,0,0,N,N,0,0,0,0,510904,,,,,,,,,,,,,,,,,,,,,,,
86753091,2018-19,STU00957,SPRING,20 and younger,First-Time,Full-Time,C,C,DE,White,N,M,B,Y,First-Time Full-Time,B,131202,1.36,1.93,16,12,30,21,26,10,22,16,N,N,NA,NA,NA,NA,,,NA,NA,NA,NA,1,0,0,0,0,0,2,0,,C,,3,N,0,2,N,Spring 2021,7,0,0,0,131202,,,,,,,,,,,,,,,,,,,,,,,
86753091,2018-19,STU00958,FALL,>20 - 24,Transfer-In,Full-Time,C,C,,Hispanic,H,F,A,UK,Transfer-In Full-Time,03,131202,3.26,3.61,15,14,30,29,0,0,0,0,N,N,NA,NA,NA,NA,,,NA,NA,NA,NA,1,0,0,0,0,0,4,0,,C,,6,N,1,0,UK,N,0,0,0,0,131202,,,,,,,,,,,,,,,,,,,,,,,
86753091,2018-19,STU00959,FALL,>20 - 24,Transfer-In,Full-Time,N,C,,Two or More Races,N,M,P,N,Transfer-In Full-Time,A,131202,1.91,2.02,11,7,32,31,0,0,0,0,R,N,Y,NA,NC,NA,W,,N,NA,N,NA,1,0,0,0,0,0,1,0,,C,,3,N,-1,2,N,N,0,0,0,0,131202,,,,,,,,,,,,,,,,,,,,,,,
86753091,2016-17,STU00960,SPRING,20 and younger,Transfer-In,Full-Time,C,C,UK,Hispanic,H,F,B,UK,Transfer-In Full-Time,A,520201,2.53,3.17,17,12,0,0,0,0,0,0,N,N,NA,NA,NA,NA,,,NA,NA,NA,NA,0,0,0,0,0,0,1,0,,C,,1,N,0,-1,N,N,6,0,0,0,520201,,,,,,,,,,,,,,,,,,,,,,,
86753091,2019-20,STU00961,FALL,20 and younger,First-Time,Full-Time,R,C,,White,N,M,N,Y,First-Time Full-Time,B,270101,4,3.98,16,16,29,29,28,28,31,30,R,N,Y,NA,C,NA,1.86,,NA,NA,NA,NA,1,1,0,3,0,0,3,1,3.1,C,,5,N,0,4,N,N,0,3,0,0,270101,,,CA,,,,,Associate's Colleges,,,,,Suburb,,,3,,,,3,,,
86753091,2019-20,STU00962,SPRING,>20 - 24,First-Time,Full-Time,R,C,,Hispanic,H,M,,N,First-Time Full-Time,B,420101,3.58,3.49,13,11,15,15,37,33,0,0,R,N,Y,NA,C,NA,2.95,,NA,NA,NA,NA,1,1,0,0,0,0,1,2,,C,,5,N,1,-1,N,N,0,0,0,0,420101,,,IL,,,,,Doctoral Universities,,,,,,,,,,,,,,,
86753091,2016-17,STU00963,SPRING,>20 - 24,First-Time,Full-Time,N,C,UK,Hispanic,H,F,N,N,First-Time Full-Time,B,422814,3.08,2.75,17,16,33,14,0,0,0,0,R,N,Y,NA,C,NA,4,,N,NA,N,NA,1,0,0,0,0,0,4,0,,C,,1,N,-1,0,UK,N,0,0,0,0,422814,,,,,,,,,,,,,,,,,,,,,,,
86753091,2016-17,STU00964,FALL,20 and younger,First-Time,Full-Time,C,C,,White,N,F,B,N,First-Time Full-Time,B,520201,3.35,3.07,15,14,0,0,0,0,0,0,N,N,NA,NA,NA,NA,,,NA,NA,NA,NA,0,1,0,0,0,0,1,1,,C,,6,N,0,0,N,N,0,0,0,0,520201,,,VA,,,,,Doctoral Universities,,,,,Urban,,,,,,,,,,
86753091,2018-19,STU00965,FALL,20 and younger,Transfer-In,Full-Time,C,C,,Asian,N,F,B,Y,Transfer-In Full-Time,B,420101,1.86,1.98,18,12,0,0,0,0,0,0,N,N,NA,NA,NA,NA,,,NA,NA,NA,NA,0,0,0,0,0,0,1,0,,C,,0,N,0,0,UK,N,0,0,0,0,420101,,,,,,,,,,,,,,,,,,,,,,,
86753091,2019-20,STU00966,FALL,Older than 24,First-Time,Full-Time,R,C,,Hispanic,H,F,B,N,First-Time Full-Time,C2,513899,3,2.51,14,9,32,16,0,0,0,0,R,N,Y,NA,D,NA,F,,NA,NA,NA,NA,1,0,0,0,0,0,1,0,,C,,2,N,0,1,UK,N,0,0,0,0,513899,,,,,,,,,,,,,,,,,,,,,,,
86753091,2016-17,STU00967,SPRING,20 and younger,First-Time,Full-Time,C,C,,Hispanic,H,M,B,Y,First-Time Full-Time,B,422814,3.16,3.63,14,11,31,31,25,22,0,0,N,N,NA,NA,NA,NA,,,NA,NA,NA,NA,1,0,0,0,0,0,1,0,,C,,6,UK,0,0,N,N,0,0,0,0,422814,,,,,,,,,,,,,,,,,,,,,,,
86753091,2019-20,STU00968,FALL,20 and younger,Transfer-In,Full-Time,N,C,,White,N,F,B,N,Transfer-In Full-Time,B,240101,4,4,17,16,26,24,31,27,32,32,R,N,N,NA,N,NA,,,N,NA,N,NA,1,1,0,0,0,0,3,2,,C,,0,N,0,0,N,N,0,0,0,0,240101,,,,,,,,Doctoral Universities,,,,,Suburb,,,,,,,,,,
86753091,2019-20,STU00969,FALL,20 and younger,First-Time,Full-Time,C,C,,Two or More Races,N,M,P,N,First-Time Full-Time,03,510904,4,4,8,7,0,0,0,0,0,0,N,N,NA,NA,NA,NA,,,NA,NA,NA,NA,0,0,0,0,0,0,1,0,,C,,0,N,0,0,N,N,0,0,0,0,510904,,,,,,,,,,,,,,,,,,,,,,,
86753091,2017-18,STU00970,SPRING,20 and younger,Transfer-In,Full-Time,C,C,,Black or African American,N,M,B,Y,Transfer-In Full-Time,B,131202,3.22,3.92,14,14,31,31,0,0,0,0,N,N,NA,NA,NA,NA,,,NA,NA,NA,NA,1,0,0,0,0,0,3,0,,C,Bridge Program,-1,N,0,2,N,N,0,0,0,0,131202,,,,,,,,,,,,,,,,,,,,,,,
86753091,2017-18,STU00971,SUMMER,20 and younger,First-Time,Full-Time,C,C,DE,Black or African American,N,M,A,Y,First-Time Full-Time,03,261504,3.21,3.35,14,12,31,24,30,24,31,31,N,N,NA,NA,NA,NA,,,NA,NA,NA,NA,1,0,0,0,0,0,1,0,,C,,2,UK,0,-1,N,N,0,0,0,0,261504,,,,,,,,,,,,,,,,,,,,,,,
86753091,2019-20,STU00972,FALL,>20 - 24,First-Time,Full-Time,N,N,,Asian,N,M,C,N,First-Time Full-Time,B,540101,3.01,2.09,16,12,0,0,0,0,0,0,R,R,Y,Y,NC,D,F,F,Y,Y,C,D,0,0,0,0,0,0,1,0,,N,Bridge Program,0,N,0,3,N,N,0,0,0,0,540101,,,,,,,,,,,,,,,,,,,,,,,
86753091,2020-21,STU00973,FALL,Older than 24,Re-admit,Part-Time,C,R,,White,N,M,P,N,Re-admit Part-Time,03,110701,2.82,2.55,7,6,13,10,0,0,0,0,N,R,NA,Y,NA,C,,2.81,NA,NA,NA,NA,1,1,0,0,0,0,4,1,,R,,0,N,0,1,N,N,0,0,0,0,110701,,,VA,,,,,,,,,,Suburb,,,,,,,,,,
86753091,2016-17,STU00974,SPRING,Older than 24,First-Time,Part-Time,R,N,,Black or African American,N,M,P,N,First-Time Part-Time,02,110701,4,3.1,4,3,17,15,16,9,14,11,R,R,Y,Y,C,NC,P,I,NA,N,NA,N,1,1,0,0,0,0,2,1,,N,,0,N,0,1,Y,N,0,0,0,0,110701,,,WA,,,,,Associate's Colleges,,,,,Urban,,,,,,,,,,
86753091,2017-18,STU00975,FALL,20 and younger,First-Time,Full-Time,C,R,,Hispanic,H,F,A,Y,First-Time Full-Time,B,261504,4,3.43,11,9,26,26,37,32,24,18,N,R,NA,N,NA,N,,,NA,NA,NA,NA,1,0,0,0,0,0,2,0,,R,,0,P,0,0,N,N,0,0,0,0,261504,,,,,,,,,,,,,,,,,,,,,,,
86753091,2016-17,STU00976,FALL,20 and younger,First-Time,Part-Time,C,C,DE,Asian,N,F,B,Y,First-Time Part-Time,B,230101,2.61,2.77,9,8,14,9,0,0,0,0,N,N,NA,NA,NA,NA,,,NA,NA,NA,NA,1,0,0,0,0,0,2,0,,C,,3,UK,0,4,Y,Spring 2020,0,2,0,0,230101,,,,,,,,,,,,,,,,,,,,2,,,
86753091,2017-18,STU00977,FALL,>20 - 24,First-Time,Full-Time,C,R,UK,Hispanic,H,F,,UK,First-Time Full-Time,A,520201,3.42,3.75,15,10,30,28,28,24,0,0,N,R,NA,Y,NA,C,,4,NA,NA,NA,NA,1,0,0,0,0,0,1,0,,R,,3,P,0,3,N,N,4,0,0,0,520201,,,,,,,,,,,,,,,,,,,,,,,
86753091,2018-19,STU00978,FALL,Older than 24,Transfer-In,Part-Time,N,C,,Black or African American,N,F,N,N,Transfer-In Part-Time,02,240101,3.43,3.19,8,7,0,0,0,0,0,0,R,N,UK,NA,UK,NA,,,N,NA,N,NA,0,0,0,0,0,0,1,0,,C,STEM Scholars 2019,4,N,-1,1,UK,N,6,0,0,0,240101,,,,,,,,,,,,,,,,,,,,,,,
86753091,2018-19,STU00979,FALL,Older than 24,First-Time,Full-Time,N,UK,,White,N,X,N,Y,First-Time Full-Time,02,510904,2.35,3.37,12,11,28,27,21,15,0,0,R,UK,Y,UK,D,UK,I,,Y,UK,C,UK,1,0,0,0,0,0,5,0,,UK,,0,N,0,1,N,Spring 2020,0,0,0,0,510904,,,,,,,,,,,,,,,,,,,,,,,
86753091,2020-21,STU00980,SUMMER,20 and younger,Transfer-In,Full-Time,C,N,UK,White,N,F,,UK,Transfer-In Full-Time,B,261504,2.07,1.76,16,9,0,0,0,0,0,0,N,R,NA,Y,NA,C,,2.84,NA,Y,NA,D,0,0,0,0,0,0,1,0,,N,,6,N,0,3,N,Spring 2020,0,0,0,0,261504,,,,,,,,,,,,,,,,,,,,,,,
86753091,2016-17,STU00981,FALL,20 and younger,First-Time,Full-Time,C,C,,Hispanic,H,M,A,N,First-Time Full-Time,C2,540101,4,3.5,16,9,21,20,24,24,31,23,N,N,NA,NA,NA,NA,,,NA,NA,NA,NA,1,0,0,0,0,0,3,0,,C,,4,N,0,-1,N,N,4,0,0,0,540101,,,,,,,,,,,,,,,,,,,,,,,
86753091,2020-21,STU00982,SPRING,>20 - 24,First-Time,Full-Time,N,N,,Nonresident alien,N,M,A,N,First-Time Full-Time,B,131202,2.38,1.97,16,13,0,0,0,0,0,0,R,R,Y,Y,C,C,2.12,2.73,Y,Y,C,C,0,1,0,0,0,0,1,0,,N,,2,N,-1,-1,Y,Spring 2021,0,0,0,0,131202,,,GA,,,,,Doctoral Universities,,,,,Urban,,,,,,,,,,
86753091,2017-18,STU00983,SPRING,Older than 24,Transfer-In,Part-Time,C,C,,White,N,F,N,N,Transfer-In Part-Time,B,513899,3.17,3.65,3,2,0,0,0,0,0,0,N,N,NA,NA,NA,NA,,,NA,NA,NA,NA,0,0,0,0,0,0,1,0,,C,,0,UK,0,4,N,N,0,0,0,0,513899,,,,,,,,,,,,,,,,,,,,,,,
86753091,2020-21,STU00984,FALL,>20 - 24,First-Time,Full-Time,R,C,,Black or African American,N,M,,N,First-Time Full-Time,B,513899,1.85,2.48,12,9,34,20,0,0,0,0,R,N,N,NA,N,NA,,,NA,NA,NA,NA,1,0,0,0,0,0,2,0,,C,STEM Scholars 2019,0,N,0,-1,N,N,0,0,0,0,513899,,,,,,,,,,,,,,,,,,,,,,,
86753091,2016-17,STU00985,FALL,Older than 24,Transfer-In,Full-Time,N,C,,Black or African American,N,M,B,N,Transfer-In Full-Time,B,240101,2.1,2.3,20,16,0,0,0,0,0,0,R,N,Y,NA,C,NA,3.01,,Y,NA,C,NA,0,0,0,0,0,0,1,0,,C,,2,N,0,2,N,N,0,2,0,0,240101,,,,,,,,,,,,,,,,,,,,2,,,
86753091,2018-19,STU00986,FALL,20 and younger,First-Time,Full-Time,N,C,DS,Two or More Races,N,F,,N,First-Time Full-Time,B,110701,2.56,3.23,19,16,0,0,0,0,0,0,R,N,Y,NA,D,NA,W,,Y,NA,C,NA,0,0,0,0,0,0,1,0,,C,STEM Scholars 2019,3,N,0,4,N,N,0,0,0,0,110701,,,,,,,,,,,,,,,,,,,,,,,
86753091,2016-17,STU00987,FALL,20 and younger,First-Time,Full-Time,UK,N,SE,Hispanic,H,F,,Y,First-Time Full-Time,B,422814,3.13,4,16,16,28,28,26,26,35,34,UK,R,UK,Y,UK,C,,2.74,UK,Y,UK,C,1,0,0,0,0,0,3,0,,N,,1,N,0,0,N,N,0,0,0,0,422814,,,,,,,,,,,,,,,,,,,,,,,
86753091,2016-17,STU00988,SPRING,Older than 24,First-Time,Full-Time,R,N,,Hispanic,H,M,B,N,First-Time Full-Time,A,261504,3.5,2.89,12,9,31,23,29,22,0,0,R,R,Y,Y,C,C,3.43,3.4,NA,Y,NA,C,1,0,0,0,0,0,1,0,,N,Bridge Program,0,N,2,1,N,N,0,0,0,0,261504,,,,,,,,,,,,,,,,,,,,,,,
86753091,2019-20,STU00989,FALL,20 and younger,First-Time,Full-Time,N,C,DS,Hispanic,H,M,N,Y,First-Time Full-Time,B,510904,4,4,16,12,31,29,22,19,31,21,R,N,N,NA,N,NA,,,Y,NA,C,NA,1,0,0,0,0,0,2,0,,C,,0,N,0,-1,N,N,0,0,0,0,510904,,,,,,,,,,,,,,,,,,,,,,,
86753091,2018-19,STU00990,FALL,20 and younger,First-Time,Full-Time,R,C,,White,N,F,B,Y,First-Time Full-Time,B,513899,3.24,3.63,16,14,0,0,0,0,0,0,R,N,Y,NA,C,NA,3.35,,NA,NA,NA,NA,0,0,0,0,0,0,1,0,,C,,2,N,0,-1,N,N,0,0,0,0,513899,,,,,,,,,,,,,,,,,,,,,,,
86753091,2018-19,STU00991,SUMMER,>20 - 24,First-Time,Full-Time,N,C,,Hispanic,H,F,B,Y,First-Time Full-Time,B,270101,3.96,3.93,13,13,30,30,26,26,30,23,R,N,Y,NA,C,NA,P,,N,NA,N,NA,1,0,0,0,0,0,1,0,,C,,6,UK,1,-1,N,N,0,0,0,0,270101,,,,,,,,,,,,,,,,,,,,,,,
86753091,2018-19,STU00992,FALL,20 and younger,Transfer-In,Full-Time,C,N,,Hispanic,H,F,A,N,Transfer-In Full-Time,B,422814,2.91,2.91,17,16,29,23,30,21,30,28,N,R,NA,Y,NA,D,,W,NA,Y,NA,C,1,0,0,0,0,0,1,0,,N,,5,N,0,2,N,Fall 2019,0,0,0,0,422814,,,,,,,,,,,,,,,,,,,,,,,
86753091,2018-19,STU00993,FALL,>20 - 24,Transfer-In,Part-Time,UK,C,,Asian,N,M,B,N,Transfer-In Part-Time,B,420101,4,4,9,8,19,14,14,14,14,13,UK,N,UK,NA,UK,NA,,,UK,NA,UK,NA,1,0,0,0,0,0,2,0,,C,,0,N,0,4,N,N,0,0,0,0,420101,,,,,,,,,,,,,,,,,,,,,,,
86753091,2016-17,STU00994,FALL,>20 - 24,First-Time,Part-Time,N,C,,Native Hawaiian or Other Pacific Islander,N,M,B,N,First-Time Part-Time,03,510904,3.63,3,9,6,21,16,14,12,0,0,R,N,Y,NA,C,NA,1.5,,Y,NA,D,NA,1,1,0,0,0,2,2,1,,C,,-1,N,-1,3,N,N,0,0,0,2,510904,,,,,,,Master's Colleges & Universities,Master's Colleges & Universities,,Master's Colleges & Universities,,Urban,Urban,,Urban,,,2,,,,2,
86753091,2018-19,STU00995,FALL,>20 - 24,First-Time,Full-Time,C,N,,Hispanic,H,F,B,N,First-Time Full-Time,B,420101,2.9,2.45,8,6,34,34,28,21,35,25,N,R,NA,Y,NA,C,,P,NA,Y,NA,D,1,0,0,2,0,0,3,0,2,N,,6,N,0,1,N,N,0,2,0,0,420101,,,,,,,,,,,,,,,,2,,,,2,,,
86753091,2017-18,STU00996,SPRING,>20 - 24,Re-admit,Part-Time,N,C,,White,N,F,,N,Re-admit Part-Time,B,270101,4,3.86,11,9,0,0,0,0,0,0,R,N,N,NA,N,NA,,,N,NA,N,NA,0,0,0,0,0,0,1,0,,C,,0,N,0,0,N,N,0,0,0,0,270101,,,,,,,,,,,,,,,,,,,,,,,
86753091,2019-20,STU00997,FALL,20 and younger,First-Time,Full-Time,C,UK,SE,White,N,M,B,N,First-Time Full-Time,B,540101,2.39,3.11,14,10,33,33,0,0,0,0,N,UK,NA,UK,NA,UK,,,NA,UK,NA,UK,1,0,0,0,0,0,1,0,,UK,,2,N,0,3,UK,N,0,0,0,0,540101,,,,,,,,,,,,,,,,,,,,,,,
86753091,2017-18,STU00998,FALL,>20 - 24,First-Time,Full-Time,C,C,,Hispanic,H,F,N,Y,First-Time Full-Time,C2,420101,2.55,3.07,18,12,31,23,21,18,0,0,N,N,NA,NA,NA,NA,,,NA,NA,NA,NA,1,0,0,0,0,0,4,0,,C,,0,N,2,-1,N,Spring 2021,0,0,0,0,420101,,,,,,,,,,,,,,,,,,,,,,,
86753091,2019-20,STU00999,FALL,Older than 24,First-Time,Full-Time,C,R,UK,Asian,N,F,C,N,First-Time Full-Time,B,422814,2.88,3.28,15,11,31,26,0,0,0,0,N,R,NA,Y,NA,D,,W,NA,NA,NA,NA,1,0,0,0,0,0,1,0,,R,,0,N,1,2,N,N,0,0,0,0,422814,,,,,,,,,,,,,,,,,,,,,,,
86753091,2016-17,STU01000,FALL,20 and younger,Transfer-In,Part-Time,R,N,,Asian,N,F,B,Y,Transfer-In Part-Time,03,110701,4,4,7,6,21,19,12,11,0,0,R,R,UK,Y,UK,C,,2.44,NA,N,NA,N,1,0,0,0,0,0,5,0,,N,,-1,UK,0,4,N,N,0,0,0,0,110701,,,,,,,,,,,,,,,,,,,,,,,
86753091,2017-18,STU01001,FALL,>20 - 24,Transfer-In,Full-Time,C,C,,White,N,M,C,N,Transfer-In Full-Time,03,230101,3.55,3.15,21,17,24,20,28,25,30,20,N,N,NA,NA,NA,NA,,,NA,NA,NA,NA,1,0,0,0,0,0,1,0,,C,STEM Scholars 2019,4,UK,0,1,Y,N,0,4,0,0,230101,,,,,,,,,,,,,,,,,,,,4,,,
86753091,2019-20,STU01002,FALL,20 and younger,Transfer-In,Full-Time,N,C,,White,N,F,,Y,Transfer-In Full-Time,B,520201,1.83,2.38,9,8,28,23,30,23,24,23,R,N,N,NA,N,NA,,,Y,NA,C,NA,1,0,0,0,0,0,2,0,,C,,4,N,-1,0,N,N,0,0,0,0,520201,,,,,,,,,,,,,,,,,,,,,,,
86753091,2016-17,STU01003,FALL,Older than 24,First-Time,Part-Time,N,N,,White,N,M,C,N,First-Time Part-Time,B,540101,3.83,3.32,10,8,14,14,14,13,0,0,R,R,Y,N,C,N,3.51,,Y,Y,C,C,1,0,0,0,0,0,3,0,,N,,0,N,0,4,N,N,0,0,0,0,540101,,,,,,,,,,,,,,,,,,,,,,,
86753091,2020-21,STU01004,FALL,>20 - 24,Re-admit,Part-Time,N,R,,White,N,M,B,UK,Re-admit Part-Time,02,131202,3.59,2.79,5,5,14,11,16,13,8,7,R,R,Y,Y,C,D,1.94,W,Y,NA,C,NA,1,0,0,0,0,0,3,0,,R,,0,N,0,0,N,N,0,0,0,0,131202,,,,,,,,,,,,,,,,,,,,,,,
86753091,2020-21,STU01005,FALL,20 and younger,Transfer-In,Full-Time,C,C,UK,Two or More Races,N,F,A,N,Transfer-In Full-Time,B,510904,3.1,3.65,14,13,0,0,0,0,0,0,N,N,NA,NA,NA,NA,,,NA,NA,NA,NA,0,0,0,0,0,0,1,0,,C,,1,P,-1,3,N,Spring 2021,0,0,0,0,510904,,,,,,,,,,,,,,,,,,,,,,,
86753091,2019-20,STU01006,FALL,>20 - 24,Transfer-In,Full-Time,C,C,UK,White,N,F,A,N,Transfer-In Full-Time,A,520201,3.6,3.87,19,16,22,14,25,25,25,21,N,N,NA,NA,NA,NA,,,NA,NA,NA,NA,1,0,0,0,0,0,1,0,,C,First Year Success,1,N,2,3,N,N,0,0,0,0,520201,,,,,,,,,,,,,,,,,,,,,,,
86753091,2018-19,STU01007,SUMMER,20 and younger,First-Time,Full-Time,C,R,,Two or More Races,N,F,B,Y,First-Time Full-Time,A,110701,3.37,2.39,12,7,31,25,32,28,27,24,N,R,NA,Y,NA,D,,F,NA,NA,NA,NA,1,0,0,0,0,0,2,0,,R,,-1,UK,0,0,Y,N,0,0,0,0,110701,,,,,,,,,,,,,,,,,,,,,,,
86753091,2020-21,STU01008,FALL,20 and younger,First-Time,Full-Time,R,N,,White,N,F,A,N,First-Time Full-Time,B,110701,2.22,2.57,16,15,35,27,25,14,32,26,R,R,N,UK,N,UK,,,NA,Y,NA,D,1,1,0,0,0,0,3,0,,N,,3,N,0,-1,N,Fall 2020,0,0,0,0,110701,,,OH,,,,,Baccalaureate Colleges,,,,,Town/Rural,,,,,,,,,,
86753091,2018-19,STU01009,FALL,20 and younger,First-Time,Full-Time,R,C,DE,White,N,F,P,Y,First-Time Full-Time,B,540101,3.92,4,18,18,27,27,32,32,31,26,R,N,Y,NA,C,NA,1.96,,NA,NA,NA,NA,1,0,0,2,0,0,5,0,1.9,C,,0,N,0,0,N,N,6,2,0,0,540101,,,,,,,,,,,,,,,,2,,,,2,,,
86753091,2017-18,STU01010,FALL,Older than 24,First-Time,Full-Time,C,N,,Unknown,UK,M,B,N,First-Time Full-Time,C2,520201,2.16,1.79,12,11,27,17,30,22,0,0,N,R,NA,UK,NA,UK,,,NA,Y,NA,D,1,1,0,0,0,0,3,1,,N,,0,N,0,3,N,N,0,4,0,0,520201,,,CA,,,,,Baccalaureate Colleges,,,,,Suburb,,,,,,,4,,,
86753091,2018-19,STU01011,FALL,>20 - 24,Transfer-In,Full-Time,C,R,,White,N,M,N,N,Transfer-In Full-Time,03,420101,3.07,3.59,19,15,29,25,37,37,0,0,N,R,NA,Y,NA,C,,2.99,NA,NA,NA,NA,1,0,0,0,0,0,2,0,,R,,0,P,-1,0,N,N,0,0,0,0,420101,,,,,,,,,,,,,,,,,,,,,,,
86753091,2016-17,STU01012,SPRING,20 and younger,First-Time,Full-Time,R,C,,Black or African American,N,F,,Y,First-Time Full-Time,B,240101,2.35,3.35,10,8,33,19,24,18,0,0,R,N,Y,NA,C,NA,2.8,,NA,NA,NA,NA,1,0,0,0,0,0,4,0,,C,STEM Scholars 2019,-1,UK,1,0,Y,N,0,2,0,0,240101,,,,,,,,,,,,,,,,,,,,2,,,
86753091,2016-17,STU01013,FALL,20 and younger,Transfer-In,Full-Time,C,N,,Hispanic,H,F,N,Y,Transfer-In Full-Time,B,520201,3.38,3.39,7,5,0,0,0,0,0,0,N,R,NA,Y,NA,D,,F,NA,Y,NA,C,0,0,0,0,0,0,1,0,,N,STEM Scholars 2019,0,N,0,0,N,N,0,0,0,0,520201,,,,,,,,,,,,,,,,,,,,,,,
86753091,2017-18,STU01014,SPRING,20 and younger,First-Time,Full-Time,C,N,,White,N,M,B,Y,First-Time Full-Time,B,520201,2.25,2.46,12,12,18,16,25,25,0,0,N,R,NA,N,NA,N,,,NA,Y,NA,D,1,0,0,0,0,0,3,0,,N,,3,UK,0,3,N,N,0,0,0,0,520201,,,,,,,,,,,,,,,,,,,,,,,
86753091,2017-18,STU01015,SPRING,20 and younger,First-Time,Part-Time,N,N,DS,Black or African American,N,M,,N,First-Time Part-Time,B,240101,3.56,4,10,8,16,13,17,17,7,6,R,R,N,Y,N,C,,2.82,Y,N,D,N,1,0,0,0,0,0,2,0,,N,,0,N,1,-1,N,N,0,0,0,0,240101,,,,,,,,,,,,,,,,,,,,,,,
86753091,2017-18,STU01016,SPRING,Older than 24,Transfer-In,Full-Time,C,C,,Native Hawaiian or Other Pacific Islander,N,M,A,N,Transfer-In Full-Time,B,510904,3.56,3.93,19,15,31,30,28,27,0,0,N,N,NA,NA,NA,NA,,,NA,NA,NA,NA,1,1,0,0,0,0,4,1,,C,,1,UK,0,3,N,N,0,0,0,0,510904,,,WA,,,,,Associate's Colleges,,,,,Urban,,,,,,,,,,
86753091,2019-20,STU01017,FALL,>20 - 24,First-Time,Full-Time,C,R,,White,N,P,B,Y,First-Time Full-Time,B,261504,2.28,2.57,14,11,25,21,26,23,31,23,N,R,NA,Y,NA,C,,3.85,NA,NA,NA,NA,1,0,0,0,0,0,2,0,,R,,0,N,0,4,N,N,0,0,0,0,261504,,,,,,,,,,,,,,,,,,,,,,,
86753091,2018-19,STU01018,FALL,20 and younger,First-Time,Full-Time,R,N,DE,White,N,M,B,N,First-Time Full-Time,03,420101,3.62,3.74,14,9,26,20,21,18,26,25,R,R,Y,Y,C,NC,3.49,F,NA,Y,NA,C,1,0,0,0,0,0,5,0,,N,First Year Success,0,N,0,0,N,N,0,0,0,0,420101,,,,,,,,,,,,,,,,,,,,,,,
86753091,2017-18,STU01019,FALL,20 and younger,First-Time,Full-Time,C,R,,White,N,M,N,UK,First-Time Full-Time,02,131202,4,2.87,15,14,35,23,0,0,0,0,N,R,NA,Y,NA,D,,F,NA,NA,NA,NA,1,0,0,0,0,0,5,0,,R,STEM Scholars 2019,5,N,2,2,N,N,0,0,0,0,131202,,,,,,,,,,,,,,,,,,,,,,,
86753091,2020-21,STU01020,FALL,>20 - 24,Transfer-In,Full-Time,N,C,,Asian,N,M,A,Y,Transfer-In Full-Time,A,513899,4,3.84,18,18,26,25,0,0,0,0,R,N,N,NA,N,NA,,,N,NA,N,NA,1,0,0,0,0,0,5,0,,C,,0,UK,0,2,N,N,0,0,0,0,513899,,,,,,,,,,,,,,,,,,,,,,,
86753091,2019-20,STU01021,FALL,20 and younger,Transfer-In,Part-Time,N,C,,Hispanic,H,M,B,N,Transfer-In Part-Time,B,131202,3.28,3.58,10,10,17,17,0,0,0,0,R,N,Y,NA,C,NA,1.38,,Y,NA,D,NA,1,0,0,0,0,0,1,0,,C,,0,N,1,4,N,Fall 2019,0,0,0,0,131202,,,,,,,,,,,,,,,,,,,,,,,
86753091,2020-21,STU01022,FALL,>20 - 24,Transfer-In,Part-Time,R,R,,Black or African American,N,F,N,N,Transfer-In Part-Time,03,131202,1.92,1.87,7,4,0,0,0,0,0,0,R,R,Y,Y,C,C,P,3.42,NA,NA,NA,NA,0,0,0,0,0,0,1,0,,R,,6,N,0,3,N,Fall 2019,0,0,0,0,131202,,,,,,,,,,,,,,,,,,,,,,,
86753091,2018-19,STU01023,SPRING,20 and younger,Transfer-In,Full-Time,N,C,,White,N,F,,N,Transfer-In Full-Time,B,422814,3.58,3.72,16,14,30,23,25,24,0,0,R,N,Y,NA,NC,NA,F,,Y,NA,C,NA,1,0,0,0,0,0,1,0,,C,,0,UK,0,-1,Y,N,0,0,0,0,422814,,,,,,,,,,,,,,,,,,,,,,,
86753091,2017-18,STU01024,FALL,20 and younger,Transfer-In,Full-Time,C,C,,Black or African American,N,M,C,Y,Transfer-In Full-Time,B,520201,4,4,16,16,29,23,30,25,0,0,N,N,NA,NA,NA,NA,,,NA,NA,NA,NA,1,1,0,0,0,0,2,1,,C,,-1,N,0,1,N,N,0,0,0,0,520201,,,CA,,,,,Master's Colleges & Universities,,,,,Suburb,,,,,,,,,,
86753091,2017-18,STU01025,FALL,>20 - 24,First-Time,Full-Time,R,N,,White,N,M,P,N,First-Time Full-Time,B,270101,4,3.9,12,11,33,33,33,30,34,34,R,R,Y,UK,C,UK,2.76,,NA,Y,NA,C,1,0,0,0,0,0,1,0,,N,,1,N,1,4,N,Spring 2020,0,0,0,0,270101,,,,,,,,,,,,,,,,,,,,,,,
86753091,2019-20,STU01026,FALL,Older than 24,First-Time,Part-Time,R,R,,Black or African American,N,M,,Y,First-Time Part-Time,A,270101,2.8,2.87,8,6,15,11,9,7,11,8,R,R,Y,Y,C,C,3.06,P,NA,NA,NA,NA,1,0,0,0,0,0,3,0,,R,STEM Scholars 2019,0,N,0,1,Y,N,0,0,0,0,270101,,,,,,,,,,,,,,,,,,,,,,,
86753091,2018-19,STU01027,FALL,20 and younger,First-Time,Full-Time,C,R,,Two or More Races,N,M,B,N,First-Time Full-Time,B,420101,3.12,3,15,11,0,0,0,0,0,0,N,R,NA,Y,NA,C,,P,NA,NA,NA,NA,0,0,0,0,0,0,1,0,,R,First Year Success,0,P,-1,-1,N,N,5,0,0,0,420101,,,,,,,,,,,,,,,,,,,,,,,
86753091,2018-19,STU01028,SUMMER,20 and younger,Transfer-In,Part-Time,C,C,,Hispanic,H,M,B,N,Transfer-In Part-Time,B,420101,3.99,3.99,10,10,18,16,17,16,0,0,N,N,NA,NA,NA,NA,,,NA,NA,NA,NA,1,0,0,0,0,0,3,0,,C,,1,N,0,4,N,N,4,0,0,0,420101,,,,,,,,,,,,,,,,,,,,,,,
86753091,2016-17,STU01029,SUMMER,Older than 24,First-Time,Full-Time,N,C,,American Indian or Alaska Native,N,F,B,Y,First-Time Full-Time,B,261504,2.42,2.1,15,11,0,0,0,0,0,0,R,N,Y,NA,C,NA,A,,N,NA,N,NA,0,0,0,0,0,0,1,0,,C,,0,P,0,1,N,N,0,0,0,0,261504,,,,,,,,,,,,,,,,,,,,,,,
86753091,2020-21,STU01030,FALL,20 and younger,First-Time,Full-Time,C,C,,White,N,F,,N,First-Time Full-Time,B,270101,2.9,3.06,13,8,25,19,34,24,0,0,N,N,NA,NA,NA,NA,,,NA,NA,NA,NA,1,1,0,0,0,0,5,1,,C,,3,N,0,0,N,Fall 2019,0,0,0,0,270101,,,,,,,,Doctoral Universities,,,,,,,,,,,,,,,
86753091,2016-17,STU01031,SPRING,>20 - 24,Re-admit,Part-Time,N,N,,Hispanic,H,F,C,UK,Re-admit Part-Time,C1,520201,2.41,1.77,5,3,14,12,18,14,20,13,R,R,Y,Y,C,D,1.78,F,N,Y,N,D,1,0,0,0,0,0,1,0,,N,,0,N,0,3,N,N,0,0,0,0,520201,,,,,,,,,,,,,,,,,,,,,,,
86753091,2019-20,STU01032,FALL,20 and younger,First-Time,Full-Time,C,C,,Black or African American,N,F,B,UK,First-Time Full-Time,B,131202,4,3.84,14,13,27,25,0,0,0,0,N,N,NA,NA,NA,NA,,,NA,NA,NA,NA,1,0,0,0,0,0,2,0,,C,,0,UK,0,4,N,N,0,0,0,0,131202,,,,,,,,,,,,,,,,,,,,,,,
86753091,2016-17,STU01033,SUMMER,20 and younger,First-Time,Full-Time,C,C,,Black or African American,N,M,,Y,First-Time Full-Time,B,510904,4,3.75,15,15,19,19,21,21,0,0,N,N,NA,NA,NA,NA,,,NA,NA,NA,NA,1,1,0,0,0,0,1,1,,C,,0,UK,0,0,N,N,0,0,0,0,510904,,,AZ,,,,,Master's Colleges & Universities,,,,,Urban,,,,,,,,,,
86753091,2020-21,STU01034,FALL,20 and younger,Transfer-In,Full-Time,C,N,,Asian,N,F,N,N,Transfer-In Full-Time,03,230101,4,3.87,14,14,28,28,27,27,0,0,N,R,NA,Y,NA,C,,2.94,NA,N,NA,N,1,0,0,0,0,0,5,0,,N,Bridge Program,-1,UK,0,4,UK,N,0,2,0,0,230101,,,,,,,,,,,,,,,,,,,,2,,,
86753091,2020-21,STU01035,FALL,20 and younger,First-Time,Full-Time,C,C,,White,N,M,B,UK,First-Time Full-Time,B,261504,2.74,2.93,17,14,37,37,30,23,0,0,N,N,NA,NA,NA,NA,,,NA,NA,NA,NA,1,0,0,0,0,0,4,0,,C,,-1,N,0,-1,Y,Spring 2020,0,0,0,0,261504,,,,,,,,,,,,,,,,,,,,,,,
86753091,2020-21,STU01036,FALL,20 and younger,First-Time,Full-Time,N,N,DE,Two or More Races,N,M,B,N,First-Time Full-Time,03,510904,3.8,3.78,17,14,30,28,27,22,28,28,R,R,N,Y,N,C,,2.66,Y,Y,C,C,1,0,0,0,0,0,4,0,,N,Bridge Program,0,N,0,2,N,N,0,0,0,0,510904,,,,,,,,,,,,,,,,,,,,,,,
86753091,2019-20,STU01037,SPRING,20 and younger,First-Time,Full-Time,C,C,SE,Asian,N,F,B,Y,First-Time Full-Time,B,270101,2.87,3.14,16,13,26,26,0,0,0,0,N,N,NA,NA,NA,NA,,,NA,NA,NA,NA,1,0,0,0,0,0,2,0,,C,First Year Success,1,N,0,0,UK,N,0,0,0,0,270101,,,,,,,,,,,,,,,,,,,,,,,
86753091,2019-20,STU01038,FALL,Older than 24,First-Time,Part-Time,N,N,,Asian,N,M,A,N,First-Time Part-Time,B,230101,3.9,3.77,10,9,14,13,17,13,16,15,R,R,Y,Y,C,C,2.59,P,N,Y,N,D,1,0,0,0,0,0,1,0,,N,,1,N,0,1,N,N,0,0,0,0,230101,,,,,,,,,,,,,,,,,,,,,,,
86753091,2018-19,STU01039,FALL,20 and younger,Transfer-In,Full-Time,N,C,,White,N,M,P,Y,Transfer-In Full-Time,03,131202,3.19,2.64,8,8,28,25,34,23,0,0,R,N,Y,NA,D,NA,F,,Y,NA,D,NA,1,0,0,0,0,0,2,0,,C,,0,N,0,4,UK,N,0,0,0,0,131202,,,,,,,,,,,,,,,,,,,,,,,
86753091,2020-21,STU01040,SPRING,Older than 24,First-Time,Part-Time,C,N,,Black or African American,N,M,A,Y,First-Time Part-Time,02,520201,2,1.83,8,4,12,8,5,2,15,14,N,R,NA,N,NA,N,,,NA,Y,NA,D,1,0,0,0,0,0,3,0,,N,,0,N,0,2,UK,N,4,2,0,0,520201,,,,,,,,,,,,,,,,,,,,2,,,
86753091,2019-20,STU01041,FALL,20 and younger,First-Time,Full-Time,C,R,DE,Hispanic,H,M,A,Y,First-Time Full-Time,03,420101,2.37,3.49,12,11,27,19,27,23,22,19,N,R,NA,Y,NA,C,,P,NA,NA,NA,NA,1,0,0,0,0,0,1,0,,R,,3,N,0,-1,N,N,4,0,0,0,420101,,,,,,,,,,,,,,,,,,,,,,,
86753091,2019-20,STU01042,SPRING,>20 - 24,First-Time,Part-Time,N,R,,White,N,F,B,N,First-Time Part-Time,01,422814,1.6,2.57,1,1,22,16,15,11,14,10,R,R,Y,Y,C,C,2.21,2.19,N,NA,N,NA,1,0,0,0,0,0,4,0,,R,,0,N,-1,0,N,N,0,0,0,0,422814,,,,,,,,,,,,,,,,,,,,,,,
86753091,2020-21,STU01043,FALL,>20 - 24,First-Time,Full-Time,UK,C,,White,N,F,N,N,First-Time Full-Time,A,230101,3.1,2.59,16,12,0,0,0,0,0,0,UK,N,UK,NA,UK,NA,,,UK,NA,UK,NA,0,0,0,0,0,0,1,0,,C,,1,N,0,2,N,Fall 2019,0,0,0,0,230101,,,,,,,,,,,,,,,,,,,,,,,
86753091,2019-20,STU01044,SPRING,Older than 24,First-Time,Full-Time,R,C,,Black or African American,N,F,B,N,First-Time Full-Time,02,270101,3.23,3.18,16,15,27,25,27,22,36,36,R,N,N,NA,N,NA,,,NA,NA,NA,NA,1,0,0,0,0,0,4,0,,C,,1,UK,0,4,N,N,0,0,0,0,270101,,,,,,,,,,,,,,,,,,,,,,,
86753091,2019-20,STU01045,FALL,>20 - 24,First-Time,Full-Time,C,C,,White,N,M,B,Y,First-Time Full-Time,B,520201,3.15,3.54,12,12,29,20,0,0,0,0,N,N,NA,NA,NA,NA,,,NA,NA,NA,NA,1,0,0,0,0,0,1,0,,C,,0,N,0,-1,N,N,0,2,0,0,520201,,,,,,,,,,,,,,,,,,,,2,,,
86753091,2017-18,STU01046,FALL,>20 - 24,Transfer-In,Part-Time,C,N,,Two or More Races,N,F,P,N,Transfer-In Part-Time,02,510904,2.23,3.35,5,5,16,12,21,14,12,11,N,R,NA,UK,NA,UK,,,NA,Y,NA,C,1,0,0,0,0,0,2,0,,N,,-1,UK,0,2,UK,N,0,3,0,0,510904,,,,,,,,,,,,,,,,,,,,3,,,
86753091,2020-21,STU01047,SPRING,20 and younger,First-Time,Full-Time,C,C,DE,Hispanic,H,F,N,N,First-Time Full-Time,A,513899,3.88,4,13,12,34,34,27,24,28,28,N,N,NA,NA,NA,NA,,,NA,NA,NA,NA,1,0,0,0,0,0,3,0,,C,,4,N,0,2,N,N,0,0,0,0,513899,,,,,,,,,,,,,,,,,,,,,,,
86753091,2020-21,STU01048,WINTER,20 and younger,First-Time,Part-Time,C,N,,White,N,F,B,UK,First-Time Part-Time,B,520201,1.84,1.77,7,6,16,10,4,3,13,9,N,R,NA,Y,NA,C,,1.22,NA,Y,NA,C,1,0,0,0,0,0,1,0,,N,,2,UK,0,3,N,N,0,0,0,0,520201,,,,,,,,,,,,,,,,,,,,,,,
86753091,2016-17,STU01049,FALL,>20 - 24,First-Time,Full-Time,C,C,,White,N,F,B,N,First-Time Full-Time,B,513899,2.97,3.1,18,17,30,25,35,25,0,0,N,N,NA,NA,NA,NA,,,NA,NA,NA,NA,1,0,0,0,0,0,3,0,,C,,0,P,0,0,N,N,5,0,0,0,513899,,,,,,,,,,,,,,,,,,,,,,,
86753091,2017-18,STU01050,FALL,>20 - 24,First-Time,Full-Time,C,N,,White,N,F,N,Y,First-Time Full-Time,05,540101,2.48,3.05,16,15,0,0,0,0,0,0,N,R,NA,Y,NA,C,,4,NA,Y,NA,C,0,0,0,0,0,0,1,0,,N,,3,N,1,3,N,N,0,0,0,0,540101,,,,,,,,,,,,,,,,,,,,,,,
86753091,2016-17,STU01051,SPRING,20 and younger,Transfer-In,Full-Time,N,N,,Asian,N,F,B,UK,Transfer-In Full-Time,02,422814,3.37,3.21,14,11,34,25,29,29,31,22,R,R,Y,N,C,N,3.85,,N,N,N,N,1,1,0,0,0,0,3,2,,N,First Year Success,6,N,0,4,N,Fall 2020,0,0,0,0,422814,,,,,,,,Master's Colleges & Universities,,,,,Town/Rural,,,,,,,,,,
86753091,2019-20,STU01052,FALL,20 and younger,First-Time,Full-Time,C,C,,White,N,M,B,Y,First-Time Full-Time,03,513899,4,4,16,16,22,19,23,23,27,27,N,N,NA,NA,NA,NA,,,NA,NA,NA,NA,1,0,0,0,0,0,1,0,,C,Bridge Program,0,N,0,0,N,N,5,0,0,0,513899,,,,,,,,,,,,,,,,,,,,,,,
86753091,2020-21,STU01053,FALL,Older than 24,Re-admit,Full-Time,C,C,,Black or African American,N,M,N,Y,Re-admit Full-Time,B,261504,3.99,4,10,10,0,0,0,0,0,0,N,N,NA,NA,NA,NA,,,NA,NA,NA,NA,0,0,0,0,0,0,1,0,,C,,0,N,0,4,N,N,4,0,0,0,261504,,,,,,,,,,,,,,,,,,,,,,,
86753091,2019-20,STU01054,FALL,20 and younger,First-Time,Full-Time,N,C,SE,White,N,M,B,Y,First-Time Full-Time,B,422814,3.92,3.82,15,13,26,26,25,25,23,22,R,N,Y,NA,C,NA,1.87,,N,NA,N,NA,1,0,0,0,0,0,1,0,,C,,1,N,0,-1,N,N,0,0,0,0,422814,,,,,,,,,,,,,,,,,,,,,,,
86753091,2019-20,STU01055,FALL,20 and younger,Transfer-In,Full-Time,N,C,,White,N,M,C,UK,Transfer-In Full-Time,B,520201,2.62,3,14,12,27,16,25,23,31,30,R,N,Y,NA,C,NA,A,,N,NA,N,NA,1,0,0,0,0,0,4,0,,C,Bridge Program,0,N,0,2,N,Spring 2021,5,0,0,0,520201,,,,,,,,,,,,,,,,,,,,,,,
86753091,2018-19,STU01056,FALL,20 and younger,First-Time,Full-Time,C,C,,Hispanic,H,F,P,Y,First-Time Full-Time,B,240101,1.66,2.64,13,13,38,24,29,25,25,19,N,N,NA,NA,NA,NA,,,NA,NA,NA,NA,1,0,0,0,0,0,1,0,,C,,2,N,0,3,N,N,0,0,0,0,240101,,,,,,,,,,,,,,,,,,,,,,,
86753091,2019-20,STU01057,FALL,>20 - 24,First-Time,Full-Time,N,N,,White,N,M,B,UK,First-Time Full-Time,02,110701,3.18,3.54,19,14,21,20,25,22,21,21,R,R,N,Y,N,NC,,F,N,N,N,N,1,1,0,0,0,0,4,3,,N,,-1,N,1,4,Y,N,0,0,0,0,110701,,,IL,,,,,Master's Colleges & Universities,,,,,Town/Rural,,,,,,,,,,
86753091,2018-19,STU01058,FALL,Older than 24,First-Time,Part-Time,R,C,,Hispanic,H,F,B,Y,First-Time Part-Time,B,510904,3.59,3.96,7,7,16,11,18,13,8,8,R,N,Y,NA,NC,NA,F,,NA,NA,NA,NA,1,1,0,0,0,0,2,0,,C,,0,N,0,4,N,N,0,0,0,0,510904,,,PA,,,,,Master's Colleges & Universities,,,,,Town/Rural,,,,,,,,,,
86753091,2018-19,STU01059,FALL,>20 - 24,First-Time,Full-Time,C,C,,Black or African American,N,F,B,N,First-Time Full-Time,C1,510904,3.83,3.44,14,11,29,24,33,28,28,22,N,N,NA,NA,NA,NA,,,NA,NA,NA,NA,1,0,0,0,0,0,4,0,,C,,1,N,0,0,N,N,0,0,0,0,510904,,,,,,,,,,,,,,,,,,,,,,,
86753091,2016-17,STU01060,SPRING,20 and younger,Transfer-In,Full-Time,R,C,,Black or African American,N,F,P,N,Transfer-In Full-Time,A,422814,3.57,3.22,13,12,0,0,0,0,0,0,R,N,Y,NA,D,NA,W,,NA,NA,NA,NA,0,0,0,0,0,0,1,0,,C,STEM Scholars 2019,0,N,0,2,N,N,0,0,0,0,422814,,,,,,,,,,,,,,,,,,,,,,,
86753091,2017-18,STU01061,SUMMER,>20 - 24,First-Time,Full-Time,N,C,,Hispanic,H,F,C,Y,First-Time Full-Time,03,540101,2.75,2.94,15,11,29,22,26,24,32,29,R,N,Y,NA,C,NA,2.14,,Y,NA,D,NA,1,0,0,4,0,0,3,0,3.8,C,,-1,N,0,3,N,N,0,4,0,0,540101,,,,,,,,,,,,,,,,4,,,,4,,,
86753091,2020-21,STU01062,FALL,>20 - 24,First-Time,Full-Time,N,R,,White,N,M,B,N,First-Time Full-Time,02,422814,3.54,3.32,16,16,28,28,21,18,32,32,R,R,Y,Y,D,C,M,3.66,Y,NA,C,NA,1,0,0,0,0,0,1,0,,R,,2,N,1,2,N,Fall 2020,5,0,0,0,422814,,,,,,,,,,,,,,,,,,,,,,,
86753091,2017-18,STU01063,FALL,>20 - 24,Transfer-In,Full-Time,C,N,,Two or More Races,N,F,B,Y,Transfer-In Full-Time,B,261504,3.38,3.48,15,13,0,0,0,0,0,0,N,R,NA,Y,NA,C,,4,NA,N,NA,N,0,0,0,0,0,0,1,0,,N,,0,UK,2,0,N,N,0,0,0,0,261504,,,,,,,,,,,,,,,,,,,,,,,
86753091,2016-17,STU01064,FALL,20 and younger,First-Time,Full-Time,C,C,,White,N,M,P,N,First-Time Full-Time,03,270101,3.59,3.21,13,8,29,24,25,25,33,24,N,N,NA,NA,NA,NA,,,NA,NA,NA,NA,1,1,0,2,0,0,3,0,2.2,C,,0,N,1,3,N,N,0,2,0,0,270101,,,OH,,,,,Master's Colleges & Universities,,,,,Suburb,,,2,,,,2,,,
86753091,2020-21,STU01065,FALL,>20 - 24,First-Time,Full-Time,N,UK,UK,Nonresident alien,N,M,N,N,First-Time Full-Time,A,513899,2.21,1.88,14,10,0,0,0,0,0,0,R,UK,Y,UK,C,UK,2.68,,N,UK,N,UK,0,0,0,0,0,0,1,0,,UK,,5,UK,0,0,N,N,0,0,0,0,513899,,,,,,,,,,,,,,,,,,,,,,,
86753091,2016-17,STU01066,FALL,Older than 24,First-Time,Full-Time,C,C,,Black or African American,N,M,B,Y,First-Time Full-Time,B,510904,3.88,3.52,17,17,0,0,0,0,0,0,N,N,NA,NA,NA,NA,,,NA,NA,NA,NA,0,0,0,0,0,0,1,0,,C,,0,N,0,1,N,N,0,0,0,0,510904,,,,,,,,,,,,,,,,,,,,,,,
86753091,2019-20,STU01067,FALL,>20 - 24,First-Time,Full-Time,C,N,,Asian,N,M,B,Y,First-Time Full-Time,C1,520201,3.51,3.45,13,11,28,21,32,26,34,34,N,R,NA,Y,NA,C,,3.16,NA,Y,NA,C,1,0,0,0,0,0,2,0,,N,,-1,UK,-1,0,N,N,0,0,0,0,520201,,,,,,,,,,,,,,,,,,,,,,,
86753091,2016-17,STU01068,FALL,Older than 24,First-Time,Full-Time,UK,N,,Black or African American,N,M,B,N,First-Time Full-Time,B,261504,3.36,3.26,15,14,29,27,0,0,0,0,UK,R,UK,Y,UK,C,,2.6,UK,Y,UK,D,1,0,0,0,0,0,2,0,,N,,5,N,0,1,N,N,0,0,0,0,261504,,,,,,,,,,,,,,,,,,,,,,,
86753091,2016-17,STU01069,SPRING,20 and younger,Transfer-In,Full-Time,N,N,,White,N,M,B,Y,Transfer-In Full-Time,03,422814,3.03,3.18,17,14,29,26,34,30,38,37,R,R,N,Y,N,C,,3.52,N,Y,N,C,1,0,0,0,0,0,2,0,,N,Bridge Program,3,N,0,4,N,N,0,0,0,0,422814,,,,,,,,,,,,,,,,,,,,,,,
86753091,2019-20,STU01070,SPRING,>20 - 24,First-Time,Full-Time,C,R,,Black or African American,N,F,,UK,First-Time Full-Time,B,240101,2.32,2.46,15,9,23,12,16,11,28,20,N,R,NA,Y,NA,C,,2.02,NA,NA,NA,NA,1,0,0,0,0,0,2,0,,R,,1,N,0,1,N,N,0,0,0,0,240101,,,,,,,,,,,,,,,,,,,,,,,
86753091,2019-20,STU01071,SPRING,20 and younger,First-Time,Full-Time,C,N,,Asian,N,F,B,Y,First-Time Full-Time,B,422814,1.7,1.84,13,9,0,0,0,0,0,0,N,R,NA,Y,NA,D,,F,NA,Y,NA,C,0,1,0,0,0,0,1,1,,N,,0,N,-1,3,N,N,0,0,0,0,422814,,,NJ,,,,,Master's Colleges & Universities,,,,,Suburb,,,,,,,,,,
86753091,2017-18,STU01072,FALL,>20 - 24,Transfer-In,Part-Time,N,C,,White,N,F,,Y,Transfer-In Part-Time,A,270101,2.3,2.43,6,5,10,8,14,14,19,12,R,N,Y,NA,D,NA,F,,N,NA,N,NA,1,0,0,0,0,0,5,0,,C,,3,N,0,4,N,Fall 2019,0,0,0,0,270101,,,,,,,,,,,,,,,,,,,,,,,
86753091,2020-21,STU01073,FALL,>20 - 24,Transfer-In,Full-Time,N,N,,Black or African American,N,F,B,N,Transfer-In Full-Time,03,520201,2.7,2.92,15,13,0,0,0,0,0,0,R,R,Y,Y,D,D,W,F,Y,Y,C,C,0,0,0,0,0,0,1,0,,N,STEM Scholars 2019,0,P,0,-1,N,N,0,2,0,0,520201,,,,,,,,,,,,,,,,,,,,2,,,
86753091,2018-19,STU01074,FALL,20 and younger,First-Time,Full-Time,N,C,DE,White,N,F,B,N,First-Time Full-Time,B,230101,3.39,3.55,19,18,21,19,0,0,0,0,R,N,Y,NA,D,NA,F,,N,NA,N,NA,1,0,0,0,0,0,4,0,,C,,0,N,0,2,N,N,0,0,0,0,230101,,,,,,,,,,,,,,,,,,,,,,,
86753091,2017-18,STU01075,FALL,Older than 24,First-Time,Full-Time,R,R,,American Indian or Alaska Native,N,F,N,N,First-Time Full-Time,02,270101,1.61,2.31,14,13,28,26,0,0,0,0,R,R,Y,Y,C,NC,2.02,F,NA,NA,NA,NA,1,0,0,0,0,0,3,0,,R,,0,N,0,4,N,N,0,0,0,0,270101,,,,,,,,,,,,,,,,,,,,,,,
86753091,2016-17,STU01076,FALL,Older than 24,Transfer-In,Part-Time,N,C,UK,Black or African American,N,P,C,N,Transfer-In Part-Time,B,420101,3.88,3.38,12,10,16,14,13,11,0,0,R,N,Y,NA,D,NA,F,,Y,NA,D,NA,1,1,0,0,0,0,5,2,,C,,0,UK,0,1,N,N,0,2,0,0,420101,,,PA,,,,,Doctoral Universities,,,,,,,,,,,,2,,,
86753091,2016-17,STU01077,SUMMER,Older than 24,First-Time,Part-Time,R,C,,Hispanic,H,M,N,N,First-Time Part-Time,02,230101,3.85,3.67,11,9,0,0,0,0,0,0,R,N,Y,NA,C,NA,2.74,,NA,NA,NA,NA,0,1,0,0,0,0,1,2,,C,,3,N,0,1,N,N,0,0,0,0,230101,,,,,,,,Baccalaureate Colleges,,,,,,,,,,,,,,,
86753091,2020-21,STU01078,FALL,20 and younger,Re-admit,Full-Time,N,C,,Black or African American,N,F,B,Y,Re-admit Full-Time,B,230101,3.57,3.74,13,13,29,29,0,0,0,0,R,N,Y,NA,NC,NA,W,,Y,NA,C,NA,1,0,0,0,0,0,3,0,,C,,4,N,0,2,N,Fall 2020,0,0,0,0,230101,,,,,,,,,,,,,,,,,,,,,,,
86753091,2017-18,STU01079,FALL,20 and younger,Transfer-In,Full-Time,C,C,,Two or More Races,N,M,B,UK,Transfer-In Full-Time,B,513899,2.72,3.24,16,13,31,27,30,26,0,0,N,N,NA,NA,NA,NA,,,NA,NA,NA,NA,1,0,0,0,0,0,4,0,,C,,4,UK,0,0,Y,N,6,0,0,0,513899,,,,,,,,,,,,,,,,,,,,,,,
86753091,2020-21,STU01080,FALL,>20 - 24,First-Time,Full-Time,C,UK,,Two or More Races,N,M,P,N,First-Time Full-Time,B,513899,4,2.96,14,10,21,21,35,31,23,23,N,UK,NA,UK,NA,UK,,,NA,UK,NA,UK,1,0,0,3,0,0,2,0,2.4,UK,,1,N,-1,-1,N,N,0,3,0,0,513899,,,,,,,,,,,,,,,,3,,,,3,,,
86753091,2017-18,STU01081,FALL,20 and younger,Re-admit,Full-Time,C,R,,White,N,F,N,N,Re-admit Full-Time,B,510904,2.82,2.89,16,11,0,0,0,0,0,0,N,R,NA,Y,NA,C,,4,NA,NA,NA,NA,0,0,0,0,0,0,1,0,,R,First Year Success,2,N,0,0,N,N,5,0,0,0,510904,,,,,,,,,,,,,,,,,,,,,,,
86753091,2018-19,STU01082,SUMMER,Older than 24,Transfer-In,Full-Time,C,C,,White,N,M,B,N,Transfer-In Full-Time,B,510904,2.97,2.21,17,12,32,24,0,0,0,0,N,N,NA,NA,NA,NA,,,NA,NA,NA,NA,1,0,0,0,0,0,2,0,,C,First Year Success,3,N,0,3,N,N,0,0,0,0,510904,,,,,,,,,,,,,,,,,,,,,,,
86753091,2019-20,STU01083,FALL,>20 - 24,Transfer-In,Part-Time,UK,C,,Two or More Races,N,M,B,Y,Transfer-In Part-Time,03,420101,3.17,3.16,10,8,17,15,17,12,0,0,UK,N,UK,NA,UK,NA,,,UK,NA,UK,NA,1,0,0,0,0,0,1,0,,C,,-1,N,0,-1,N,Spring 2020,0,0,0,0,420101,,,,,,,,,,,,,,,,,,,,,,,
86753091,2018-19,STU01084,FALL,20 and younger,Transfer-In,Part-Time,C,N,,White,N,F,N,N,Transfer-In Part-Time,B,230101,3.77,3.56,8,8,16,16,0,0,0,0,N,R,NA,Y,NA,C,,2.72,NA,Y,NA,D,1,0,0,0,0,0,5,0,,N,,0,N,0,3,N,Spring 2021,0,0,0,0,230101,,,,,,,,,,,,,,,,,,,,,,,
86753091,2019-20,STU01085,FALL,>20 - 24,First-Time,Full-Time,C,C,,Hispanic,H,M,N,Y,First-Time Full-Time,B,240101,4,4,20,20,27,22,0,0,0,0,N,N,NA,NA,NA,NA,,,NA,NA,NA,NA,1,0,0,0,0,0,1,0,,C,,0,N,-1,2,N,N,0,0,0,0,240101,,,,,,,,,,,,,,,,,,,,,,,
86753091,2016-17,STU01086,SUMMER,>20 - 24,First-Time,Part-Time,R,C,,Hispanic,H,M,B,N,First-Time Part-Time,03,422814,2.71,1.37,7,5,0,0,0,0,0,0,R,N,UK,NA,UK,NA,,,NA,NA,NA,NA,0,0,0,0,0,0,1,0,,C,,3,N,0,0,N,N,0,0,0,0,422814,,,,,,,,,,,,,,,,,,,,,,,
86753091,2016-17,STU01087,SUMMER,Older than 24,First-Time,Full-Time,C,C,,Hispanic,H,F,,N,First-Time Full-Time,03,510904,4,3.42,17,16,28,21,28,22,28,22,N,N,NA,NA,NA,NA,,,NA,NA,NA,NA,1,1,0,4,0,0,5,1,4.5,C,,0,N,-1,2,N,N,0,4,0,0,510904,,,OH,,,,,Baccalaureate Colleges,,,,,,,,4,,,,4,,,
86753091,2016-17,STU01088,SPRING,20 and younger,First-Time,Full-Time,C,C,,Two or More Races,N,F,B,N,First-Time Full-Time,03,510904,2.62,2.05,10,9,31,18,32,23,23,16,N,N,NA,NA,NA,NA,,,NA,NA,NA,NA,1,1,0,0,0,0,3,1,,C,,4,N,-1,3,N,Spring 2020,0,0,0,0,510904,,,OH,,,,,Baccalaureate Colleges,,,,,Town/Rural,,,,,,,,,,
86753091,2018-19,STU01089,SPRING,20 and younger,First-Time,Full-Time,R,N,,White,N,M,,N,First-Time Full-Time,B,513899,2.62,2.04,13,11,0,0,0,0,0,0,R,R,Y,UK,C,UK,1.68,,NA,Y,NA,D,0,0,0,0,0,0,1,0,,N,,4,UK,0,4,Y,N,0,0,0,0,513899,,,,,,,,,,,,,,,,,,,,,,,
86753091,2018-19,STU01090,FALL,>20 - 24,Re-admit,Full-Time,UK,C,,Hispanic,H,F,N,Y,Re-admit Full-Time,03,513899,3.18,3.97,19,19,25,25,26,19,28,28,UK,N,UK,NA,UK,NA,,,UK,NA,UK,NA,1,1,0,0,0,0,2,2,,C,,-1,N,0,3,N,N,0,0,0,0,513899,,,VA,,,,,Doctoral Universities,,,,,Town/Rural,,,,,,,,,,
86753091,2020-21,STU01091,FALL,20 and younger,First-Time,Full-Time,C,C,,American Indian or Alaska Native,N,F,C,N,First-Time Full-Time,B,261504,3.6,3.49,16,10,0,0,0,0,0,0,N,N,NA,NA,NA,NA,,,NA,NA,NA,NA,0,0,0,0,0,0,1,0,,C,,1,N,0,3,N,N,0,4,0,0,261504,,,,,,,,,,,,,,,,,,,,4,,,
86753091,2017-18,STU01092,FALL,>20 - 24,First-Time,Full-Time,C,N,,Asian,N,F,B,Y,First-Time Full-Time,B,513899,2.42,2.08,18,12,32,24,0,0,0,0,N,R,NA,Y,NA,NC,,F,NA,Y,NA,C,1,1,0,0,0,0,2,2,,N,First Year Success,0,N,-1,-1,UK,N,0,4,0,0,513899,,,GA,,,,,Doctoral Universities,,,,,Suburb,,,,,,,4,,,
86753091,2019-20,STU01093,FALL,>20 - 24,Transfer-In,Full-Time,C,C,,Asian,N,M,B,N,Transfer-In Full-Time,A,422814,3.8,3.64,13,12,29,27,0,0,0,0,N,N,NA,NA,NA,NA,,,NA,NA,NA,NA,1,0,0,0,0,0,2,0,,C,,1,N,0,4,N,N,0,0,0,0,422814,,,,,,,,,,,,,,,,,,,,,,,
86753091,2019-20,STU01094,FALL,>20 - 24,Transfer-In,Full-Time,C,C,,White,N,F,A,N,Transfer-In Full-Time,03,270101,3.36,4,16,16,30,25,28,28,0,0,N,N,NA,NA,NA,NA,,,NA,NA,NA,NA,1,0,0,0,0,0,1,0,,C,,1,N,0,3,N,N,4,0,0,0,270101,,,,,,,,,,,,,,,,,,,,,,,
86753091,2020-21,STU01095,FALL,Older than 24,Transfer-In,Part-Time,R,C,,White,N,M,B,N,Transfer-In Part-Time,03,131202,3.31,3.06,7,6,16,14,16,11,10,9,R,N,Y,NA,NC,NA,F,,NA,NA,NA,NA,1,0,0,0,0,0,1,0,,C,,4,N,0,4,N,N,0,0,0,0,131202,,,,,,,,,,,,,,,,,,,,,,,
86753091,2017-18,STU01096,WINTER,20 and younger,First-Time,Part-Time,C,C,UK,White,N,F,N,N,First-Time Part-Time,B,230101,3.16,3.26,8,8,7,7,15,13,0,0,N,N,NA,NA,NA,NA,,,NA,NA,NA,NA,1,0,0,0,0,0,2,0,,C,,5,N,-1,3,N,N,4,0,0,0,230101,,,,,,,,,,,,,,,,,,,,,,,
86753091,2017-18,STU01097,FALL,Older than 24,First-Time,Full-Time,C,C,,White,N,M,P,N,First-Time Full-Time,03,110701,2.98,2.78,11,8,24,20,0,0,0,0,N,N,NA,NA,NA,NA,,,NA,NA,NA,NA,1,0,0,0,0,0,3,0,,C,,5,N,0,1,N,Spring 2021,4,0,0,0,110701,,,,,,,,,,,,,,,,,,,,,,,
86753091,2020-21,STU01098,SUMMER,20 and younger,First-Time,Part-Time,N,R,,Black or African American,N,F,B,N,First-Time Part-Time,B,270101,3.33,2.59,14,11,0,0,0,0,0,0,R,R,Y,Y,C,C,3.69,3.11,Y,NA,D,NA,0,0,0,0,0,0,1,0,,R,,2,N,-1,1,N,N,0,0,0,0,270101,,,,,,,,,,,,,,,,,,,,,,,
86753091,2019-20,STU01099,FALL,20 and younger,Re-admit,Full-Time,N,C,,Black or African American,N,M,B,UK,Re-admit Full-Time,B,110701,2.66,3.38,18,13,23,14,0,0,0,0,R,N,Y,NA,C,NA,4,,Y,NA,D,NA,1,0,0,0,0,0,2,0,,C,,-1,N,0,0,N,N,0,0,0,0,110701,,,,,,,,,,,,,,,,,,,,,,,
86753091,2016-17,STU01100,FALL,>20 - 24,First-Time,Part-Time,N,N,,Hispanic,H,F,A,Y,First-Time Part-Time,03,230101,3.09,3.74,9,7,23,22,13,12,13,12,R,R,Y,Y,C,D,2.69,W,Y,Y,D,D,1,0,0,0,0,0,2,0,,N,,6,N,0,0,N,Spring 2020,0,0,0,0,230101,,,,,,,,,,,,,,,,,,,,,,,
86753091,2017-18,STU01101,FALL,20 and younger,Transfer-In,Full-Time,R,C,,White,N,M,C,N,Transfer-In Full-Time,B,131202,2.39,2.71,14,10,25,19,28,20,0,0,R,N,Y,NA,C,NA,1.79,,NA,NA,NA,NA,1,0,0,0,0,0,2,0,,C,,1,UK,1,4,Y,N,0,0,0,0,131202,,,,,,,,,,,,,,,,,,,,,,,
86753091,2019-20,STU01102,FALL,Older than 24,Transfer-In,Part-Time,C,C,,White,N,F,N,Y,Transfer-In Part-Time,A,520201,2.7,2.84,2,2,19,16,0,0,0,0,N,N,NA,NA,NA,NA,,,NA,NA,NA,NA,1,1,0,0,0,0,4,3,,C,,2,P,0,1,N,N,0,0,0,0,520201,,,,,,,,Doctoral Universities,,,,,,,,,,,,,,,
86753091,2017-18,STU01103,FALL,Older than 24,First-Time,Full-Time,C,C,,White,N,F,B,N,First-Time Full-Time,02,420101,2.75,2.45,12,9,24,24,28,19,25,17,N,N,NA,NA,NA,NA,,,NA,NA,NA,NA,1,1,0,2,0,0,2,1,2.3,C,,0,N,0,1,N,N,0,2,0,0,420101,,,MA,,,,,,,,,,Town/Rural,,,2,,,,2,,,
86753091,2019-20,STU01104,SPRING,20 and younger,Re-admit,Full-Time,C,C,,Black or African American,N,F,N,N,Re-admit Full-Time,B,520201,3.95,4,15,15,32,29,0,0,0,0,N,N,NA,NA,NA,NA,,,NA,NA,NA,NA,1,0,0,0,0,0,3,0,,C,,1,UK,0,4,N,Fall 2019,0,0,0,0,520201,,,,,,,,,,,,,,,,,,,,,,,
86753091,2016-17,STU01105,FALL,>20 - 24,First-Time,Full-Time,N,R,,Two or More Races,N,UK,,UK,First-Time Full-Time,A,261504,4,3.94,12,10,30,29,0,0,0,0,R,R,N,Y,N,C,,2.89,Y,NA,D,NA,1,1,0,0,0,0,2,1,,R,,1,N,0,3,N,N,0,0,0,0,261504,,,NC,,,,,Associate's Colleges,,,,,Urban,,,,,,,,,,
86753091,2019-20,STU01106,FALL,20 and younger,Transfer-In,Full-Time,R,C,,White,N,M,B,Y,Transfer-In Full-Time,03,230101,4,3.38,11,10,31,31,0,0,0,0,R,N,Y,NA,C,NA,2.33,,NA,NA,NA,NA,1,1,0,0,0,0,4,2,,C,Bridge Program,0,N,0,4,N,N,0,0,0,0,230101,,,NC,,,,,,,,,,Urban,,,,,,,,,,
86753091,2018-19,STU01107,FALL,20 and younger,Transfer-In,Full-Time,R,C,,White,N,M,B,Y,Transfer-In Full-Time,B,520201,2.78,2.97,11,10,32,24,30,29,0,0,R,N,Y,NA,NC,NA,W,,NA,NA,NA,NA,1,0,0,0,0,0,3,0,,C,,0,N,0,0,UK,N,0,0,0,0,520201,,,,,,,,,,,,,,,,,,,,,,,
86753091,2020-21,STU01108,FALL,>20 - 24,First-Time,Part-Time,C,C,,Black or African American,N,F,,N,First-Time Part-Time,01,520201,2.69,3.26,14,10,18,18,16,15,0,0,N,N,NA,NA,NA,NA,,,NA,NA,NA,NA,1,0,0,0,0,0,3,0,,C,,0,UK,0,0,N,N,0,0,0,0,520201,,,,,,,,,,,,,,,,,,,,,,,
86753091,2017-18,STU01109,SPRING,20 and younger,Transfer-In,Full-Time,C,C,,White,N,M,P,N,Transfer-In Full-Time,B,270101,3.81,3.95,13,10,29,29,23,21,29,28,N,N,NA,NA,NA,NA,,,NA,NA,NA,NA,1,1,0,0,0,0,3,0,,C,,-1,N,0,3,N,N,0,0,0,0,270101,,,TX,,,,,,,,,,Town/Rural,,,,,,,,,,
86753091,2016-17,STU01110,FALL,20 and younger,Transfer-In,Full-Time,N,C,,White,N,F,B,UK,Transfer-In Full-Time,B,540101,3.41,3.83,14,12,28,25,0,0,0,0,R,N,Y,NA,D,NA,F,,Y,NA,C,NA,1,0,0,0,0,0,2,0,,C,,1,N,0,1,UK,N,4,0,0,0,540101,,,,,,,,,,,,,,,,,,,,,,,
86753091,2019-20,STU01111,FALL,>20 - 24,Transfer-In,Full-Time,R,N,,Black or African American,N,M,P,N,Transfer-In Full-Time,B,510904,3.5,3.48,14,11,31,25,22,18,24,22,R,R,N,Y,N,C,,3.79,NA,Y,NA,C,1,1,0,2,0,0,2,3,1.9,N,STEM Scholars 2019,4,N,0,3,N,N,6,2,0,0,510904,,,,,,,,Associate's Colleges,,,,,Urban,,,2,,,,2,,,
86753091,2020-21,STU01112,FALL,>20 - 24,First-Time,Part-Time,N,R,,Asian,N,F,N,N,First-Time Part-Time,B,513899,2.93,3.54,8,7,14,13,0,0,0,0,R,R,Y,Y,D,C,F,P,N,NA,N,NA,1,0,0,0,0,0,1,0,,R,Bridge Program,0,N,0,0,UK,N,0,0,0,0,513899,,,,,,,,,,,,,,,,,,,,,,,
86753091,2018-19,STU01113,FALL,>20 - 24,First-Time,Full-Time,C,N,,Unknown,UK,M,B,Y,First-Time Full-Time,02,230101,2.96,2.58,14,8,25,25,25,16,0,0,N,R,NA,Y,NA,C,,P,NA,Y,NA,D,1,0,0,0,0,0,5,0,,N,,3,N,0,4,N,N,0,0,0,0,230101,,,,,,,,,,,,,,,,,,,,,,,
86753091,2018-19,STU01114,SUMMER,20 and younger,Transfer-In,Full-Time,C,C,,Black or African American,N,M,C,N,Transfer-In Full-Time,03,270101,3.51,3.68,10,8,30,26,0,0,0,0,N,N,NA,NA,NA,NA,,,NA,NA,NA,NA,1,0,0,0,0,0,1,0,,C,,0,UK,0,-1,N,N,0,3,0,0,270101,,,,,,,,,,,,,,,,,,,,3,,,
86753091,2016-17,STU01115,FALL,>20 - 24,First-Time,Full-Time,R,N,UK,Hispanic,H,M,B,UK,First-Time Full-Time,B,230101,4,4,15,11,0,0,0,0,0,0,R,R,Y,Y,NC,C,F,2.36,NA,Y,NA,D,0,0,0,0,0,0,1,0,,N,,-1,N,0,1,Y,N,0,0,0,0,230101,,,,,,,,,,,,,,,,,,,,,,,
86753091,2017-18,STU01116,SPRING,Older than 24,First-Time,Full-Time,C,C,,White,N,F,A,N,First-Time Full-Time,03,131202,3.04,2.78,20,14,24,18,24,16,28,25,N,N,NA,NA,NA,NA,,,NA,NA,NA,NA,1,1,0,2,4,0,3,0,2.2,C,,4,N,0,3,N,N,0,2,4,0,131202,CA,,CA,CA,,Baccalaureate Colleges,,Baccalaureate Colleges,Baccalaureate Colleges,,,,,,,2,,,,2,,,
86753091,2016-17,STU01117,FALL,>20 - 24,Transfer-In,Full-Time,C,C,,White,N,F,B,N,Transfer-In Full-Time,B,513899,3.49,4,20,19,27,27,0,0,0,0,N,N,NA,NA,NA,NA,,,NA,NA,NA,NA,1,0,0,0,0,0,4,0,,C,STEM Scholars 2019,5,N,0,0,N,N,0,0,0,0,513899,,,,,,,,,,,,,,,,,,,,,,,
86753091,2019-20,STU01118,FALL,>20 - 24,Transfer-In,Full-Time,C,C,UK,White,N,F,B,N,Transfer-In Full-Time,B,540101,3.82,3.87,14,14,0,0,0,0,0,0,N,N,NA,NA,NA,NA,,,NA,NA,NA,NA,0,0,0,0,0,0,1,0,,C,,6,N,0,4,N,N,0,0,0,0,540101,,,,,,,,,,,,,,,,,,,,,,,
86753091,2016-17,STU01119,SPRING,20 and younger,First-Time,Full-Time,N,N,,Hispanic,H,M,B,N,First-Time Full-Time,B,270101,3.46,2.88,18,12,29,18,27,17,31,28,R,R,Y,N,NC,N,W,,Y,Y,D,C,1,0,0,0,0,0,4,0,,N,,3,N,0,-1,Y,N,5,0,0,0,270101,,,,,,,,,,,,,,,,,,,,,,,
86753091,2018-19,STU01120,FALL,Older than 24,First-Time,Part-Time,C,C,,Two or More Races,N,M,A,N,First-Time Part-Time,B,540101,4,3.48,7,6,14,10,0,0,0,0,N,N,NA,NA,NA,NA,,,NA,NA,NA,NA,1,0,0,0,0,0,3,0,,C,First Year Success,1,UK,0,2,N,N,0,0,0,0,540101,,,,,,,,,,,,,,,,,,,,,,,
86753091,2016-17,STU01121,FALL,>20 - 24,First-Time,Full-Time,N,N,,Black or African American,N,M,B,Y,First-Time Full-Time,B,520201,1.79,1.61,14,11,24,11,0,0,0,0,R,R,Y,Y,D,C,F,2.32,Y,Y,C,C,1,0,0,0,0,0,3,0,,N,,0,N,0,0,N,N,0,0,0,0,520201,,,,,,,,,,,,,,,,,,,,,,,
86753091,2020-21,STU01122,FALL,>20 - 24,Re-admit,Full-Time,R,N,,White,N,F,,N,Re-admit Full-Time,A,510904,3.01,3.08,11,8,26,19,0,0,0,0,R,R,Y,Y,NC,D,I,W,NA,Y,NA,C,1,1,0,0,0,0,3,2,,N,,6,N,0,4,N,N,0,0,0,0,510904,,,OH,,,,,Master's Colleges & Universities,,,,,Urban,,,,,,,,,,
86753091,2019-20,STU01123,FALL,20 and younger,First-Time,Full-Time,C,C,,White,N,F,N,Y,First-Time Full-Time,B,240101,1.15,2.26,15,15,33,21,27,18,0,0,N,N,NA,NA,NA,NA,,,NA,NA,NA,NA,1,0,0,0,0,0,2,0,,C,Bridge Program,1,N,0,2,N,N,0,0,0,0,240101,,,,,,,,,,,,,,,,,,,,,,,
86753091,2017-18,STU01124,SPRING,>20 - 24,First-Time,Full-Time,C,R,,Hispanic,H,M,P,UK,First-Time Full-Time,03,520201,1.66,1.89,13,9,32,16,0,0,0,0,N,R,NA,Y,NA,C,,2.84,NA,NA,NA,NA,1,0,0,0,0,0,5,0,,R,,0,N,-1,0,N,N,0,0,0,0,520201,,,,,,,,,,,,,,,,,,,,,,,
86753091,2017-18,STU01125,SPRING,>20 - 24,First-Time,Full-Time,C,UK,,White,N,F,B,Y,First-Time Full-Time,03,510904,3.69,4,15,15,25,25,0,0,0,0,N,UK,NA,UK,NA,UK,,,NA,UK,NA,UK,1,0,0,0,0,0,2,0,,UK,,4,N,-1,2,UK,N,0,2,0,0,510904,,,,,,,,,,,,,,,,,,,,2,,,
86753091,2017-18,STU01126,FALL,20 and younger,Transfer-In,Full-Time,C,C,,Hispanic,H,M,A,UK,Transfer-In Full-Time,B,513899,4,3.91,15,15,37,37,24,21,0,0,N,N,NA,NA,NA,NA,,,NA,NA,NA,NA,1,0,0,0,0,0,1,0,,C,,6,N,0,3,N,Fall 2020,4,0,0,0,513899,,,,,,,,,,,,,,,,,,,,,,,
86753091,2018-19,STU01127,SPRING,20 and younger,Re-admit,Full-Time,C,C,,Asian,N,M,B,N,Re-admit Full-Time,B,540101,1.73,2.45,9,8,28,25,32,29,33,30,N,N,NA,NA,NA,NA,,,NA,NA,NA,NA,1,0,0,0,0,0,3,0,,C,,0,N,0,3,N,N,5,2,0,0,540101,,,,,,,,,,,,,,,,,,,,2,,,
86753091,2020-21,STU01128,SUMMER,>20 - 24,Transfer-In,Full-Time,N,C,,White,N,F,N,UK,Transfer-In Full-Time,03,540101,2.01,2,15,7,28,20,17,12,0,0,R,N,Y,NA,D,NA,W,,Y,NA,D,NA,1,0,0,0,0,0,4,0,,C,,2,N,2,4,N,Fall 2019,0,0,0,0,540101,,,,,,,,,,,,,,,,,,,,,,,
86753091,2016-17,STU01129,FALL,20 and younger,Transfer-In,Part-Time,N,N,,White,N,F,B,UK,Transfer-In Part-Time,B,510904,2.23,1.49,3,2,0,0,0,0,0,0,R,R,Y,Y,NC,C,W,3.78,Y,N,C,N,0,0,0,0,0,0,1,0,,N,,0,N,-1,4,N,Fall 2020,0,0,0,0,510904,,,,,,,,,,,,,,,,,,,,,,,
86753091,2016-17,STU01130,FALL,20 and younger,First-Time,Full-Time,C,C,UK,White,N,M,P,N,First-Time Full-Time,B,131202,3.61,4,14,12,33,33,27,26,0,0,N,N,NA,NA,NA,NA,,,NA,NA,NA,NA,1,0,0,0,0,0,5,0,,C,,5,N,0,4,N,N,0,0,0,0,131202,,,,,,,,,,,,,,,,,,,,,,,
86753091,2018-19,STU01131,SPRING,>20 - 24,First-Time,Full-Time,UK,C,,White,N,F,N,N,First-Time Full-Time,B,520201,3.02,3.29,16,14,25,22,30,29,0,0,UK,N,UK,NA,UK,NA,,,UK,NA,UK,NA,1,0,0,0,0,0,2,0,,C,,5,N,0,-1,N,N,0,0,0,0,520201,,,,,,,,,,,,,,,,,,,,,,,
86753091,2020-21,STU01132,FALL,20 and younger,First-Time,Full-Time,C,C,DE,White,N,M,B,N,First-Time Full-Time,03,420101,3.66,3.69,16,16,29,22,31,29,0,0,N,N,NA,NA,NA,NA,,,NA,NA,NA,NA,1,0,0,2,0,0,1,0,2.2,C,,0,N,0,0,N,Spring 2021,0,2,0,0,420101,,,,,,,,,,,,,,,,2,,,,2,,,
86753091,2018-19,STU01133,FALL,>20 - 24,First-Time,Full-Time,R,C,,Hispanic,H,F,A,N,First-Time Full-Time,B,513899,2.97,3.72,19,14,32,27,19,18,30,29,R,N,Y,NA,C,NA,2.9,,NA,NA,NA,NA,1,0,0,0,0,0,3,0,,C,,0,P,-1,-1,N,Fall 2019,0,0,0,0,513899,,,,,,,,,,,,,,,,,,,,,,,
86753091,2020-21,STU01134,SPRING,20 and younger,First-Time,Full-Time,C,UK,,Hispanic,H,F,B,N,First-Time Full-Time,B,261504,3.82,3.68,15,13,29,29,0,0,0,0,N,UK,NA,UK,NA,UK,,,NA,UK,NA,UK,1,0,0,0,0,0,3,0,,UK,,1,UK,1,3,N,N,4,0,0,0,261504,,,,,,,,,,,,,,,,,,,,,,,
86753091,2020-21,STU01135,FALL,>20 - 24,First-Time,Full-Time,R,C,UK,White,N,M,B,Y,First-Time Full-Time,B,230101,3.58,3.38,19,19,36,31,26,24,26,18,R,N,Y,NA,C,NA,3.66,,NA,NA,NA,NA,1,0,0,2,0,0,4,0,2,C,,0,N,0,-1,UK,N,5,2,0,0,230101,,,,,,,,,,,,,,,,2,,,,2,,,
86753091,2017-18,STU01136,SUMMER,20 and younger,First-Time,Part-Time,C,C,,Nonresident alien,N,X,N,N,First-Time Part-Time,B,110701,3.91,4,7,5,14,13,19,18,14,14,N,N,NA,NA,NA,NA,,,NA,NA,NA,NA,1,0,0,0,0,0,2,0,,C,,0,Y,-1,1,N,N,0,0,0,0,110701,,,,,,,,,,,,,,,,,,,,,,,
86753091,2020-21,STU01137,FALL,20 and younger,Transfer-In,Full-Time,N,R,UK,White,N,M,B,Y,Transfer-In Full-Time,A,240101,2.41,2.58,13,11,28,22,0,0,0,0,R,R,Y,UK,C,UK,2.85,,Y,NA,D,NA,1,0,0,0,0,0,3,0,,R,,-1,N,-1,-1,N,N,0,0,0,0,240101,,,,,,,,,,,,,,,,,,,,,,,
86753091,2018-19,STU01138,FALL,20 and younger,First-Time,Full-Time,R,C,,Two or More Races,N,M,B,Y,First-Time Full-Time,B,131202,4,4,17,17,0,0,0,0,0,0,R,N,N,NA,N,NA,,,NA,NA,NA,NA,0,0,0,0,0,0,1,0,,C,,0,N,2,-1,N,N,0,2,0,0,131202,,,,,,,,,,,,,,,,,,,,2,,,
86753091,2020-21,STU01139,SPRING,Older than 24,Transfer-In,Full-Time,N,C,UK,Black or African American,N,F,B,Y,Transfer-In Full-Time,B,261504,2.75,2.79,15,13,27,24,28,16,0,0,R,N,Y,NA,C,NA,2.12,,Y,NA,C,NA,1,1,0,0,0,0,2,1,,C,,6,N,0,3,N,N,0,0,0,0,261504,,,AZ,,,,,Associate's Colleges,,,,,Urban,,,,,,,,,,
86753091,2016-17,STU01140,SPRING,>20 - 24,Transfer-In,Full-Time,C,C,,Hispanic,H,F,C,N,Transfer-In Full-Time,03,110701,3.73,4,14,14,28,27,30,26,31,26,N,N,NA,NA,NA,NA,,,NA,NA,NA,NA,1,1,0,0,0,2,2,0,,C,,-1,N,0,3,N,N,7,0,0,2,110701,,AZ,AZ,,AZ,,,,,,,Town/Rural,Town/Rural,,Town/Rural,,,2,,,,2,
86753091,2016-17,STU01141,FALL,>20 - 24,First-Time,Part-Time,C,N,,White,N,F,P,Y,First-Time Part-Time,01,540101,3.63,3.46,7,7,14,13,18,13,13,12,N,R,NA,UK,NA,UK,,,NA,Y,NA,C,1,0,0,0,0,0,4,0,,N,,-1,N,0,-1,Y,N,0,0,0,0,540101,,,,,,,,,,,,,,,,,,,,,,,
86753091,2020-21,STU01142,FALL,>20 - 24,First-Time,Full-Time,C,C,,White,N,F,B,N,First-Time Full-Time,B,230101,4,3.18,19,18,0,0,0,0,0,0,N,N,NA,NA,NA,NA,,,NA,NA,NA,NA,0,0,0,0,0,0,1,0,,C,,-1,UK,0,3,N,N,0,0,0,0,230101,,,,,,,,,,,,,,,,,,,,,,,
86753091,2019-20,STU01143,FALL,20 and younger,Re-admit,Full-Time,C,C,,White,N,M,P,N,Re-admit Full-Time,B,240101,3.41,4,20,18,26,26,0,0,0,0,N,N,NA,NA,NA,NA,,,NA,NA,NA,NA,1,1,0,0,0,0,3,2,,C,,0,N,0,3,N,N,0,0,0,0,240101,,,CA,,,,,Master's Colleges & Universities,,,,,Urban,,,,,,,,,,
86753091,2018-19,STU01144,FALL,>20 - 24,First-Time,Part-Time,C,C,,Hispanic,H,F,B,N,First-Time Part-Time,B,110701,3.87,4,5,4,12,11,14,14,11,8,N,N,NA,NA,NA,NA,,,NA,NA,NA,NA,1,1,0,0,0,0,1,2,,C,,5,Y,0,2,N,N,6,0,0,0,110701,,,TX,,,,,,,,,,Suburb,,,,,,,,,,
86753091,2020-21,STU01145,WINTER,20 and younger,First-Time,Full-Time,C,C,,Asian,N,F,A,Y,First-Time Full-Time,B,510904,1.11,1.28,13,9,22,14,0,0,0,0,N,N,NA,NA,NA,NA,,,NA,NA,NA,NA,1,0,0,0,0,0,2,0,,C,,2,N,0,3,N,Spring 2020,0,0,0,0,510904,,,,,,,,,,,,,,,,,,,,,,,
86753091,2017-18,STU01146,SPRING,Older than 24,First-Time,Part-Time,N,N,,White,N,F,B,Y,First-Time Part-Time,03,240101,2.88,2.77,4,3,11,8,0,0,0,0,R,R,Y,N,C,N,3.63,,N,Y,N,D,1,0,0,0,0,0,2,0,,N,,-1,N,0,0,N,Spring 2021,0,0,0,0,240101,,,,,,,,,,,,,,,,,,,,,,,
86753091,2016-17,STU01147,FALL,>20 - 24,First-Time,Full-Time,C,C,,Hispanic,H,F,B,UK,First-Time Full-Time,02,420101,3.61,3.07,14,12,28,25,29,25,28,28,N,N,NA,NA,NA,NA,,,NA,NA,NA,NA,1,0,0,0,0,0,3,0,,C,,-1,N,0,3,N,N,4,0,0,0,420101,,,,,,,,,,,,,,,,,,,,,,,
86753091,2018-19,STU01148,FALL,>20 - 24,Re-admit,Full-Time,N,N,,White,N,M,N,Y,Re-admit Full-Time,02,420101,3.24,3.52,20,20,27,27,0,0,0,0,R,R,N,Y,N,C,,P,N,Y,N,D,1,1,0,0,0,0,2,2,,N,Bridge Program,6,N,0,0,UK,N,0,0,0,0,420101,,,CA,,,,,Baccalaureate Colleges,,,,,Urban,,,,,,,,,,
86753091,2019-20,STU01149,FALL,20 and younger,First-Time,Full-Time,C,C,,Asian,N,M,B,N,First-Time Full-Time,B,422814,3.96,3.48,17,14,32,32,26,23,30,27,N,N,NA,NA,NA,NA,,,NA,NA,NA,NA,1,1,0,0,0,0,3,0,,C,,4,N,0,2,N,N,0,2,0,0,422814,,,TX,,,,,Master's Colleges & Universities,,,,,Suburb,,,,,,,2,,,
86753091,2017-18,STU01150,FALL,20 and younger,First-Time,Full-Time,C,C,,White,N,M,B,N,First-Time Full-Time,B,422814,4,3.53,18,16,27,27,26,23,31,26,N,N,NA,NA,NA,NA,,,NA,NA,NA,NA,1,1,0,0,0,0,1,1,,C,STEM Scholars 2019,-1,N,0,-1,N,N,0,0,0,0,422814,,,FL,,,,,Master's Colleges & Universities,,,,,Urban,,,,,,,,,,
86753091,2020-21,STU01151,FALL,20 and younger,Transfer-In,Full-Time,C,C,,Black or African American,N,F,B,Y,Transfer-In Full-Time,A,110701,2.69,3.06,19,15,38,30,22,16,24,24,N,N,NA,NA,NA,NA,,,NA,NA,NA,NA,1,1,0,0,0,0,4,3,,C,First Year Success,0,N,1,3,N,N,0,0,0,0,110701,,,NJ,,,,,Master's Colleges & Universities,,,,,Urban,,,,,,,,,,
86753091,2019-20,STU01152,SUMMER,Older than 24,First-Time,Full-Time,N,C,,Black or African American,N,M,B,N,First-Time Full-Time,A,510904,3.71,3.41,15,15,24,22,26,24,24,21,R,N,Y,NA,C,NA,1.45,,Y,NA,C,NA,1,0,0,0,0,0,2,0,,C,,4,N,0,4,N,N,0,0,0,0,510904,,,,,,,,,,,,,,,,,,,,,,,
86753091,2017-18,STU01153,FALL,>20 - 24,Transfer-In,Full-Time,C,C,,Two or More Races,N,F,B,N,Transfer-In Full-Time,B,230101,2.64,3.12,14,7,25,20,27,20,29,23,N,N,NA,NA,NA,NA,,,NA,NA,NA,NA,1,0,0,0,0,0,2,0,,C,,0,N,0,0,N,N,0,0,0,0,230101,,,,,,,,,,,,,,,,,,,,,,,
86753091,2016-17,STU01154,FALL,20 and younger,First-Time,Full-Time,C,C,,Hispanic,H,M,,N,First-Time Full-Time,B,131202,1.91,1.78,14,8,31,26,0,0,0,0,N,N,NA,NA,NA,NA,,,NA,NA,NA,NA,1,0,0,0,0,0,2,0,,C,,4,N,0,0,N,N,0,0,0,0,131202,,,,,,,,,,,,,,,,,,,,,,,
86753091,2020-21,STU01155,SPRING,20 and younger,First-Time,Full-Time,C,N,,White,N,F,N,UK,First-Time Full-Time,B,540101,3.39,2.91,18,16,22,13,27,27,0,0,N,R,NA,Y,NA,C,,3.18,NA,Y,NA,D,1,0,0,0,0,0,2,0,,N,,0,N,0,0,N,N,0,2,0,0,540101,,,,,,,,,,,,,,,,,,,,2,,,
86753091,2016-17,STU01156,FALL,Older than 24,Re-admit,Full-Time,R,C,,Hispanic,H,M,B,Y,Re-admit Full-Time,B,513899,2.31,2.53,17,12,29,28,25,21,0,0,R,N,N,NA,N,NA,,,NA,NA,NA,NA,1,1,0,3,0,0,1,1,3.2,C,Bridge Program,1,N,0,1,N,N,0,3,0,0,513899,,,NY,,,,,Associate's Colleges,,,,,Town/Rural,,,3,,,,3,,,
86753091,2020-21,STU01157,SUMMER,20 and younger,Transfer-In,Full-Time,C,C,,Two or More Races,N,F,B,Y,Transfer-In Full-Time,B,520201,4,4,14,12,25,23,31,20,27,27,N,N,NA,NA,NA,NA,,,NA,NA,NA,NA,1,0,0,0,0,0,2,0,,C,,2,N,0,0,N,N,0,0,0,0,520201,,,,,,,,,,,,,,,,,,,,,,,
86753091,2020-21,STU01158,SPRING,Older than 24,First-Time,Full-Time,C,R,,Nonresident alien,N,M,B,Y,First-Time Full-Time,C1,422814,2.3,2.03,18,16,28,20,0,0,0,0,N,R,NA,Y,NA,D,,W,NA,NA,NA,NA,1,0,0,0,0,0,2,0,,R,,0,UK,0,0,N,N,0,0,0,0,422814,,,,,,,,,,,,,,,,,,,,,,,
86753091,2020-21,STU01159,FALL,>20 - 24,First-Time,Part-Time,C,C,,Hispanic,H,M,,Y,First-Time Part-Time,C2,230101,3.48,3.38,4,3,0,0,0,0,0,0,N,N,NA,NA,NA,NA,,,NA,NA,NA,NA,0,1,0,0,0,0,1,1,,C,,0,N,-1,0,UK,N,0,0,0,0,230101,,,MA,,,,,Baccalaureate Colleges,,,,,Urban,,,,,,,,,,
86753091,2018-19,STU01160,FALL,20 and younger,First-Time,Full-Time,C,N,,White,N,F,N,N,First-Time Full-Time,B,230101,2.09,2.42,19,14,28,20,26,18,25,21,N,R,NA,Y,NA,C,,4,NA,Y,NA,C,1,1,0,0,0,0,2,1,,N,STEM Scholars 2019,0,UK,0,4,N,N,0,0,0,0,230101,,,VA,,,,,Master's Colleges & Universities,,,,,Urban,,,,,,,,,,
86753091,2020-21,STU01161,FALL,20 and younger,First-Time,Full-Time,C,C,,Hispanic,H,M,B,N,First-Time Full-Time,B,131202,3.84,3.79,17,16,30,26,28,28,0,0,N,N,NA,NA,NA,NA,,,NA,NA,NA,NA,1,0,0,0,0,0,1,0,,C,,0,N,0,3,N,N,0,0,0,0,131202,,,,,,,,,,,,,,,,,,,,,,,
86753091,2019-20,STU01162,FALL,Older than 24,First-Time,Part-Time,R,C,,White,N,M,B,N,First-Time Part-Time,A,230101,3.38,3.07,8,6,0,0,0,0,0,0,R,N,Y,NA,C,NA,4,,NA,NA,NA,NA,0,1,0,0,0,0,1,0,,C,,1,N,0,1,UK,N,0,0,0,0,230101,,,CA,,,,,,,,,,Town/Rural,,,,,,,,,,
86753091,2018-19,STU01163,SPRING,>20 - 24,First-Time,Full-Time,R,C,,Unknown,UK,F,B,Y,First-Time Full-Time,02,131202,3.57,4,16,16,20,17,27,27,25,25,R,N,N,NA,N,NA,,,NA,NA,NA,NA,1,1,0,0,0,3,2,3,,C,STEM Scholars 2019,0,Y,0,2,N,Fall 2020,0,0,0,3,131202,,,,,,,,,,,,Town/Rural,Town/Rural,,Town/Rural,,,3,,,,3,
86753091,2018-19,STU01164,SPRING,20 and younger,First-Time,Full-Time,C,C,SE,Nonresident alien,N,M,P,N,First-Time Full-Time,B,261504,3.94,4,14,11,22,21,0,0,0,0,N,N,NA,NA,NA,NA,,,NA,NA,NA,NA,1,0,0,0,0,0,1,0,,C,,4,UK,0,0,N,N,6,0,0,0,261504,,,,,,,,,,,,,,,,,,,,,,,
86753091,2018-19,STU01165,FALL,20 and younger,First-Time,Full-Time,N,C,,Asian,N,F,B,N,First-Time Full-Time,02,513899,4,3.17,17,13,22,14,27,21,0,0,R,N,Y,NA,C,NA,2.42,,N,NA,N,NA,1,0,0,0,0,0,2,0,,C,,2,P,-1,3,N,N,0,0,0,0,513899,,,,,,,,,,,,,,,,,,,,,,,
86753091,2016-17,STU01166,FALL,20 and younger,First-Time,Full-Time,C,C,,Hispanic,H,M,C,N,First-Time Full-Time,B,110701,3.14,2.85,14,8,0,0,0,0,0,0,N,N,NA,NA,NA,NA,,,NA,NA,NA,NA,0,0,0,0,0,0,1,0,,C,,3,N,2,2,N,N,0,0,0,0,110701,,,,,,,,,,,,,,,,,,,,,,,
86753091,2017-18,STU01167,FALL,Older than 24,First-Time,Part-Time,C,N,,White,N,M,C,Y,First-Time Part-Time,C2,110701,3.23,3.51,6,5,15,15,17,16,0,0,N,R,NA,Y,NA,C,,3.48,NA,Y,NA,C,1,0,0,0,0,0,2,0,,N,,3,N,0,2,N,N,0,0,0,0,110701,,,,,,,,,,,,,,,,,,,,,,,
86753091,2018-19,STU01168,SPRING,20 and younger,Transfer-In,Full-Time,C,C,,Black or African American,N,F,N,N,Transfer-In Full-Time,B,131202,3.14,2.73,11,8,24,16,17,16,0,0,N,N,NA,NA,NA,NA,,,NA,NA,NA,NA,1,0,0,0,0,0,4,0,,C,,0,UK,0,1,Y,N,0,0,0,0,131202,,,,,,,,,,,,,,,,,,,,,,,
86753091,2020-21,STU01169,SPRING,20 and younger,Re-admit,Full-Time,C,N,,White,N,F,P,Y,Re-admit Full-Time,C1,110701,4,3.88,17,13,25,25,29,28,29,26,N,R,NA,N,NA,N,,,NA,N,NA,N,1,1,0,0,0,0,1,0,,N,,1,UK,0,-1,UK,N,0,0,0,0,110701,,,VA,,,,,,,,,,Suburb,,,,,,,,,,
86753091,2019-20,STU01170,FALL,20 and younger,First-Time,Full-Time,N,N,,White,N,M,B,N,First-Time Full-Time,B,510904,3.81,3.9,9,9,28,23,34,34,17,17,R,R,Y,Y,D,C,W,3.1,N,Y,N,D,1,0,0,0,0,0,1,0,,N,,3,N,0,4,N,Fall 2019,0,0,0,0,510904,,,,,,,,,,,,,,,,,,,,,,,
86753091,2016-17,STU01171,FALL,>20 - 24,First-Time,Full-Time,N,N,,Hispanic,H,F,B,N,First-Time Full-Time,A,510904,3.16,2.79,18,14,34,23,32,26,23,23,R,R,Y,Y,C,D,3.78,F,Y,Y,D,D,1,0,0,0,0,0,4,0,,N,STEM Scholars 2019,4,N,0,1,UK,N,0,0,0,0,510904,,,,,,,,,,,,,,,,,,,,,,,
86753091,2018-19,STU01172,WINTER,20 and younger,First-Time,Full-Time,C,C,,White,N,F,B,N,First-Time Full-Time,B,420101,2.93,3.57,13,12,30,26,29,24,29,26,N,N,NA,NA,NA,NA,,,NA,NA,NA,NA,1,1,0,0,0,0,2,1,,C,,0,N,0,0,Y,N,0,0,0,0,420101,,,CA,,,,,Baccalaureate Colleges,,,,,Town/Rural,,,,,,,,,,
86753091,2018-19,STU01173,SPRING,20 and younger,Transfer-In,Full-Time,C,C,UK,White,N,F,B,N,Transfer-In Full-Time,03,520201,3.92,4,17,17,28,26,0,0,0,0,N,N,NA,NA,NA,NA,,,NA,NA,NA,NA,1,0,0,0,0,0,4,0,,C,,0,N,-1,0,N,N,0,0,0,0,520201,,,,,,,,,,,,,,,,,,,,,,,
86753091,2018-19,STU01174,SPRING,>20 - 24,First-Time,Full-Time,N,C,,Asian,N,F,B,N,First-Time Full-Time,02,131202,2.11,2.98,16,10,0,0,0,0,0,0,R,N,Y,NA,D,NA,M,,Y,NA,C,NA,0,0,0,0,0,0,1,0,,C,,1,N,0,4,N,N,0,0,0,0,131202,,,,,,,,,,,,,,,,,,,,,,,
86753091,2020-21,STU01175,FALL,20 and younger,First-Time,Full-Time,N,C,,Two or More Races,N,F,A,N,First-Time Full-Time,02,230101,2.36,2.84,13,11,30,26,0,0,0,0,R,N,Y,NA,D,NA,F,,Y,NA,C,NA,1,0,0,0,0,0,2,0,,C,,5,N,0,4,UK,N,4,0,0,0,230101,,,,,,,,,,,,,,,,,,,,,,,
86753091,2020-21,STU01176,SPRING,20 and younger,First-Time,Full-Time,N,C,,Black or African American,N,M,N,N,First-Time Full-Time,B,420101,4,3.7,14,11,24,19,35,26,0,0,R,N,Y,NA,C,NA,3.33,,Y,NA,D,NA,1,0,0,0,0,0,1,0,,C,,0,N,0,-1,UK,Spring 2021,0,0,0,0,420101,,,,,,,,,,,,,,,,,,,,,,,
86753091,2018-19,STU01177,FALL,Older than 24,First-Time,Part-Time,C,UK,,Hispanic,H,F,B,Y,First-Time Part-Time,C1,230101,2.21,2.22,7,4,0,0,0,0,0,0,N,UK,NA,UK,NA,UK,,,NA,UK,NA,UK,0,0,0,0,0,0,1,0,,UK,,5,Y,0,4,N,N,0,0,0,0,230101,,,,,,,,,,,,,,,,,,,,,,,
86753091,2020-21,STU01178,FALL,>20 - 24,Re-admit,Full-Time,C,N,,Black or African American,N,M,A,Y,Re-admit Full-Time,02,270101,3.13,2.69,15,12,33,25,27,23,0,0,N,R,NA,N,NA,N,,,NA,Y,NA,C,1,0,0,0,0,0,4,0,,N,,0,N,0,1,N,Fall 2020,0,0,0,0,270101,,,,,,,,,,,,,,,,,,,,,,,
86753091,2017-18,STU01179,FALL,Older than 24,Transfer-In,Part-Time,N,C,,Hispanic,H,M,,Y,Transfer-In Part-Time,A,420101,3.24,3.07,10,8,0,0,0,0,0,0,R,N,Y,NA,C,NA,3.96,,Y,NA,C,NA,0,1,0,0,0,0,1,2,,C,,0,UK,0,4,N,N,0,0,0,0,420101,,,,,,,,Master's Colleges & Universities,,,,,Urban,,,,,,,,,,
86753091,2016-17,STU01180,SPRING,20 and younger,First-Time,Full-Time,N,C,,White,N,F,N,N,First-Time Full-Time,B,510904,2.59,3.15,14,13,35,32,0,0,0,0,R,N,Y,NA,D,NA,M,,Y,NA,C,NA,1,0,0,0,0,0,1,0,,C,,0,UK,0,-1,N,N,0,0,0,0,510904,,,,,,,,,,,,,,,,,,,,,,,
86753091,2019-20,STU01181,FALL,20 and younger,Transfer-In,Full-Time,C,N,UK,White,N,F,C,N,Transfer-In Full-Time,B,520201,3.95,4,15,15,21,21,25,24,27,23,N,R,NA,Y,NA,C,,2.86,NA,Y,NA,D,1,0,0,0,0,0,1,0,,N,,6,N,2,1,N,N,0,0,0,0,520201,,,,,,,,,,,,,,,,,,,,,,,
86753091,2017-18,STU01182,FALL,20 and younger,Transfer-In,Part-Time,C,R,,White,N,M,N,N,Transfer-In Part-Time,B,110701,2.33,2.89,12,9,0,0,0,0,0,0,N,R,NA,Y,NA,NC,,W,NA,NA,NA,NA,0,1,0,0,0,0,1,2,,R,,0,N,0,3,N,Fall 2019,0,0,0,0,110701,,,TX,,,,,,,,,,Urban,,,,,,,,,,
86753091,2020-21,STU01183,FALL,20 and younger,First-Time,Full-Time,C,C,SE,White,N,M,B,N,First-Time Full-Time,A,422814,3.74,3.41,17,17,21,16,0,0,0,0,N,N,NA,NA,NA,NA,,,NA,NA,NA,NA,1,1,0,0,0,0,5,2,,C,,0,N,0,0,N,N,0,0,0,0,422814,,,VA,,,,,Associate's Colleges,,,,,Urban,,,,,,,,,,
86753091,2019-20,STU01184,SPRING,20 and younger,First-Time,Full-Time,C,C,DE,White,N,P,B,N,First-Time Full-Time,B,261504,2.84,2.55,15,10,32,21,22,21,0,0,N,N,NA,NA,NA,NA,,,NA,NA,NA,NA,1,0,0,0,0,0,2,0,,C,,0,N,-1,0,N,N,0,0,0,0,261504,,,,,,,,,,,,,,,,,,,,,,,
86753091,2016-17,STU01185,FALL,Older than 24,Re-admit,Part-Time,N,C,,Unknown,UK,F,P,N,Re-admit Part-Time,B,540101,3.52,2.96,11,11,7,6,0,0,0,0,R,N,N,NA,N,NA,,,N,NA,N,NA,1,0,0,0,0,0,3,0,,C,,-1,N,0,1,N,N,0,0,0,0,540101,,,,,,,,,,,,,,,,,,,,,,,
86753091,2019-20,STU01186,FALL,20 and younger,First-Time,Full-Time,R,C,,Asian,N,M,N,UK,First-Time Full-Time,03,110701,3.42,3.13,11,9,20,16,0,0,0,0,R,N,Y,NA,C,NA,3.45,,NA,NA,NA,NA,1,0,0,0,0,0,2,0,,C,,3,P,0,4,N,Spring 2020,0,0,0,0,110701,,,,,,,,,,,,,,,,,,,,,,,
86753091,2016-17,STU01187,SPRING,20 and younger,First-Time,Full-Time,R,R,SE,Nonresident alien,N,F,C,N,First-Time Full-Time,C1,540101,2.29,2.66,15,10,36,32,26,18,26,22,R,R,Y,Y,C,C,3.49,1.77,NA,NA,NA,NA,1,1,0,0,0,2,1,2,,R,First Year Success,-1,UK,1,3,N,N,0,0,0,2,540101,,TX,TX,,TX,,Master's Colleges & Universities,Master's Colleges & Universities,,Master's Colleges & Universities,,Urban,Urban,,Urban,,,2,,,,2,
86753091,2016-17,STU01188,SPRING,20 and younger,Transfer-In,Full-Time,N,C,,White,N,F,N,N,Transfer-In Full-Time,B,422814,2.7,2.6,13,11,27,20,29,28,29,20,R,N,Y,NA,NC,NA,F,,Y,NA,C,NA,1,0,0,2,0,0,4,0,2,C,STEM Scholars 2019,5,N,0,-1,N,N,0,2,0,0,422814,,,,,,,,,,,,,,,,2,,,,2,,,
86753091,2018-19,STU01189,FALL,Older than 24,Transfer-In,Part-Time,C,N,,White,N,M,N,N,Transfer-In Part-Time,B,420101,4,4,9,9,6,5,19,17,0,0,N,R,NA,Y,NA,C,,2.35,NA,Y,NA,D,1,1,0,0,0,0,1,0,,N,,1,N,1,2,N,Spring 2021,0,0,0,0,420101,,,MA,,,,,,,,,,Urban,,,,,,,,,,
86753091,2018-19,STU01190,FALL,20 and younger,First-Time,Full-Time,C,C,,Hispanic,H,F,N,N,First-Time Full-Time,B,261504,3.38,3.15,16,12,20,13,0,0,0,0,N,N,NA,NA,NA,NA,,,NA,NA,NA,NA,1,1,0,0,4,0,4,3,,C,,-1,N,0,2,N,Spring 2020,0,0,4,0,261504,CA,,CA,CA,,Baccalaureate Colleges,,Baccalaureate Colleges,Baccalaureate Colleges,,Urban,,Urban,Urban,,,,,,,,,
86753091,2016-17,STU01191,FALL,Older than 24,First-Time,Full-Time,C,R,,White,N,F,B,Y,First-Time Full-Time,B,540101,2.01,2.31,15,7,30,25,22,18,29,25,N,R,NA,N,NA,N,,,NA,NA,NA,NA,1,1,0,0,0,0,1,2,,R,,1,N,0,1,N,N,0,0,0,0,540101,,,,,,,,,,,,,,,,,,,,,,,
86753091,2019-20,STU01192,FALL,>20 - 24,First-Time,Full-Time,R,C,UK,Asian,N,M,B,N,First-Time Full-Time,02,520201,4,4,19,17,23,19,23,23,33,33,R,N,Y,NA,NC,NA,W,,NA,NA,NA,NA,1,0,0,2,0,0,1,0,1.8,C,,0,UK,0,2,Y,N,0,2,0,0,520201,,,,,,,,,,,,,,,,2,,,,2,,,
86753091,2019-20,STU01193,FALL,20 and younger,First-Time,Full-Time,C,C,DE,White,N,F,B,Y,First-Time Full-Time,B,422814,2.03,2.7,18,17,21,20,27,25,32,20,N,N,NA,NA,NA,NA,,,NA,NA,NA,NA,1,0,0,2,0,0,2,0,2,C,,1,N,0,0,Y,Fall 2019,0,2,0,0,422814,,,,,,,,,,,,,,,,2,,,,2,,,
86753091,2017-18,STU01194,FALL,20 and younger,First-Time,Full-Time,R,N,,White,N,M,P,Y,First-Time Full-Time,03,513899,2.67,2.55,17,14,29,24,0,0,0,0,R,R,N,Y,N,C,,2.61,NA,N,NA,N,1,0,0,0,0,0,1,0,,N,,0,N,0,1,N,N,0,0,0,0,513899,,,,,,,,,,,,,,,,,,,,,,,
86753091,2017-18,STU01195,SPRING,20 and younger,First-Time,Full-Time,C,C,UK,White,N,F,A,N,First-Time Full-Time,B,270101,4,3.82,10,9,0,0,0,0,0,0,N,N,NA,NA,NA,NA,,,NA,NA,NA,NA,0,0,0,0,0,0,1,0,,C,First Year Success,4,P,0,4,N,N,0,0,0,0,270101,,,,,,,,,,,,,,,,,,,,,,,
86753091,2019-20,STU01196,SPRING,>20 - 24,First-Time,Part-Time,C,C,,White,N,F,B,N,First-Time Part-Time,B,261504,3.97,4,13,13,16,15,14,14,0,0,N,N,NA,NA,NA,NA,,,NA,NA,NA,NA,1,0,0,0,0,0,1,0,,C,STEM Scholars 2019,0,N,0,0,N,N,0,0,0,0,261504,,,,,,,,,,,,,,,,,,,,,,,
86753091,2018-19,STU01197,FALL,20 and younger,First-Time,Full-Time,C,C,,White,N,M,B,Y,First-Time Full-Time,02,420101,4,4,14,14,24,22,0,0,0,0,N,N,NA,NA,NA,NA,,,NA,NA,NA,NA,1,0,0,0,0,0,2,0,,C,,0,P,0,2,Y,N,0,0,0,0,420101,,,,,,,,,,,,,,,,,,,,,,,
86753091,2018-19,STU01198,FALL,>20 - 24,First-Time,Full-Time,C,C,,Hispanic,H,F,B,N,First-Time Full-Time,02,261504,4,4,15,13,29,26,0,0,0,0,N,N,NA,NA,NA,NA,,,NA,NA,NA,NA,1,0,0,0,0,0,5,0,,C,,-1,N,0,4,N,N,0,0,0,0,261504,,,,,,,,,,,,,,,,,,,,,,,
86753091,2019-20,STU01199,FALL,>20 - 24,Transfer-In,Part-Time,N,UK,,Black or African American,N,F,C,Y,Transfer-In Part-Time,B,540101,4,3.5,8,8,20,17,17,16,14,10,R,UK,Y,UK,C,UK,2.46,,Y,UK,D,UK,1,1,0,0,0,0,4,1,,UK,,0,N,0,-1,UK,N,0,0,0,0,540101,,,FL,,,,,Master's Colleges & Universities,,,,,Urban,,,,,,,,,,
86753091,2016-17,STU01200,FALL,20 and younger,First-Time,Full-Time,C,C,,Hispanic,H,F,B,N,First-Time Full-Time,B,230101,3.82,3.79,14,14,31,31,24,24,29,26,N,N,NA,NA,NA,NA,,,NA,NA,NA,NA,1,0,0,0,0,0,2,0,,C,STEM Scholars 2019,2,N,0,3,N,N,0,0,0,0,230101,,,,,,,,,,,,,,,,,,,,,,,
86753091,2020-21,STU01201,FALL,>20 - 24,First-Time,Full-Time,C,N,,Asian,N,M,N,UK,First-Time Full-Time,02,270101,3.01,3.36,17,15,36,33,25,21,22,16,N,R,NA,Y,NA,D,,F,NA,N,NA,N,1,0,0,0,0,0,2,0,,N,First Year Success,-1,N,0,0,N,N,0,0,0,0,270101,,,,,,,,,,,,,,,,,,,,,,,
86753091,2016-17,STU01202,SPRING,20 and younger,Transfer-In,Full-Time,C,C,,White,N,M,B,N,Transfer-In Full-Time,B,131202,4,4,16,16,28,26,28,27,22,22,N,N,NA,NA,NA,NA,,,NA,NA,NA,NA,1,1,0,0,0,0,3,2,,C,,1,N,-1,4,N,Spring 2021,0,0,0,0,131202,,,IL,,,,,Associate's Colleges,,,,,Town/Rural,,,,,,,,,,
86753091,2017-18,STU01203,FALL,>20 - 24,Transfer-In,Full-Time,C,N,,White,N,P,B,N,Transfer-In Full-Time,B,422814,4,4,15,15,22,21,28,28,0,0,N,R,NA,Y,NA,C,,4,NA,N,NA,N,1,0,0,0,0,0,2,0,,N,,0,N,0,-1,Y,N,0,2,0,0,422814,,,,,,,,,,,,,,,,,,,,2,,,
86753091,2018-19,STU01204,SPRING,Older than 24,First-Time,Full-Time,C,N,,Hispanic,H,M,B,Y,First-Time Full-Time,B,510904,2.72,2.37,8,7,25,20,0,0,0,0,N,R,NA,Y,NA,C,,1.44,NA,Y,NA,C,1,0,0,0,0,0,3,0,,N,,1,N,0,1,N,N,0,0,0,0,510904,,,,,,,,,,,,,,,,,,,,,,,
86753091,2020-21,STU01205,FALL,20 and younger,First-Time,Full-Time,C,N,,Two or More Races,N,F,N,N,First-Time Full-Time,B,270101,3.58,4,11,11,23,22,0,0,0,0,N,R,NA,Y,NA,C,,3.4,NA,Y,NA,C,1,0,0,0,0,0,2,0,,N,,2,N,0,-1,N,N,0,0,0,0,270101,,,,,,,,,,,,,,,,,,,,,,,
86753091,2019-20,STU01206,FALL,>20 - 24,First-Time,Full-Time,C,C,UK,Hispanic,H,F,B,UK,First-Time Full-Time,B,131202,2.62,2.16,14,11,31,22,0,0,0,0,N,N,NA,NA,NA,NA,,,NA,NA,NA,NA,1,0,0,0,0,0,3,0,,C,,-1,N,0,3,N,N,0,0,0,0,131202,,,,,,,,,,,,,,,,,,,,,,,
86753091,2020-21,STU01207,FALL,Older than 24,First-Time,Full-Time,R,N,,Hispanic,H,M,,Y,First-Time Full-Time,02,110701,1.98,2.65,16,11,32,26,31,16,31,17,R,R,Y,Y,C,D,4,F,NA,Y,NA,C,1,0,0,0,0,0,2,0,,N,,1,N,-1,1,N,N,0,0,0,0,110701,,,,,,,,,,,,,,,,,,,,,,,
86753091,2017-18,STU01208,SPRING,Older than 24,Transfer-In,Full-Time,C,N,,Asian,N,M,P,Y,Transfer-In Full-Time,B,520201,2.24,2.18,16,11,28,26,0,0,0,0,N,R,NA,N,NA,N,,,NA,Y,NA,C,1,1,0,0,0,0,1,1,,N,,2,N,0,3,N,N,0,0,0,0,520201,,,,,,,,,,,,,Urban,,,,,,,,,,
86753091,2016-17,STU01209,FALL,>20 - 24,First-Time,Part-Time,C,R,UK,White,N,F,B,UK,First-Time Part-Time,B,510904,4,3.83,7,7,0,0,0,0,0,0,N,R,NA,Y,NA,C,,2.43,NA,NA,NA,NA,0,0,0,0,0,0,1,0,,R,,1,N,0,4,N,N,0,3,0,0,510904,,,,,,,,,,,,,,,,,,,,3,,,
86753091,2020-21,STU01210,SPRING,>20 - 24,Re-admit,Full-Time,C,R,,Hispanic,H,F,,Y,Re-admit Full-Time,03,270101,3.46,3.64,9,9,30,26,0,0,0,0,N,R,NA,Y,NA,C,,1.85,NA,NA,NA,NA,1,0,0,0,0,0,2,0,,R,,4,N,0,0,N,N,0,0,0,0,270101,,,,,,,,,,,,,,,,,,,,,,,
86753091,2016-17,STU01211,SUMMER,>20 - 24,First-Time,Part-Time,C,C,UK,White,N,F,B,UK,First-Time Part-Time,B,131202,4,4,7,7,13,11,9,7,0,0,N,N,NA,NA,NA,NA,,,NA,NA,NA,NA,1,0,0,0,0,0,1,0,,C,,0,N,0,0,N,N,0,0,0,0,131202,,,,,,,,,,,,,,,,,,,,,,,
86753091,2018-19,STU01212,FALL,20 and younger,First-Time,Full-Time,C,N,,Two or More Races,N,F,C,N,First-Time Full-Time,03,513899,1.97,1.57,18,9,0,0,0,0,0,0,N,R,NA,Y,NA,C,,3.1,NA,Y,NA,D,0,0,0,0,0,0,1,0,,N,,0,N,0,3,Y,N,0,0,0,0,513899,,,,,,,,,,,,,,,,,,,,,,,
86753091,2017-18,STU01213,FALL,20 and younger,First-Time,Full-Time,C,N,,White,N,F,,N,First-Time Full-Time,B,110701,2.94,3.05,18,15,25,19,28,25,30,23,N,R,NA,Y,NA,C,,3.47,NA,Y,NA,C,1,0,0,0,0,0,1,0,,N,,1,N,0,3,N,N,5,0,0,0,110701,,,,,,,,,,,,,,,,,,,,,,,
86753091,2017-18,STU01214,WINTER,Older than 24,First-Time,Part-Time,UK,C,,Hispanic,H,F,N,Y,First-Time Part-Time,A,422814,2.96,2.29,7,5,13,11,0,0,0,0,UK,N,UK,NA,UK,NA,,,UK,NA,UK,NA,1,0,0,0,0,0,3,0,,C,,1,UK,0,1,N,Spring 2020,0,0,0,0,422814,,,,,,,,,,,,,,,,,,,,,,,
86753091,2018-19,STU01215,SPRING,Older than 24,First-Time,Full-Time,C,C,,Black or African American,N,F,B,N,First-Time Full-Time,B,540101,3.82,3.93,16,12,0,0,0,0,0,0,N,N,NA,NA,NA,NA,,,NA,NA,NA,NA,0,0,0,0,0,0,1,0,,C,Bridge Program,1,N,0,4,N,Fall 2019,0,0,0,0,540101,,,,,,,,,,,,,,,,,,,,,,,
86753091,2020-21,STU01216,SPRING,Older than 24,Transfer-In,Full-Time,C,R,,Two or More Races,N,F,N,Y,Transfer-In Full-Time,B,420101,3.36,3.15,17,17,27,23,0,0,0,0,N,R,NA,Y,NA,C,,3.31,NA,NA,NA,NA,1,0,0,0,0,0,2,0,,R,,0,N,0,4,N,Fall 2020,0,0,0,0,420101,,,,,,,,,,,,,,,,,,,,,,,
86753091,2018-19,STU01217,FALL,Older than 24,First-Time,Part-Time,C,C,,White,N,F,B,N,First-Time Part-Time,B,513899,3.98,3.87,10,9,20,20,0,0,0,0,N,N,NA,NA,NA,NA,,,NA,NA,NA,NA,1,1,0,0,0,0,3,2,,C,,0,N,1,2,N,Spring 2020,0,0,0,0,513899,,,NC,,,,,,,,,,Town/Rural,,,,,,,,,,
86753091,2019-20,STU01218,FALL,Older than 24,Transfer-In,Full-Time,C,C,,Two or More Races,N,M,B,UK,Transfer-In Full-Time,A,422814,2.97,3.44,16,15,32,28,0,0,0,0,N,N,NA,NA,NA,NA,,,NA,NA,NA,NA,1,0,0,0,0,0,4,0,,C,,4,UK,0,4,N,N,0,0,0,0,422814,,,,,,,,,,,,,,,,,,,,,,,
86753091,2020-21,STU01219,FALL,Older than 24,Transfer-In,Part-Time,C,N,,White,N,F,B,Y,Transfer-In Part-Time,A,422814,3.89,3.87,8,7,23,20,16,15,10,10,N,R,NA,Y,NA,C,,2.23,NA,Y,NA,C,1,0,0,0,0,0,2,0,,N,,1,N,0,1,N,N,6,0,0,0,422814,,,,,,,,,,,,,,,,,,,,,,,
86753091,2018-19,STU01220,SPRING,20 and younger,First-Time,Full-Time,R,C,SE,White,N,F,B,N,First-Time Full-Time,03,240101,2.99,2.66,14,9,24,19,31,31,30,20,R,N,N,NA,N,NA,,,NA,NA,NA,NA,1,1,0,0,0,0,5,3,,C,,0,UK,0,0,Y,N,0,0,0,0,240101,,,PA,,,,,Doctoral Universities,,,,,Town/Rural,,,,,,,,,,
86753091,2020-21,STU01221,FALL,>20 - 24,First-Time,Part-Time,R,N,,Hispanic,H,M,B,N,First-Time Part-Time,C2,420101,3.1,3.45,7,7,14,12,12,9,12,10,R,R,N,Y,N,C,,A,NA,Y,NA,C,1,0,0,0,0,0,1,0,,N,,3,N,0,-1,N,N,0,0,0,0,420101,,,,,,,,,,,,,,,,,,,,,,,
86753091,2019-20,STU01222,FALL,20 and younger,Transfer-In,Full-Time,C,C,,White,N,F,N,N,Transfer-In Full-Time,B,510904,3.42,2.74,15,13,28,23,26,21,29,20,N,N,NA,NA,NA,NA,,,NA,NA,NA,NA,1,1,0,0,0,0,2,0,,C,,0,N,0,1,Y,Fall 2020,4,0,0,0,510904,,,MA,,,,,Master's Colleges & Universities,,,,,Town/Rural,,,,,,,,,,
86753091,2018-19,STU01223,FALL,20 and younger,First-Time,Part-Time,C,C,SE,White,N,F,,N,First-Time Part-Time,B,240101,4,3.97,6,5,8,8,5,4,0,0,N,N,NA,NA,NA,NA,,,NA,NA,NA,NA,1,1,0,0,0,0,3,1,,C,,1,N,0,2,N,N,0,0,0,0,240101,,,GA,,,,,Master's Colleges & Universities,,,,,Town/Rural,,,,,,,,,,
86753091,2019-20,STU01224,FALL,20 and younger,Transfer-In,Full-Time,C,N,,Hispanic,H,UK,N,UK,Transfer-In Full-Time,B,261504,3.74,3.5,16,11,28,27,0,0,0,0,N,R,NA,N,NA,N,,,NA,Y,NA,C,1,1,0,0,0,0,3,1,,N,,2,N,2,-1,UK,Fall 2020,0,0,0,0,261504,,,PA,,,,,Doctoral Universities,,,,,Town/Rural,,,,,,,,,,
86753091,2017-18,STU01225,FALL,Older than 24,First-Time,Full-Time,N,C,,Black or African American,N,F,B,Y,First-Time Full-Time,A,230101,2.08,2.95,14,13,22,17,21,18,23,19,R,N,N,NA,N,NA,,,Y,NA,C,NA,1,0,0,0,0,0,1,0,,C,,0,N,0,2,N,N,0,0,0,0,230101,,,,,,,,,,,,,,,,,,,,,,,
86753091,2020-21,STU01226,FALL,>20 - 24,First-Time,Part-Time,R,C,,Hispanic,H,F,B,Y,First-Time Part-Time,A,240101,1.79,1.94,7,5,0,0,0,0,0,0,R,N,N,NA,N,NA,,,NA,NA,NA,NA,0,0,0,0,0,0,1,0,,C,,0,N,0,3,N,N,0,0,0,0,240101,,,,,,,,,,,,,,,,,,,,,,,
86753091,2017-18,STU01227,FALL,Older than 24,First-Time,Part-Time,C,C,,Black or African American,N,F,B,Y,First-Time Part-Time,B,540101,3.32,3.23,12,12,17,15,0,0,0,0,N,N,NA,NA,NA,NA,,,NA,NA,NA,NA,1,0,0,0,0,0,2,0,,C,,-1,N,0,0,N,N,0,0,0,0,540101,,,,,,,,,,,,,,,,,,,,,,,
86753091,2020-21,STU01228,FALL,>20 - 24,Transfer-In,Full-Time,C,C,,White,N,UK,,N,Transfer-In Full-Time,B,520201,4,4,15,12,28,25,0,0,0,0,N,N,NA,NA,NA,NA,,,NA,NA,NA,NA,1,0,0,0,0,0,2,0,,C,,0,N,0,3,N,N,0,0,0,0,520201,,,,,,,,,,,,,,,,,,,,,,,
86753091,2018-19,STU01229,FALL,>20 - 24,Transfer-In,Full-Time,N,R,UK,White,N,F,B,N,Transfer-In Full-Time,B,240101,3.31,2.66,16,15,25,20,31,24,29,27,R,R,Y,Y,D,C,M,3.93,Y,NA,D,NA,1,0,0,0,0,0,5,0,,R,,0,N,0,2,N,Spring 2020,0,0,0,0,240101,,,,,,,,,,,,,,,,,,,,,,,
86753091,2018-19,STU01230,FALL,Older than 24,First-Time,Full-Time,R,N,,Black or African American,N,F,N,UK,First-Time Full-Time,B,240101,3.93,2.28,12,8,31,20,0,0,0,0,R,R,Y,Y,D,D,M,F,NA,N,NA,N,1,0,0,0,0,0,2,0,,N,First Year Success,0,N,0,1,N,N,4,0,0,0,240101,,,,,,,,,,,,,,,,,,,,,,,
86753091,2016-17,STU01231,FALL,20 and younger,First-Time,Full-Time,C,C,,White,N,F,B,N,First-Time Full-Time,02,513899,3.69,4,14,11,26,22,38,36,0,0,N,N,NA,NA,NA,NA,,,NA,NA,NA,NA,1,0,0,0,0,0,1,0,,C,,0,N,0,4,Y,N,6,0,0,0,513899,,,,,,,,,,,,,,,,,,,,,,,
86753091,2020-21,STU01232,FALL,Older than 24,Transfer-In,Part-Time,C,R,,Hispanic,H,M,,UK,Transfer-In Part-Time,B,510904,3.04,3.02,12,10,18,14,15,14,10,9,N,R,NA,Y,NA,C,,2.94,NA,NA,NA,NA,1,0,0,0,0,0,3,0,,R,,3,N,0,2,UK,N,4,0,0,0,510904,,,,,,,,,,,,,,,,,,,,,,,
86753091,2019-20,STU01233,FALL,>20 - 24,Re-admit,Full-Time,R,C,,Asian,N,F,B,UK,Re-admit Full-Time,03,422814,3.04,3.7,13,10,36,26,0,0,0,0,R,N,Y,NA,NC,NA,F,,NA,NA,NA,NA,1,0,0,0,0,0,3,0,,C,,-1,N,0,-1,N,N,6,0,0,0,422814,,,,,,,,,,,,,,,,,,,,,,,
86753091,2017-18,STU01234,WINTER,Older than 24,First-Time,Part-Time,N,C,,Unknown,UK,F,B,N,First-Time Part-Time,B,520201,3.25,3.64,6,6,14,13,0,0,0,0,R,N,N,NA,N,NA,,,Y,NA,C,NA,1,0,0,0,0,0,3,0,,C,,2,UK,2,1,UK,N,0,0,0,0,520201,,,,,,,,,,,,,,,,,,,,,,,
86753091,2019-20,STU01235,FALL,>20 - 24,Transfer-In,Full-Time,N,C,,Hispanic,H,F,B,N,Transfer-In Full-Time,B,110701,2.42,3.02,13,12,24,21,32,31,29,29,R,N,Y,NA,NC,NA,W,,Y,NA,D,NA,1,0,0,0,0,0,2,0,,C,,0,N,0,0,N,N,0,0,0,0,110701,,,,,,,,,,,,,,,,,,,,,,,
86753091,2019-20,STU01236,FALL,>20 - 24,Transfer-In,Full-Time,R,C,,Hispanic,H,M,B,N,Transfer-In Full-Time,B,230101,4,3.64,19,12,33,29,31,28,0,0,R,N,N,NA,N,NA,,,NA,NA,NA,NA,1,0,0,0,0,0,2,0,,C,,0,N,0,-1,N,Spring 2021,0,0,0,0,230101,,,,,,,,,,,,,,,,,,,,,,,
86753091,2020-21,STU01237,SPRING,20 and younger,First-Time,Part-Time,C,N,,Hispanic,H,M,A,N,First-Time Part-Time,B,240101,3.81,3.68,9,7,16,16,0,0,0,0,N,R,NA,Y,NA,C,,3.22,NA,Y,NA,D,1,1,0,0,0,0,2,1,,N,,2,N,0,-1,UK,N,0,0,0,0,240101,,,GA,,,,,Baccalaureate Colleges,,,,,Urban,,,,,,,,,,
86753091,2018-19,STU01238,FALL,>20 - 24,First-Time,Full-Time,N,C,,Nonresident alien,N,P,P,Y,First-Time Full-Time,02,422814,2.55,3.28,11,9,35,31,28,23,27,27,R,N,Y,NA,C,NA,2.77,,Y,NA,C,NA,1,0,0,0,0,0,4,0,,C,,1,UK,0,2,UK,Fall 2020,0,3,0,0,422814,,,,,,,,,,,,,,,,,,,,3,,,
86753091,2019-20,STU01239,SPRING,20 and younger,Transfer-In,Full-Time,C,C,,Hispanic,H,F,N,Y,Transfer-In Full-Time,02,131202,1.54,1.86,13,9,28,15,29,23,25,18,N,N,NA,NA,NA,NA,,,NA,NA,NA,NA,1,0,0,0,0,0,3,0,,C,,-1,N,0,4,N,N,0,0,0,0,131202,,,,,,,,,,,,,,,,,,,,,,,
86753091,2020-21,STU01240,FALL,Older than 24,Transfer-In,Full-Time,C,N,,White,N,F,B,Y,Transfer-In Full-Time,03,422814,2.43,2.72,13,10,30,26,0,0,0,0,N,R,NA,Y,NA,C,,3.24,NA,Y,NA,C,1,0,0,0,0,0,4,0,,N,,0,N,-1,4,N,N,0,0,0,0,422814,,,,,,,,,,,,,,,,,,,,,,,
86753091,2016-17,STU01241,SPRING,Older than 24,First-Time,Full-Time,C,N,,Hispanic,H,M,N,Y,First-Time Full-Time,B,540101,3.11,2.82,17,17,0,0,0,0,0,0,N,R,NA,Y,NA,C,,A,NA,Y,NA,C,0,1,0,0,4,0,1,1,,N,,0,N,0,2,N,Fall 2020,0,0,4,0,540101,,,,,,Master's Colleges & Universities,,Master's Colleges & Universities,Master's Colleges & Universities,,,,,,,,,,,,,,
86753091,2020-21,STU01242,FALL,20 and younger,First-Time,Full-Time,C,C,,Hispanic,H,M,B,UK,First-Time Full-Time,A,420101,3.76,3.88,15,14,33,33,25,25,0,0,N,N,NA,NA,NA,NA,,,NA,NA,NA,NA,1,0,0,2,0,0,5,0,2.4,C,,5,N,0,3,N,N,0,2,0,0,420101,,,,,,,,,,,,,,,,2,,,,2,,,
86753091,2018-19,STU01243,FALL,>20 - 24,First-Time,Part-Time,R,C,,Black or African American,N,M,A,N,First-Time Part-Time,B,110701,2.52,2.61,10,8,17,13,12,8,0,0,R,N,N,NA,N,NA,,,NA,NA,NA,NA,1,0,0,0,0,0,4,0,,C,,4,N,0,4,N,N,0,0,0,0,110701,,,,,,,,,,,,,,,,,,,,,,,
86753091,2020-21,STU01244,SPRING,20 and younger,Transfer-In,Full-Time,C,R,,White,N,M,B,N,Transfer-In Full-Time,B,513899,3.8,3,18,15,31,18,0,0,0,0,N,R,NA,Y,NA,D,,W,NA,NA,NA,NA,1,0,0,0,0,0,4,0,,R,,3,N,0,-1,N,N,0,0,0,0,513899,,,,,,,,,,,,,,,,,,,,,,,
86753091,2020-21,STU01245,FALL,Older than 24,First-Time,Part-Time,N,N,,Unknown,UK,F,A,UK,First-Time Part-Time,01,240101,2.59,3.72,10,8,12,12,15,15,0,0,R,R,Y,Y,C,C,3.49,2.72,Y,Y,D,C,1,0,0,0,0,0,1,0,,N,,0,N,0,4,N,Fall 2020,0,0,0,0,240101,,,,,,,,,,,,,,,,,,,,,,,
86753091,2018-19,STU01246,SPRING,20 and younger,First-Time,Full-Time,C,C,DE,White,N,F,N,N,First-Time Full-Time,03,540101,4,4,14,13,26,21,24,22,31,31,N,N,NA,NA,NA,NA,,,NA,NA,NA,NA,1,0,0,2,0,0,3,0,2.2,C,,4,UK,0,4,N,N,0,2,0,0,540101,,,,,,,,,,,,,,,,2,,,,2,,,
86753091,2018-19,STU01247,FALL,20 and younger,Transfer-In,Full-Time,C,C,,Hispanic,H,F,A,Y,Transfer-In Full-Time,B,422814,3.79,3.67,11,6,25,24,0,0,0,0,N,N,NA,NA,NA,NA,,,NA,NA,NA,NA,1,1,0,0,0,0,3,2,,C,,1,UK,0,0,N,N,0,0,0,0,422814,,,CA,,,,,Doctoral Universities,,,,,,,,,,,,,,,
86753091,2018-19,STU01248,FALL,>20 - 24,First-Time,Full-Time,C,C,,Asian,N,F,P,N,First-Time Full-Time,02,261504,4,3.04,18,13,0,0,0,0,0,0,N,N,NA,NA,NA,NA,,,NA,NA,NA,NA,0,0,0,0,0,0,1,0,,C,,0,N,0,2,N,N,0,0,0,0,261504,,,,,,,,,,,,,,,,,,,,,,,
86753091,2018-19,STU01249,FALL,20 and younger,First-Time,Full-Time,C,C,DE,Nonresident alien,N,F,B,N,First-Time Full-Time,B,540101,1.32,2.4,16,10,30,26,23,18,30,27,N,N,NA,NA,NA,NA,,,NA,NA,NA,NA,1,0,0,2,0,0,4,0,2.2,C,,0,N,0,0,Y,N,0,2,0,0,540101,,,,,,,,,,,,,,,,2,,,,2,,,
86753091,2017-18,STU01250,FALL,Older than 24,First-Time,Full-Time,C,N,,White,N,F,,N,First-Time Full-Time,B,420101,2.76,3.17,15,10,29,26,0,0,0,0,N,R,NA,N,NA,N,,,NA,N,NA,N,1,1,0,0,0,0,4,3,,N,,0,N,0,3,N,N,0,3,0,0,420101,,,TX,,,,,Associate's Colleges,,,,,,,,,,,,3,,,
86753091,2020-21,STU01251,SPRING,20 and younger,First-Time,Full-Time,C,C,,White,N,F,C,N,First-Time Full-Time,B,513899,2.19,2,16,10,32,26,0,0,0,0,N,N,NA,NA,NA,NA,,,NA,NA,NA,NA,1,1,0,0,0,0,3,1,,C,,0,N,1,3,N,Spring 2020,0,0,0,0,513899,,,TX,,,,,Doctoral Universities,,,,,,,,,,,,,,,
86753091,2019-20,STU01252,FALL,>20 - 24,Transfer-In,Full-Time,N,R,,White,N,M,C,N,Transfer-In Full-Time,A,110701,2.6,3.65,14,12,0,0,0,0,0,0,R,R,Y,Y,C,D,2.92,F,Y,NA,C,NA,0,0,0,0,0,0,1,0,,R,,0,N,0,4,N,N,0,0,0,0,110701,,,,,,,,,,,,,,,,,,,,,,,
86753091,2018-19,STU01253,FALL,Older than 24,First-Time,Part-Time,R,C,UK,Hispanic,H,M,B,Y,First-Time Part-Time,A,261504,4,3.78,7,5,9,8,19,18,14,12,R,N,Y,NA,C,NA,2.27,,NA,NA,NA,NA,1,0,0,0,0,0,5,0,,C,,1,N,0,1,N,N,0,0,0,0,261504,,,,,,,,,,,,,,,,,,,,,,,
86753091,2019-20,STU01254,FALL,20 and younger,Transfer-In,Full-Time,C,C,,Black or African American,N,M,B,UK,Transfer-In Full-Time,03,261504,3.3,2.84,16,10,25,18,23,16,24,18,N,N,NA,NA,NA,NA,,,NA,NA,NA,NA,1,0,0,0,0,0,4,0,,C,,1,N,0,-1,N,N,0,0,0,0,261504,,,,,,,,,,,,,,,,,,,,,,,
86753091,2020-21,STU01255,FALL,Older than 24,First-Time,Part-Time,N,C,,Unknown,UK,X,N,UK,First-Time Part-Time,A,270101,2.57,2.95,3,3,16,12,12,10,13,13,R,N,N,NA,N,NA,,,N,NA,N,NA,1,0,0,0,0,0,2,0,,C,First Year Success,3,UK,0,2,Y,N,0,0,0,0,270101,,,,,,,,,,,,,,,,,,,,,,,
86753091,2018-19,STU01256,SPRING,Older than 24,First-Time,Part-Time,C,N,,White,N,F,,N,First-Time Part-Time,A,270101,4,4,8,7,10,10,19,15,0,0,N,R,NA,Y,NA,C,,3.31,NA,Y,NA,C,1,0,0,0,0,0,3,0,,N,,2,N,0,1,N,N,0,0,0,0,270101,,,,,,,,,,,,,,,,,,,,,,,
86753091,2019-20,STU01257,SPRING,20 and younger,First-Time,Full-Time,N,C,,Black or African American,N,F,,N,First-Time Full-Time,B,422814,4,4,12,12,26,26,30,30,31,30,R,N,Y,NA,C,NA,2.14,,Y,NA,D,NA,1,0,0,0,0,0,2,0,,C,,0,UK,0,4,N,N,0,0,0,0,422814,,,,,,,,,,,,,,,,,,,,,,,
86753091,2020-21,STU01258,SPRING,20 and younger,Transfer-In,Full-Time,R,C,,Hispanic,H,M,N,Y,Transfer-In Full-Time,B,513899,3.37,2.91,9,7,29,24,29,25,26,20,R,N,Y,NA,C,NA,1.91,,NA,NA,NA,NA,1,0,0,0,0,0,2,0,,C,,0,N,0,-1,N,N,0,0,0,0,513899,,,,,,,,,,,,,,,,,,,,,,,
86753091,2020-21,STU01259,SPRING,>20 - 24,Transfer-In,Full-Time,R,C,,White,N,M,P,Y,Transfer-In Full-Time,02,513899,1.82,2.31,16,12,29,25,24,22,0,0,R,N,Y,NA,C,NA,2.27,,NA,NA,NA,NA,1,0,0,0,0,0,3,0,,C,,5,N,0,3,N,N,0,0,0,0,513899,,,,,,,,,,,,,,,,,,,,,,,
86753091,2018-19,STU01260,FALL,20 and younger,First-Time,Full-Time,N,N,,Two or More Races,N,M,B,N,First-Time Full-Time,B,270101,4,3.86,11,11,30,30,20,20,27,23,R,R,Y,Y,C,C,P,4,Y,N,D,N,1,1,0,0,0,2,1,1,,N,,0,P,-1,0,N,N,0,0,0,2,270101,,GA,GA,,GA,,Associate's Colleges,Associate's Colleges,,Associate's Colleges,,Urban,Urban,,Urban,,,2,,,,2,
86753091,2018-19,STU01261,FALL,20 and younger,First-Time,Full-Time,C,C,SE,White,N,M,A,N,First-Time Full-Time,B,422814,4,4,13,12,33,30,0,0,0,0,N,N,NA,NA,NA,NA,,,NA,NA,NA,NA,1,0,0,0,0,0,5,0,,C,,0,N,0,3,N,Fall 2020,0,0,0,0,422814,,,,,,,,,,,,,,,,,,,,,,,
86753091,2018-19,STU01262,FALL,>20 - 24,First-Time,Part-Time,N,R,,White,N,M,,N,First-Time Part-Time,B,131202,3.07,3.19,10,7,18,15,18,17,19,14,R,R,N,Y,N,C,,3.81,N,NA,N,NA,1,0,0,0,0,0,1,0,,R,,0,P,-1,4,N,N,0,0,0,0,131202,,,,,,,,,,,,,,,,,,,,,,,
86753091,2018-19,STU01263,FALL,>20 - 24,First-Time,Full-Time,N,UK,,Hispanic,H,M,,Y,First-Time Full-Time,B,131202,3.65,3.31,14,13,27,25,27,24,0,0,R,UK,N,UK,N,UK,,,Y,UK,C,UK,1,0,0,0,0,0,3,0,,UK,,3,N,0,0,N,N,0,0,0,0,131202,,,,,,,,,,,,,,,,,,,,,,,
86753091,2017-18,STU01264,FALL,>20 - 24,First-Time,Part-Time,R,N,,White,N,F,B,UK,First-Time Part-Time,B,520201,2.44,3.36,8,6,0,0,0,0,0,0,R,R,Y,Y,C,C,2.72,2.34,NA,Y,NA,C,0,0,0,0,0,0,1,0,,N,,0,N,0,0,N,N,0,0,0,0,520201,,,,,,,,,,,,,,,,,,,,,,,
86753091,2018-19,STU01265,FALL,20 and younger,First-Time,Full-Time,C,R,DE,Asian,N,F,C,N,First-Time Full-Time,B,270101,3.59,3.49,19,16,27,24,27,21,0,0,N,R,NA,Y,NA,C,,3.32,NA,NA,NA,NA,1,0,0,0,0,0,3,0,,R,,3,UK,0,-1,N,N,6,0,0,0,270101,,,,,,,,,,,,,,,,,,,,,,,
86753091,2016-17,STU01266,FALL,Older than 24,Transfer-In,Full-Time,C,C,,Two or More Races,N,F,B,Y,Transfer-In Full-Time,02,420101,2.7,2.69,16,12,27,21,32,25,31,31,N,N,NA,NA,NA,NA,,,NA,NA,NA,NA,1,0,0,0,0,0,1,0,,C,,0,N,1,4,Y,Fall 2020,0,0,0,0,420101,,,,,,,,,,,,,,,,,,,,,,,
86753091,2016-17,STU01267,FALL,20 and younger,Transfer-In,Full-Time,C,N,,White,N,F,B,N,Transfer-In Full-Time,B,131202,3.63,3.32,17,15,26,23,0,0,0,0,N,R,NA,Y,NA,C,,3.48,NA,Y,NA,C,1,0,0,0,0,0,3,0,,N,,4,N,-1,-1,N,N,0,0,0,0,131202,,,,,,,,,,,,,,,,,,,,,,,
86753091,2017-18,STU01268,FALL,>20 - 24,First-Time,Full-Time,N,N,,Hispanic,H,F,C,Y,First-Time Full-Time,03,510904,4,3.69,15,12,31,27,33,27,32,23,R,R,Y,Y,C,D,3.35,F,N,Y,N,C,1,0,0,0,0,0,2,0,,N,,0,N,0,0,N,N,0,2,0,0,510904,,,,,,,,,,,,,,,,,,,,2,,,
86753091,2017-18,STU01269,FALL,>20 - 24,Transfer-In,Full-Time,N,N,,Black or African American,N,F,P,N,Transfer-In Full-Time,B,261504,2.99,2.75,19,15,0,0,0,0,0,0,R,R,N,Y,N,D,,I,Y,Y,C,C,0,0,0,0,0,0,1,0,,N,,1,N,0,0,N,N,0,0,0,0,261504,,,,,,,,,,,,,,,,,,,,,,,
86753091,2018-19,STU01270,FALL,20 and younger,First-Time,Full-Time,C,N,,Asian,N,M,C,N,First-Time Full-Time,A,420101,3.13,2.42,15,13,30,29,0,0,0,0,N,R,NA,Y,NA,NC,,W,NA,Y,NA,C,1,1,0,0,0,0,4,2,,N,,0,UK,0,1,N,N,0,0,0,0,420101,,,AZ,,,,,Baccalaureate Colleges,,,,,Urban,,,,,,,,,,
86753091,2019-20,STU01271,SPRING,20 and younger,First-Time,Full-Time,C,N,,White,N,F,P,N,First-Time Full-Time,03,513899,2.95,2.9,17,14,30,27,25,22,0,0,N,R,NA,UK,NA,UK,,,NA,Y,NA,C,1,0,0,0,0,0,2,0,,N,,-1,UK,0,-1,N,N,4,0,0,0,513899,,,,,,,,,,,,,,,,,,,,,,,
86753091,2017-18,STU01272,FALL,>20 - 24,First-Time,Full-Time,C,C,,White,N,F,P,UK,First-Time Full-Time,B,422814,3.87,3.89,10,9,29,20,27,24,25,19,N,N,NA,NA,NA,NA,,,NA,NA,NA,NA,1,0,0,2,0,0,2,0,1.9,C,,0,N,1,4,N,N,5,2,0,0,422814,,,,,,,,,,,,,,,,2,,,,2,,,
86753091,2018-19,STU01273,FALL,20 and younger,First-Time,Full-Time,N,C,SE,Hispanic,H,M,N,Y,First-Time Full-Time,B,230101,3.39,3.16,13,13,0,0,0,0,0,0,R,N,N,NA,N,NA,,,N,NA,N,NA,0,0,0,0,0,0,1,0,,C,,0,N,0,2,Y,N,0,0,0,0,230101,,,,,,,,,,,,,,,,,,,,,,,
86753091,2019-20,STU01274,FALL,20 and younger,First-Time,Full-Time,C,C,,White,N,F,A,N,First-Time Full-Time,B,110701,2.86,3.31,12,11,24,22,32,27,33,33,N,N,NA,NA,NA,NA,,,NA,NA,NA,NA,1,0,0,0,0,0,4,0,,C,,0,N,0,2,N,Spring 2021,0,0,0,0,110701,,,,,,,,,,,,,,,,,,,,,,,
86753091,2016-17,STU01275,FALL,20 and younger,First-Time,Full-Time,N,C,UK,Hispanic,H,F,,N,First-Time Full-Time,B,240101,3.02,3.16,13,8,37,29,18,15,0,0,R,N,Y,NA,C,NA,2.62,,Y,NA,C,NA,1,0,0,0,0,0,3,0,,C,,0,N,2,0,Y,N,0,0,0,0,240101,,,,,,,,,,,,,,,,,,,,,,,
86753091,2019-20,STU01276,FALL,20 and younger,First-Time,Full-Time,R,C,,White,N,F,B,Y,First-Time Full-Time,B,240101,1.72,1.67,15,11,25,17,27,18,0,0,R,N,N,NA,N,NA,,,NA,NA,NA,NA,1,0,0,0,0,0,1,0,,C,,0,UK,0,0,N,Fall 2020,0,0,0,0,240101,,,,,,,,,,,,,,,,,,,,,,,
86753091,2018-19,STU01277,SPRING,20 and younger,First-Time,Full-Time,C,C,,White,N,F,B,Y,First-Time Full-Time,03,540101,2.91,3.17,16,13,0,0,0,0,0,0,N,N,NA,NA,NA,NA,,,NA,NA,NA,NA,0,1,0,0,0,0,1,1,,C,,1,UK,0,-1,N,N,0,0,0,0,540101,,,MA,,,,,Associate's Colleges,,,,,Urban,,,,,,,,,,
86753091,2019-20,STU01278,FALL,20 and younger,Transfer-In,Full-Time,N,C,,Asian,N,F,B,N,Transfer-In Full-Time,A,520201,2.78,2.8,16,14,29,23,0,0,0,0,R,N,N,NA,N,NA,,,N,NA,N,NA,1,0,0,0,0,0,4,0,,C,,0,UK,-1,0,N,N,0,0,0,0,520201,,,,,,,,,,,,,,,,,,,,,,,
86753091,2016-17,STU01279,SUMMER,20 and younger,First-Time,Full-Time,N,N,,Hispanic,H,M,A,N,First-Time Full-Time,B,110701,2.35,2.4,12,9,0,0,0,0,0,0,R,R,Y,Y,C,D,3.46,F,Y,Y,C,C,0,0,0,0,0,0,1,0,,N,,-1,N,0,3,N,N,0,0,0,0,110701,,,,,,,,,,,,,,,,,,,,,,,
86753091,2020-21,STU01280,FALL,20 and younger,Transfer-In,Full-Time,C,C,,Hispanic,H,F,N,N,Transfer-In Full-Time,B,422814,1.88,2.17,16,11,32,26,23,17,21,16,N,N,NA,NA,NA,NA,,,NA,NA,NA,NA,1,1,0,0,0,0,2,1,,C,,0,N,0,3,UK,Spring 2020,0,0,0,0,422814,,,,,,,,Baccalaureate Colleges,,,,,Urban,,,,,,,,,,
86753091,2016-17,STU01281,FALL,20 and younger,First-Time,Full-Time,C,C,,Asian,N,F,B,N,First-Time Full-Time,03,230101,2.92,3.38,12,11,23,19,32,31,27,24,N,N,NA,NA,NA,NA,,,NA,NA,NA,NA,1,0,0,0,0,0,2,0,,C,,1,N,0,1,N,N,0,0,0,0,230101,,,,,,,,,,,,,,,,,,,,,,,
86753091,2016-17,STU01282,FALL,>20 - 24,Transfer-In,Full-Time,R,C,,White,N,M,P,N,Transfer-In Full-Time,A,540101,3.38,3.28,11,9,27,20,27,22,29,21,R,N,N,NA,N,NA,,,NA,NA,NA,NA,1,1,0,0,0,0,4,0,,C,,0,N,0,3,N,N,0,0,0,0,540101,,,NC,,,,,Doctoral Universities,,,,,,,,,,,,,,,
86753091,2018-19,STU01283,FALL,20 and younger,First-Time,Full-Time,R,C,,Asian,N,M,A,Y,First-Time Full-Time,B,420101,2.25,3.13,16,13,0,0,0,0,0,0,R,N,Y,NA,C,NA,3.52,,NA,NA,NA,NA,0,0,0,0,0,0,1,0,,C,,3,N,0,3,Y,Spring 2021,0,0,0,0,420101,,,,,,,,,,,,,,,,,,,,,,,
86753091,2020-21,STU01284,FALL,Older than 24,Re-admit,Part-Time,R,N,,White,N,M,,UK,Re-admit Part-Time,03,240101,3.98,3.41,10,7,17,14,0,0,0,0,R,R,Y,Y,D,C,F,3.72,NA,Y,NA,C,1,0,0,0,0,0,1,0,,N,,0,N,0,1,N,Fall 2019,0,0,0,0,240101,,,,,,,,,,,,,,,,,,,,,,,
86753091,2020-21,STU01285,FALL,Older than 24,First-Time,Part-Time,N,UK,,Black or African American,N,F,B,Y,First-Time Part-Time,B,422814,2.1,2.42,6,5,16,11,21,14,17,14,R,UK,Y,UK,D,UK,W,,N,UK,N,UK,1,1,0,0,0,0,1,1,,UK,First Year Success,0,N,0,1,N,Spring 2020,4,0,0,0,422814,,,TX,,,,,Associate's Colleges,,,,,Town/Rural,,,,,,,,,,
86753091,2019-20,STU01286,SUMMER,Older than 24,Transfer-In,Part-Time,N,C,,Two or More Races,N,P,A,N,Transfer-In Part-Time,02,540101,3,3.2,9,8,20,14,0,0,0,0,R,N,Y,NA,C,NA,P,,Y,NA,C,NA,1,0,0,0,0,0,3,0,,C,,2,N,0,1,N,N,0,0,0,0,540101,,,,,,,,,,,,,,,,,,,,,,,
86753091,2017-18,STU01287,SPRING,20 and younger,First-Time,Full-Time,C,C,,Hispanic,H,M,B,Y,First-Time Full-Time,B,240101,3.6,3.38,14,10,38,36,23,15,30,28,N,N,NA,NA,NA,NA,,,NA,NA,NA,NA,1,0,0,0,0,0,4,0,,C,,0,N,1,3,N,N,0,0,0,0,240101,,,,,,,,,,,,,,,,,,,,,,,
86753091,2020-21,STU01288,WINTER,20 and younger,First-Time,Full-Time,C,N,,Hispanic,H,F,C,N,First-Time Full-Time,B,422814,3,3.04,12,10,26,19,0,0,0,0,N,R,NA,Y,NA,C,,3.46,NA,N,NA,N,1,1,0,0,0,0,2,3,,N,,0,N,0,3,N,N,0,0,0,0,422814,,,,,,,,Master's Colleges & Universities,,,,,Suburb,,,,,,,,,,
86753091,2019-20,STU01289,FALL,>20 - 24,Re-admit,Full-Time,R,C,,Hispanic,H,M,,Y,Re-admit Full-Time,B,510904,3.09,2.75,18,12,0,0,0,0,0,0,R,N,Y,NA,C,NA,A,,NA,NA,NA,NA,0,0,0,0,0,0,1,0,,C,,0,UK,0,2,N,Spring 2021,0,0,0,0,510904,,,,,,,,,,,,,,,,,,,,,,,
86753091,2020-21,STU01290,SPRING,>20 - 24,Transfer-In,Full-Time,C,C,,Nonresident alien,N,M,B,N,Transfer-In Full-Time,03,230101,4,4,10,9,26,26,0,0,0,0,N,N,NA,NA,NA,NA,,,NA,NA,NA,NA,1,0,0,0,0,0,4,0,,C,,5,UK,-1,3,N,N,0,3,0,0,230101,,,,,,,,,,,,,,,,,,,,3,,,
86753091,2016-17,STU01291,FALL,20 and younger,Transfer-In,Full-Time,C,C,UK,Hispanic,H,F,P,Y,Transfer-In Full-Time,A,261504,4,4,15,14,27,27,34,25,32,32,N,N,NA,NA,NA,NA,,,NA,NA,NA,NA,1,1,0,3,0,0,4,0,2.9,C,,2,N,1,2,N,N,0,3,0,0,261504,,,NY,,,,,Master's Colleges & Universities,,,,,Urban,,,3,,,,3,,,
86753091,2018-19,STU01292,FALL,>20 - 24,Transfer-In,Full-Time,C,C,,White,N,M,C,N,Transfer-In Full-Time,B,520201,4,3.7,13,13,31,27,0,0,0,0,N,N,NA,NA,NA,NA,,,NA,NA,NA,NA,1,0,0,0,0,0,1,0,,C,,0,N,0,3,N,N,0,0,0,0,520201,,,,,,,,,,,,,,,,,,,,,,,
86753091,2016-17,STU01293,SPRING,20 and younger,Transfer-In,Full-Time,C,C,,Hispanic,H,F,N,Y,Transfer-In Full-Time,B,270101,2.92,2.76,12,9,0,0,0,0,0,0,N,N,NA,NA,NA,NA,,,NA,NA,NA,NA,0,0,0,0,0,0,1,0,,C,,2,N,0,3,N,N,0,3,0,0,270101,,,,,,,,,,,,,,,,,,,,3,,,
86753091,2019-20,STU01294,FALL,Older than 24,Transfer-In,Full-Time,C,C,,White,N,F,B,N,Transfer-In Full-Time,B,420101,4,4,11,11,28,28,33,32,0,0,N,N,NA,NA,NA,NA,,,NA,NA,NA,NA,1,1,0,0,0,0,1,2,,C,,1,N,0,3,N,N,0,0,0,0,420101,,,NC,,,,,Associate's Colleges,,,,,Suburb,,,,,,,,,,
86753091,2018-19,STU01295,SUMMER,20 and younger,First-Time,Full-Time,N,R,,Hispanic,H,M,P,UK,First-Time Full-Time,B,270101,2.89,2.53,12,9,28,19,27,24,27,16,R,R,Y,Y,C,C,1.7,1.87,N,NA,N,NA,1,0,0,0,0,0,1,0,,R,STEM Scholars 2019,1,UK,0,0,N,N,0,0,0,0,270101,,,,,,,,,,,,,,,,,,,,,,,
86753091,2019-20,STU01296,FALL,>20 - 24,First-Time,Full-Time,C,C,,Nonresident alien,N,M,P,N,First-Time Full-Time,A,261504,3.38,3.43,15,14,28,20,28,22,0,0,N,N,NA,NA,NA,NA,,,NA,NA,NA,NA,1,0,0,0,0,0,2,0,,C,,0,N,0,4,Y,N,0,0,0,0,261504,,,,,,,,,,,,,,,,,,,,,,,
86753091,2020-21,STU01297,SPRING,Older than 24,First-Time,Part-Time,C,C,,Unknown,UK,M,B,N,First-Time Part-Time,B,230101,4,3.36,8,6,23,17,12,12,0,0,N,N,NA,NA,NA,NA,,,NA,NA,NA,NA,1,0,0,0,0,0,1,0,,C,STEM Scholars 2019,0,N,1,1,N,N,0,0,0,0,230101,,,,,,,,,,,,,,,,,,,,,,,
86753091,2020-21,STU01298,FALL,>20 - 24,Re-admit,Full-Time,N,N,,White,N,M,,N,Re-admit Full-Time,A,540101,3.44,3.61,18,15,29,25,0,0,0,0,R,R,Y,Y,C,C,2.83,3.14,Y,N,C,N,1,0,0,0,0,0,1,0,,N,,-1,UK,1,1,N,N,0,0,0,0,540101,,,,,,,,,,,,,,,,,,,,,,,
86753091,2018-19,STU01299,SPRING,>20 - 24,First-Time,Full-Time,C,C,UK,Two or More Races,N,F,B,Y,First-Time Full-Time,B,422814,2.86,3.18,17,13,26,21,29,27,0,0,N,N,NA,NA,NA,NA,,,NA,NA,NA,NA,1,0,0,0,0,0,2,0,,C,,0,N,0,0,N,N,5,0,0,0,422814,,,,,,,,,,,,,,,,,,,,,,,
86753091,2016-17,STU01300,FALL,20 and younger,Transfer-In,Full-Time,N,N,,Hispanic,H,F,N,Y,Transfer-In Full-Time,B,510904,2.33,2.71,15,10,27,19,34,27,23,17,R,R,Y,Y,C,C,O,3.68,Y,Y,C,D,1,0,0,0,0,0,3,0,,N,,5,N,0,2,N,N,0,0,0,0,510904,,,,,,,,,,,,,,,,,,,,,,,
86753091,2019-20,STU01301,FALL,20 and younger,Re-admit,Full-Time,C,UK,,Black or African American,N,F,B,N,Re-admit Full-Time,B,520201,3.63,4,14,14,20,20,30,26,0,0,N,UK,NA,UK,NA,UK,,,NA,UK,NA,UK,1,0,0,0,0,0,2,0,,UK,,0,N,0,0,N,N,5,3,0,0,520201,,,,,,,,,,,,,,,,,,,,3,,,
86753091,2018-19,STU01302,SPRING,20 and younger,First-Time,Full-Time,C,C,,Hispanic,H,F,A,N,First-Time Full-Time,B,270101,4,4,14,12,26,26,0,0,0,0,N,N,NA,NA,NA,NA,,,NA,NA,NA,NA,1,0,0,0,0,0,3,0,,C,,1,P,-1,-1,N,N,0,0,0,0,270101,,,,,,,,,,,,,,,,,,,,,,,
86753091,2017-18,STU01303,SPRING,>20 - 24,Transfer-In,Full-Time,C,C,,Black or African American,N,F,A,Y,Transfer-In Full-Time,B,540101,2.54,2.79,17,13,29,21,0,0,0,0,N,N,NA,NA,NA,NA,,,NA,NA,NA,NA,1,1,0,0,6,0,2,0,,C,,2,UK,0,3,N,N,0,0,6,0,540101,PA,,PA,PA,,Baccalaureate Colleges,,Baccalaureate Colleges,Baccalaureate Colleges,,Urban,,Urban,Urban,,,,,,,,,
86753091,2016-17,STU01304,FALL,>20 - 24,Re-admit,Full-Time,C,C,,White,N,M,C,N,Re-admit Full-Time,02,420101,4,4,18,18,23,23,33,33,0,0,N,N,NA,NA,NA,NA,,,NA,NA,NA,NA,1,0,0,0,0,0,2,0,,C,,1,N,0,4,N,Spring 2020,0,0,0,0,420101,,,,,,,,,,,,,,,,,,,,,,,
86753091,2020-21,STU01305,FALL,Older than 24,Transfer-In,Full-Time,N,N,UK,White,N,F,A,N,Transfer-In Full-Time,A,422814,3.65,3.44,18,18,28,26,26,21,38,26,R,R,Y,Y,D,C,F,2.39,N,N,N,N,1,1,0,0,0,3,1,3,,N,STEM Scholars 2019,0,N,0,4,N,Spring 2020,6,0,0,3,422814,,MI,MI,,MI,,Baccalaureate Colleges,Baccalaureate Colleges,,Baccalaureate Colleges,,Town/Rural,Town/Rural,,Town/Rural,,,3,,,,3,
86753091,2018-19,STU01306,SPRING,>20 - 24,Transfer-In,Full-Time,C,C,,White,N,M,,N,Transfer-In Full-Time,03,520201,3.99,3.93,14,11,29,27,30,30,0,0,N,N,NA,NA,NA,NA,,,NA,NA,NA,NA,1,0,0,0,0,0,3,0,,C,,2,N,0,3,N,Spring 2021,0,0,0,0,520201,,,,,,,,,,,,,,,,,,,,,,,
86753091,2017-18,STU01307,FALL,20 and younger,First-Time,Full-Time,R,R,,Asian,N,F,N,Y,First-Time Full-Time,B,230101,2.89,2.53,12,7,24,23,27,19,34,25,R,R,Y,Y,NC,C,F,3.23,NA,NA,NA,NA,1,0,0,0,0,0,3,0,,R,,0,N,0,0,Y,N,0,0,0,0,230101,,,,,,,,,,,,,,,,,,,,,,,
86753091,2017-18,STU01308,FALL,>20 - 24,Transfer-In,Part-Time,C,N,,Asian,N,F,A,N,Transfer-In Part-Time,B,240101,3.44,3.05,7,5,16,14,12,9,0,0,N,R,NA,Y,NA,C,,2.27,NA,Y,NA,C,1,0,0,0,0,0,2,0,,N,,0,P,0,3,N,N,0,0,0,0,240101,,,,,,,,,,,,,,,,,,,,,,,
86753091,2016-17,STU01309,FALL,>20 - 24,Transfer-In,Full-Time,N,C,,White,N,M,P,N,Transfer-In Full-Time,B,510904,2.91,2.9,13,8,0,0,0,0,0,0,R,N,Y,NA,C,NA,3.71,,Y,NA,D,NA,0,0,0,0,0,0,1,0,,C,,0,UK,0,2,N,N,0,0,0,0,510904,,,,,,,,,,,,,,,,,,,,,,,
86753091,2016-17,STU01310,FALL,20 and younger,Transfer-In,Full-Time,C,C,,White,N,F,B,N,Transfer-In Full-Time,02,540101,2.72,2.97,17,13,0,0,0,0,0,0,N,N,NA,NA,NA,NA,,,NA,NA,NA,NA,0,0,0,0,0,0,1,0,,C,,1,UK,0,3,N,N,0,0,0,0,540101,,,,,,,,,,,,,,,,,,,,,,,
86753091,2020-21,STU01311,FALL,>20 - 24,Transfer-In,Full-Time,C,C,,White,N,M,P,N,Transfer-In Full-Time,B,520201,3.09,3.73,17,15,31,27,30,30,0,0,N,N,NA,NA,NA,NA,,,NA,NA,NA,NA,1,1,0,0,0,0,4,1,,C,,1,UK,0,2,N,N,5,0,0,0,520201,,,PA,,,,,,,,,,Town/Rural,,,,,,,,,,
86753091,2018-19,STU01312,SPRING,20 and younger,Transfer-In,Full-Time,N,C,,White,N,M,B,N,Transfer-In Full-Time,03,422814,4,3.5,16,16,25,18,25,22,33,33,R,N,N,NA,N,NA,,,Y,NA,D,NA,1,0,0,0,0,0,1,0,,C,,6,Y,0,0,N,N,0,0,0,0,422814,,,,,,,,,,,,,,,,,,,,,,,
86753091,2020-21,STU01313,FALL,>20 - 24,Re-admit,Full-Time,C,N,,White,N,M,C,UK,Re-admit Full-Time,02,520201,3.03,3.77,15,15,34,34,29,26,32,27,N,R,NA,N,NA,N,,,NA,Y,NA,C,1,0,0,0,0,0,4,0,,N,First Year Success,0,N,-1,-1,N,N,0,0,0,0,520201,,,,,,,,,,,,,,,,,,,,,,,
86753091,2017-18,STU01314,FALL,>20 - 24,First-Time,Full-Time,C,N,,Hispanic,H,F,B,Y,First-Time Full-Time,B,513899,2.82,3.07,19,13,0,0,0,0,0,0,N,R,NA,Y,NA,C,,3.76,NA,Y,NA,C,0,0,0,0,0,0,1,0,,N,,1,N,0,-1,N,Spring 2021,0,4,0,0,513899,,,,,,,,,,,,,,,,,,,,4,,,
86753091,2019-20,STU01315,FALL,20 and younger,Transfer-In,Full-Time,R,C,,Asian,N,M,N,N,Transfer-In Full-Time,02,261504,1.63,2.45,15,11,21,18,0,0,0,0,R,N,Y,NA,C,NA,2.84,,NA,NA,NA,NA,1,0,0,0,0,0,1,0,,C,,5,N,0,4,N,N,0,0,0,0,261504,,,,,,,,,,,,,,,,,,,,,,,
86753091,2017-18,STU01316,SPRING,>20 - 24,First-Time,Full-Time,C,N,UK,Hispanic,H,M,B,UK,First-Time Full-Time,A,420101,3.37,3.35,13,11,29,29,22,22,0,0,N,R,NA,Y,NA,D,,W,NA,N,NA,N,1,0,0,3,0,0,5,0,2.6,N,,4,N,0,-1,N,N,0,3,0,0,420101,,,,,,,,,,,,,,,,3,,,,3,,,
86753091,2020-21,STU01317,FALL,Older than 24,First-Time,Part-Time,N,N,,Hispanic,H,M,N,N,First-Time Part-Time,B,270101,1.65,1.8,8,4,14,11,22,16,11,7,R,R,Y,Y,D,C,M,3.05,Y,Y,D,C,1,0,0,0,0,0,4,0,,N,First Year Success,3,UK,0,1,N,Spring 2020,0,0,0,0,270101,,,,,,,,,,,,,,,,,,,,,,,
86753091,2019-20,STU01318,FALL,>20 - 24,Transfer-In,Part-Time,C,C,,White,N,M,C,Y,Transfer-In Part-Time,B,420101,3.73,3.56,5,4,16,13,13,13,0,0,N,N,NA,NA,NA,NA,,,NA,NA,NA,NA,1,0,0,0,0,0,4,0,,C,,4,N,1,3,Y,N,4,0,0,0,420101,,,,,,,,,,,,,,,,,,,,,,,
86753091,2017-18,STU01319,FALL,Older than 24,First-Time,Part-Time,C,N,,Hispanic,H,F,P,N,First-Time Part-Time,A,261504,3.4,3.75,10,10,23,20,19,14,12,11,N,R,NA,Y,NA,C,,2.35,NA,N,NA,N,1,0,0,0,0,0,1,0,,N,,0,N,0,1,N,N,0,0,0,0,261504,,,,,,,,,,,,,,,,,,,,,,,
86753091,2019-20,STU01320,FALL,>20 - 24,First-Time,Full-Time,N,C,,Two or More Races,N,M,P,Y,First-Time Full-Time,03,261504,2.63,3.34,14,11,0,0,0,0,0,0,R,N,Y,NA,C,NA,2.77,,Y,NA,C,NA,0,0,0,0,0,0,1,0,,C,,5,N,0,-1,N,N,0,3,0,0,261504,,,,,,,,,,,,,,,,,,,,3,,,
86753091,2017-18,STU01321,SUMMER,>20 - 24,Transfer-In,Part-Time,N,N,UK,White,N,M,P,Y,Transfer-In Part-Time,B,520201,2.08,2.31,8,4,10,9,18,14,0,0,R,R,Y,Y,D,NC,F,I,Y,Y,D,D,1,1,0,0,0,0,3,1,,N,,-1,N,0,-1,UK,Spring 2021,0,0,0,0,520201,,,TX,,,,,Associate's Colleges,,,,,,,,,,,,,,,
86753091,2019-20,STU01322,FALL,>20 - 24,First-Time,Full-Time,C,C,,White,N,UK,B,N,First-Time Full-Time,B,270101,3.48,3.06,17,14,27,22,26,20,0,0,N,N,NA,NA,NA,NA,,,NA,NA,NA,NA,1,0,0,0,0,0,1,0,,C,,2,N,0,-1,UK,N,7,0,0,0,270101,,,,,,,,,,,,,,,,,,,,,,,
86753091,2019-20,STU01323,FALL,>20 - 24,Transfer-In,Full-Time,C,C,,White,N,F,C,N,Transfer-In Full-Time,B,422814,2.91,2.5,13,10,25,19,34,27,25,22,N,N,NA,NA,NA,NA,,,NA,NA,NA,NA,1,0,0,0,0,0,2,0,,C,Bridge Program,1,N,0,4,N,N,0,0,0,0,422814,,,,,,,,,,,,,,,,,,,,,,,
86753091,2019-20,STU01324,SUMMER,>20 - 24,First-Time,Part-Time,C,N,,Hispanic,H,M,,N,First-Time Part-Time,B,261504,2.88,3.09,10,7,13,10,0,0,0,0,N,R,NA,Y,NA,C,,2.54,NA,Y,NA,D,1,0,0,0,0,0,3,0,,N,,0,N,0,2,Y,Spring 2020,4,0,0,0,261504,,,,,,,,,,,,,,,,,,,,,,,
86753091,2018-19,STU01325,SUMMER,20 and younger,Transfer-In,Full-Time,UK,C,,White,N,F,N,N,Transfer-In Full-Time,B,261504,2.1,3.01,14,12,30,30,0,0,0,0,UK,N,UK,NA,UK,NA,,,UK,NA,UK,NA,1,0,0,0,0,0,4,0,,C,STEM Scholars 2019,3,N,0,0,N,N,0,0,0,0,261504,,,,,,,,,,,,,,,,,,,,,,,
86753091,2018-19,STU01326,SUMMER,Older than 24,First-Time,Part-Time,R,C,,Asian,N,M,A,Y,First-Time Part-Time,M,513899,2.4,3.41,7,7,17,15,6,5,0,0,R,N,Y,NA,NC,NA,W,,NA,NA,NA,NA,1,0,0,0,0,0,1,0,,C,,3,N,0,3,Y,N,0,0,0,0,513899,,,,,,,,,,,,,,,,,,,,,,,
86753091,2018-19,STU01327,FALL,Older than 24,First-Time,Full-Time,UK,R,,White,N,F,,Y,First-Time Full-Time,B,513899,2.79,2.12,13,10,0,0,0,0,0,0,UK,R,UK,Y,UK,D,,F,UK,NA,UK,NA,0,0,0,0,0,0,1,0,,R,STEM Scholars 2019,-1,N,0,2,N,N,0,0,0,0,513899,,,,,,,,,,,,,,,,,,,,,,,
86753091,2016-17,STU01328,FALL,>20 - 24,First-Time,Full-Time,R,C,,White,N,M,C,N,First-Time Full-Time,B,540101,2.61,2.71,15,14,25,21,32,22,0,0,R,N,N,NA,N,NA,,,NA,NA,NA,NA,1,1,0,0,0,0,3,1,,C,,4,N,0,-1,N,N,0,2,0,0,540101,,,MA,,,,,,,,,,Suburb,,,,,,,2,,,
86753091,2019-20,STU01329,FALL,Older than 24,First-Time,Full-Time,R,C,,Hispanic,H,F,P,Y,First-Time Full-Time,A,420101,2.52,2.88,14,13,27,19,23,20,0,0,R,N,Y,NA,C,NA,2.3,,NA,NA,NA,NA,1,0,0,0,0,0,1,0,,C,,4,N,0,3,N,N,0,0,0,0,420101,,,,,,,,,,,,,,,,,,,,,,,
86753091,2017-18,STU01330,FALL,Older than 24,Transfer-In,Part-Time,C,C,,Black or African American,N,F,A,N,Transfer-In Part-Time,B,261504,2.6,2.82,14,12,20,18,13,11,0,0,N,N,NA,NA,NA,NA,,,NA,NA,NA,NA,1,0,0,0,0,0,3,0,,C,First Year Success,0,N,0,1,N,N,0,0,0,0,261504,,,,,,,,,,,,,,,,,,,,,,,
86753091,2018-19,STU01331,FALL,>20 - 24,Transfer-In,Part-Time,N,C,,Asian,N,F,C,N,Transfer-In Part-Time,B,110701,2.45,3.02,6,4,10,9,20,18,11,9,R,N,Y,NA,C,NA,2.93,,Y,NA,C,NA,1,1,0,0,0,0,1,0,,C,,0,N,0,0,N,N,0,0,0,0,110701,,,TX,,,,,Baccalaureate Colleges,,,,,Urban,,,,,,,,,,
86753091,2019-20,STU01332,SUMMER,20 and younger,Transfer-In,Full-Time,R,C,UK,White,N,F,A,UK,Transfer-In Full-Time,B,230101,2.53,3.03,11,9,22,18,31,26,29,28,R,N,Y,NA,D,NA,F,,NA,NA,NA,NA,1,0,0,0,0,0,5,0,,C,,0,N,2,0,UK,Spring 2021,0,0,0,0,230101,,,,,,,,,,,,,,,,,,,,,,,
86753091,2017-18,STU01333,SPRING,20 and younger,First-Time,Full-Time,C,C,,Asian,N,F,A,N,First-Time Full-Time,B,420101,3.81,4,18,18,32,31,22,18,30,27,N,N,NA,NA,NA,NA,,,NA,NA,NA,NA,1,0,0,0,0,0,3,0,,C,,1,N,0,-1,Y,N,0,2,0,0,420101,,,,,,,,,,,,,,,,,,,,2,,,
86753091,2017-18,STU01334,FALL,Older than 24,Transfer-In,Part-Time,C,C,,White,N,M,P,N,Transfer-In Part-Time,03,510904,3.27,2.97,5,4,17,13,0,0,0,0,N,N,NA,NA,NA,NA,,,NA,NA,NA,NA,1,0,0,0,0,0,3,0,,C,,0,N,0,2,N,Spring 2020,0,0,0,0,510904,,,,,,,,,,,,,,,,,,,,,,,
86753091,2016-17,STU01335,SUMMER,>20 - 24,First-Time,Full-Time,R,N,,Asian,N,F,,N,First-Time Full-Time,B,513899,4,3.91,16,12,25,24,31,31,0,0,R,R,Y,Y,C,C,3,3.48,NA,Y,NA,C,1,0,0,0,0,0,4,0,,N,,4,N,2,4,Y,Fall 2020,0,0,0,0,513899,,,,,,,,,,,,,,,,,,,,,,,
86753091,2019-20,STU01336,SUMMER,>20 - 24,First-Time,Full-Time,C,UK,,White,N,M,A,N,First-Time Full-Time,A,240101,2.76,2.51,15,15,0,0,0,0,0,0,N,UK,NA,UK,NA,UK,,,NA,UK,NA,UK,0,1,0,0,0,0,1,0,,UK,,2,N,0,0,N,N,0,2,0,0,240101,,,MA,,,,,Associate's Colleges,,,,,,,,,,,,2,,,
86753091,2016-17,STU01337,FALL,20 and younger,First-Time,Full-Time,C,C,,Asian,N,M,N,UK,First-Time Full-Time,B,510904,2.71,2.55,17,12,28,22,37,30,25,19,N,N,NA,NA,NA,NA,,,NA,NA,NA,NA,1,0,0,0,0,0,2,0,,C,First Year Success,-1,N,1,0,N,Spring 2020,0,0,0,0,510904,,,,,,,,,,,,,,,,,,,,,,,
86753091,2016-17,STU01338,SUMMER,Older than 24,First-Time,Full-Time,C,N,,Hispanic,H,M,N,Y,First-Time Full-Time,C1,110701,1.71,2.66,11,10,25,19,0,0,0,0,N,R,NA,Y,NA,C,,3.74,NA,Y,NA,D,1,1,0,0,0,3,4,2,,N,,1,N,0,3,N,Spring 2021,0,0,0,3,110701,,AZ,AZ,,AZ,,Doctoral Universities,Doctoral Universities,,Doctoral Universities,,Town/Rural,Town/Rural,,Town/Rural,,,3,,,,3,
86753091,2018-19,STU01339,FALL,>20 - 24,Transfer-In,Full-Time,N,C,,Hispanic,H,P,B,N,Transfer-In Full-Time,03,420101,4,3.72,12,11,35,31,29,26,32,28,R,N,Y,NA,D,NA,F,,Y,NA,D,NA,1,1,0,0,0,0,3,2,,C,,4,N,0,0,N,Fall 2020,0,0,0,0,420101,,,NJ,,,,,Doctoral Universities,,,,,Suburb,,,,,,,,,,
86753091,2019-20,STU01340,FALL,>20 - 24,First-Time,Full-Time,C,N,,White,N,M,B,N,First-Time Full-Time,A,510904,3.66,3.57,17,15,28,28,0,0,0,0,N,R,NA,Y,NA,C,,P,NA,Y,NA,C,1,0,0,0,0,0,1,0,,N,,1,N,0,0,UK,Fall 2019,0,0,0,0,510904,,,,,,,,,,,,,,,,,,,,,,,
86753091,2020-21,STU01341,FALL,>20 - 24,Transfer-In,Full-Time,N,N,,Black or African American,N,M,B,N,Transfer-In Full-Time,02,420101,2.86,3.01,11,9,32,26,27,26,0,0,R,R,Y,Y,C,C,O,3.35,Y,Y,C,D,1,0,0,0,0,0,4,0,,N,,2,N,0,-1,N,N,0,0,0,0,420101,,,,,,,,,,,,,,,,,,,,,,,
86753091,2016-17,STU01342,FALL,20 and younger,Transfer-In,Full-Time,C,C,,Black or African American,N,F,C,N,Transfer-In Full-Time,B,110701,4,3.84,15,14,17,14,0,0,0,0,N,N,NA,NA,NA,NA,,,NA,NA,NA,NA,1,0,0,0,0,0,1,0,,C,,0,N,0,4,N,N,0,0,0,0,110701,,,,,,,,,,,,,,,,,,,,,,,
86753091,2018-19,STU01343,FALL,>20 - 24,First-Time,Full-Time,R,N,,White,N,F,C,N,First-Time Full-Time,A,540101,4,3.87,18,18,24,22,0,0,0,0,R,R,N,Y,N,D,,W,NA,N,NA,N,1,0,0,0,0,0,4,0,,N,,-1,N,0,3,N,N,4,0,0,0,540101,,,,,,,,,,,,,,,,,,,,,,,
86753091,2020-21,STU01344,SPRING,>20 - 24,Re-admit,Full-Time,N,C,,Hispanic,H,F,,N,Re-admit Full-Time,B,240101,2.66,2.48,10,8,25,21,23,16,29,21,R,N,Y,NA,D,NA,F,,Y,NA,D,NA,1,0,0,0,0,0,2,0,,C,,0,N,2,0,N,N,0,0,0,0,240101,,,,,,,,,,,,,,,,,,,,,,,
86753091,2016-17,STU01345,FALL,>20 - 24,First-Time,Full-Time,N,C,,White,N,F,P,UK,First-Time Full-Time,C1,510904,2.8,2.67,14,13,22,20,25,25,0,0,R,N,Y,NA,C,NA,3.06,,Y,NA,D,NA,1,0,0,0,0,0,2,0,,C,First Year Success,5,N,0,0,N,N,0,0,0,0,510904,,,,,,,,,,,,,,,,,,,,,,,
86753091,2019-20,STU01346,FALL,>20 - 24,Transfer-In,Full-Time,N,N,,White,N,F,P,Y,Transfer-In Full-Time,B,131202,3.35,3.61,18,15,26,23,28,26,0,0,R,R,Y,Y,C,C,O,2.38,Y,Y,C,C,1,1,0,0,6,0,1,1,,N,,1,N,0,4,N,Spring 2021,4,0,6,0,131202,TX,,TX,TX,,Associate's Colleges,,Associate's Colleges,Associate's Colleges,,,,,,,,,,,,,,
86753091,2016-17,STU01347,FALL,Older than 24,First-Time,Part-Time,R,C,,Asian,N,M,N,N,First-Time Part-Time,03,261504,3.32,3.39,13,8,0,0,0,0,0,0,R,N,Y,NA,C,NA,1.97,,NA,NA,NA,NA,0,0,0,0,0,0,1,0,,C,,6,P,0,1,N,Fall 2020,0,0,0,0,261504,,,,,,,,,,,,,,,,,,,,,,,
86753091,2016-17,STU01348,FALL,>20 - 24,Transfer-In,Full-Time,R,C,,White,N,F,B,N,Transfer-In Full-Time,03,513899,3.45,3.02,13,11,0,0,0,0,0,0,R,N,N,NA,N,NA,,,NA,NA,NA,NA,0,0,0,0,0,0,1,0,,C,,1,N,0,2,N,N,0,0,0,0,513899,,,,,,,,,,,,,,,,,,,,,,,
86753091,2020-21,STU01349,SPRING,>20 - 24,First-Time,Full-Time,C,C,,Black or African American,N,F,B,N,First-Time Full-Time,C1,422814,3.54,4,16,13,30,30,24,24,26,25,N,N,NA,NA,NA,NA,,,NA,NA,NA,NA,1,0,0,0,0,0,3,0,,C,,0,N,2,3,UK,N,0,0,0,0,422814,,,,,,,,,,,,,,,,,,,,,,,
86753091,2016-17,STU01350,SUMMER,>20 - 24,First-Time,Full-Time,N,C,,Hispanic,H,F,P,N,First-Time Full-Time,02,261504,2.38,2.34,15,11,30,26,26,19,0,0,R,N,Y,NA,D,NA,W,,N,NA,N,NA,1,0,0,0,0,0,1,0,,C,,0,Y,0,0,Y,N,0,0,0,0,261504,,,,,,,,,,,,,,,,,,,,,,,
86753091,2018-19,STU01351,SPRING,>20 - 24,Transfer-In,Full-Time,C,C,,Two or More Races,N,F,B,N,Transfer-In Full-Time,B,240101,4,3.39,17,13,26,19,32,32,24,22,N,N,NA,NA,NA,NA,,,NA,NA,NA,NA,1,0,0,4,0,0,3,0,4.3,C,,-1,UK,0,3,N,N,0,4,0,0,240101,,,,,,,,,,,,,,,,4,,,,4,,,
86753091,2017-18,STU01352,FALL,20 and younger,First-Time,Full-Time,N,N,SE,Hispanic,H,F,B,N,First-Time Full-Time,B,422814,3.58,4,18,18,32,29,23,23,19,16,R,R,Y,Y,NC,D,W,W,Y,Y,C,D,1,0,0,0,0,0,2,0,,N,,0,N,1,3,N,N,0,0,0,0,422814,,,,,,,,,,,,,,,,,,,,,,,
86753091,2019-20,STU01353,FALL,Older than 24,First-Time,Part-Time,N,N,,Black or African American,N,F,B,N,First-Time Part-Time,B,420101,3.67,3.47,6,5,17,13,22,18,0,0,R,R,Y,Y,D,C,I,3.18,N,N,N,N,1,0,0,0,0,0,3,0,,N,,0,N,-1,1,N,Fall 2020,4,0,0,0,420101,,,,,,,,,,,,,,,,,,,,,,,
86753091,2020-21,STU01354,FALL,Older than 24,Transfer-In,Full-Time,C,C,,Hispanic,H,M,,Y,Transfer-In Full-Time,03,513899,4,3.9,17,17,29,25,37,34,31,30,N,N,NA,NA,NA,NA,,,NA,NA,NA,NA,1,0,0,0,0,0,2,0,,C,,-1,N,0,4,N,N,0,0,0,0,513899,,,,,,,,,,,,,,,,,,,,,,,
86753091,2018-19,STU01355,SPRING,20 and younger,First-Time,Full-Time,C,R,,White,N,M,C,Y,First-Time Full-Time,B,110701,2.24,2.15,14,12,26,18,28,16,24,14,N,R,NA,Y,NA,C,,3.05,NA,NA,NA,NA,1,1,0,0,0,0,1,2,,R,,1,N,0,1,Y,N,0,0,0,0,110701,,,NC,,,,,Baccalaureate Colleges,,,,,Suburb,,,,,,,,,,
86753091,2016-17,STU01356,SPRING,20 and younger,Transfer-In,Full-Time,C,C,,White,N,M,A,UK,Transfer-In Full-Time,03,520201,2.84,2.58,13,10,0,0,0,0,0,0,N,N,NA,NA,NA,NA,,,NA,NA,NA,NA,0,0,0,0,0,0,1,0,,C,,2,N,0,3,Y,N,0,0,0,0,520201,,,,,,,,,,,,,,,,,,,,,,,
86753091,2017-18,STU01357,SPRING,20 and younger,First-Time,Part-Time,N,C,,Hispanic,H,F,,N,First-Time Part-Time,B,510904,4,3.83,6,4,15,15,19,15,0,0,R,N,Y,NA,C,NA,3.33,,Y,NA,D,NA,1,0,0,0,0,0,3,0,,C,,-1,N,-1,4,N,N,0,0,0,0,510904,,,,,,,,,,,,,,,,,,,,,,,
86753091,2019-20,STU01358,SPRING,>20 - 24,Transfer-In,Full-Time,C,C,UK,Two or More Races,N,F,C,Y,Transfer-In Full-Time,03,420101,3.67,3.2,11,9,29,21,31,31,26,25,N,N,NA,NA,NA,NA,,,NA,NA,NA,NA,1,0,0,0,0,0,4,0,,C,,-1,N,0,3,UK,N,0,0,0,0,420101,,,,,,,,,,,,,,,,,,,,,,,
86753091,2020-21,STU01359,FALL,>20 - 24,Transfer-In,Full-Time,C,C,UK,Black or African American,N,F,P,N,Transfer-In Full-Time,C2,240101,4,3.99,14,13,28,28,31,31,0,0,N,N,NA,NA,NA,NA,,,NA,NA,NA,NA,1,0,0,0,0,0,4,0,,C,STEM Scholars 2019,0,N,-1,0,UK,Spring 2021,0,0,0,0,240101,,,,,,,,,,,,,,,,,,,,,,,
86753091,2019-20,STU01360,FALL,Older than 24,First-Time,Full-Time,R,C,,White,N,F,A,N,First-Time Full-Time,A,261504,3.3,3.05,16,15,33,24,29,24,0,0,R,N,Y,NA,C,NA,3.08,,NA,NA,NA,NA,1,0,0,0,0,0,2,0,,C,,4,N,0,1,N,Spring 2020,0,0,0,0,261504,,,,,,,,,,,,,,,,,,,,,,,
86753091,2018-19,STU01361,FALL,20 and younger,Transfer-In,Full-Time,N,N,,Hispanic,H,F,B,N,Transfer-In Full-Time,02,520201,3.21,3.09,11,11,30,24,29,23,0,0,R,R,N,Y,N,C,,2.78,Y,Y,C,C,1,0,0,0,0,0,4,0,,N,Bridge Program,4,N,0,-1,N,N,0,0,0,0,520201,,,,,,,,,,,,,,,,,,,,,,,
86753091,2019-20,STU01362,FALL,20 and younger,First-Time,Full-Time,UK,N,,Black or African American,N,F,B,N,First-Time Full-Time,B,110701,3.31,3.24,17,14,32,26,21,19,27,21,UK,R,UK,Y,UK,D,,F,UK,Y,UK,C,1,0,0,3,0,0,3,0,2.7,N,Bridge Program,0,N,0,3,Y,N,0,3,0,0,110701,,,,,,,,,,,,,,,,3,,,,3,,,
86753091,2019-20,STU01363,FALL,20 and younger,Transfer-In,Full-Time,N,UK,,Hispanic,H,F,,UK,Transfer-In Full-Time,B,422814,3.66,3.48,15,11,22,18,20,15,23,23,R,UK,Y,UK,C,UK,2.62,,Y,UK,D,UK,1,0,0,2,0,0,4,0,1.8,UK,,3,N,0,-1,N,N,0,2,0,0,422814,,,,,,,,,,,,,,,,2,,,,2,,,
86753091,2016-17,STU01364,FALL,Older than 24,Transfer-In,Part-Time,C,C,,Black or African American,N,M,A,N,Transfer-In Part-Time,B,510904,4,3.66,9,8,0,0,0,0,0,0,N,N,NA,NA,NA,NA,,,NA,NA,NA,NA,0,0,0,0,0,0,1,0,,C,,0,N,0,0,N,Spring 2020,7,0,0,0,510904,,,,,,,,,,,,,,,,,,,,,,,
86753091,2020-21,STU01365,SUMMER,Older than 24,Transfer-In,Part-Time,UK,N,,White,N,F,N,Y,Transfer-In Part-Time,B,270101,2.43,2.86,10,7,23,21,0,0,0,0,UK,R,UK,Y,UK,D,,F,UK,Y,UK,C,1,0,0,0,0,0,3,0,,N,,3,N,-1,3,N,N,0,0,0,0,270101,,,,,,,,,,,,,,,,,,,,,,,
86753091,2020-21,STU01366,FALL,Older than 24,First-Time,Part-Time,C,C,,Black or African American,N,F,B,Y,First-Time Part-Time,B,131202,3.34,3.27,11,9,0,0,0,0,0,0,N,N,NA,NA,NA,NA,,,NA,NA,NA,NA,0,0,0,0,0,0,1,0,,C,,0,N,2,2,UK,Spring 2021,0,0,0,0,131202,,,,,,,,,,,,,,,,,,,,,,,
86753091,2020-21,STU01367,FALL,20 and younger,First-Time,Part-Time,N,R,,Asian,N,F,A,N,First-Time Part-Time,B,110701,2.39,2.61,7,6,0,0,0,0,0,0,R,R,UK,Y,UK,C,,4,Y,NA,D,NA,0,0,0,0,0,0,1,0,,R,Bridge Program,4,N,0,3,N,N,0,2,0,0,110701,,,,,,,,,,,,,,,,,,,,2,,,
86753091,2017-18,STU01368,FALL,>20 - 24,First-Time,Full-Time,N,N,,Black or African American,N,F,N,Y,First-Time Full-Time,03,110701,2.89,2.91,14,13,23,21,0,0,0,0,R,R,N,Y,N,C,,A,N,Y,N,C,1,0,0,0,0,0,3,0,,N,,0,N,0,4,N,N,6,0,0,0,110701,,,,,,,,,,,,,,,,,,,,,,,
86753091,2016-17,STU01369,FALL,>20 - 24,First-Time,Full-Time,N,C,UK,White,N,F,B,N,First-Time Full-Time,C1,510904,1.99,1.78,19,14,24,13,28,14,0,0,R,N,Y,NA,NC,NA,W,,Y,NA,C,NA,1,0,0,0,0,0,2,0,,C,,2,N,0,4,Y,N,0,0,0,0,510904,,,,,,,,,,,,,,,,,,,,,,,
86753091,2018-19,STU01370,FALL,>20 - 24,Transfer-In,Full-Time,C,C,UK,White,N,F,A,Y,Transfer-In Full-Time,B,513899,4,3.3,22,19,22,19,24,22,0,0,N,N,NA,NA,NA,NA,,,NA,NA,NA,NA,1,0,0,4,0,0,4,0,3.9,C,,3,Y,0,3,N,N,4,4,0,0,513899,,,,,,,,,,,,,,,,4,,,,4,,,
86753091,2017-18,STU01371,FALL,>20 - 24,First-Time,Full-Time,C,R,,White,N,F,B,UK,First-Time Full-Time,B,422814,2.9,3.33,15,9,25,24,30,24,27,27,N,R,NA,Y,NA,C,,P,NA,NA,NA,NA,1,0,0,0,0,0,1,0,,R,,0,N,1,3,N,N,0,0,0,0,422814,,,,,,,,,,,,,,,,,,,,,,,
86753091,2016-17,STU01372,FALL,>20 - 24,First-Time,Full-Time,N,N,,Asian,N,F,,N,First-Time Full-Time,05,422814,3.98,2.93,17,12,0,0,0,0,0,0,R,R,N,Y,N,C,,1.84,Y,Y,D,C,0,0,0,0,0,0,1,0,,N,,1,N,0,2,N,N,5,0,0,0,422814,,,,,,,,,,,,,,,,,,,,,,,
86753091,2016-17,STU01373,SUMMER,>20 - 24,Transfer-In,Full-Time,R,UK,,Hispanic,H,X,B,UK,Transfer-In Full-Time,B,230101,2.79,2.39,13,10,25,16,0,0,0,0,R,UK,N,UK,N,UK,,,NA,UK,NA,UK,1,0,0,0,0,0,2,0,,UK,,3,N,2,0,Y,N,0,0,0,0,230101,,,,,,,,,,,,,,,,,,,,,,,
86753091,2019-20,STU01374,SUMMER,20 and younger,First-Time,Full-Time,UK,C,UK,Unknown,UK,M,C,N,First-Time Full-Time,B,261504,2.23,2.97,17,15,0,0,0,0,0,0,UK,N,UK,NA,UK,NA,,,UK,NA,UK,NA,0,0,0,0,0,0,1,0,,C,,0,N,-1,3,N,N,0,0,0,0,261504,,,,,,,,,,,,,,,,,,,,,,,
86753091,2019-20,STU01375,FALL,Older than 24,First-Time,Part-Time,N,N,UK,White,N,M,P,Y,First-Time Part-Time,03,131202,3.21,3.26,13,11,22,18,0,0,0,0,R,R,Y,Y,NC,D,F,F,Y,N,C,N,1,0,0,0,0,0,2,0,,N,,0,N,0,1,N,N,0,0,0,0,131202,,,,,,,,,,,,,,,,,,,,,,,
86753091,2017-18,STU01376,FALL,Older than 24,First-Time,Full-Time,N,C,,Black or African American,N,M,B,N,First-Time Full-Time,02,110701,3,3.27,11,10,0,0,0,0,0,0,R,N,Y,NA,C,NA,O,,Y,NA,C,NA,0,1,0,0,0,0,1,2,,C,,0,N,0,2,N,N,4,0,0,0,110701,,,MI,,,,,Baccalaureate Colleges,,,,,Urban,,,,,,,,,,
86753091,2020-21,STU01377,SPRING,20 and younger,First-Time,Full-Time,N,C,,Asian,N,F,C,UK,First-Time Full-Time,B,513899,2.97,3.5,16,11,0,0,0,0,0,0,R,N,Y,NA,C,NA,1.33,,Y,NA,D,NA,0,0,0,0,0,0,1,0,,C,,1,N,-1,-1,N,N,4,0,0,0,513899,,,,,,,,,,,,,,,,,,,,,,,
86753091,2020-21,STU01378,FALL,>20 - 24,First-Time,Full-Time,N,C,UK,Two or More Races,N,F,B,N,First-Time Full-Time,02,540101,2.97,3.13,17,14,30,23,26,19,31,27,R,N,Y,NA,NC,NA,W,,N,NA,N,NA,1,0,0,0,0,0,2,0,,C,,0,N,0,4,Y,N,0,0,0,0,540101,,,,,,,,,,,,,,,,,,,,,,,
86753091,2018-19,STU01379,FALL,20 and younger,Transfer-In,Full-Time,C,N,,White,N,M,P,N,Transfer-In Full-Time,B,422814,2.17,2.11,19,15,27,13,26,21,24,19,N,R,NA,Y,NA,C,,2.86,NA,Y,NA,C,1,0,0,0,0,0,5,0,,N,,-1,N,0,1,N,N,0,0,0,0,422814,,,,,,,,,,,,,,,,,,,,,,,
86753091,2019-20,STU01380,FALL,20 and younger,First-Time,Full-Time,R,N,,White,N,M,,UK,First-Time Full-Time,B,230101,2.92,3.13,19,13,29,24,27,26,23,13,R,R,Y,Y,C,C,3.08,2.69,NA,N,NA,N,1,1,0,0,0,0,4,1,,N,Bridge Program,0,N,0,4,N,N,0,0,0,0,230101,,,,,,,,,,,,,Town/Rural,,,,,,,,,,
86753091,2016-17,STU01381,FALL,Older than 24,Transfer-In,Part-Time,R,N,,Hispanic,H,F,B,Y,Transfer-In Part-Time,03,513899,3.6,3.39,9,8,20,11,17,13,23,23,R,R,Y,Y,C,C,P,3.42,NA,Y,NA,C,1,0,0,0,0,0,1,0,,N,First Year Success,5,N,1,1,UK,N,0,0,0,0,513899,,,,,,,,,,,,,,,,,,,,,,,
86753091,2017-18,STU01382,SUMMER,20 and younger,First-Time,Full-Time,C,C,,Two or More Races,N,F,,Y,First-Time Full-Time,B,510904,3.62,4,16,16,29,22,35,31,0,0,N,N,NA,NA,NA,NA,,,NA,NA,NA,NA,1,0,0,0,0,0,1,0,,C,,4,N,0,0,N,N,6,0,0,0,510904,,,,,,,,,,,,,,,,,,,,,,,
86753091,2019-20,STU01383,SUMMER,>20 - 24,Transfer-In,Full-Time,C,C,,Hispanic,H,F,B,N,Transfer-In Full-Time,B,261504,2.38,2.8,17,15,0,0,0,0,0,0,N,N,NA,NA,NA,NA,,,NA,NA,NA,NA,0,0,0,0,0,0,1,0,,C,,1,N,2,-1,N,N,0,0,0,0,261504,,,,,,,,,,,,,,,,,,,,,,,
86753091,2020-21,STU01384,FALL,>20 - 24,Transfer-In,Full-Time,C,C,,Hispanic,H,M,B,N,Transfer-In Full-Time,B,520201,4,3.52,18,15,34,30,0,0,0,0,N,N,NA,NA,NA,NA,,,NA,NA,NA,NA,1,1,0,0,0,0,1,3,,C,,-1,N,0,4,N,N,0,0,0,0,520201,,,NJ,,,,,,,,,,Suburb,,,,,,,,,,
86753091,2020-21,STU01385,FALL,20 and younger,Transfer-In,Part-Time,C,C,,Hispanic,H,F,P,N,Transfer-In Part-Time,B,270101,3.17,2.82,10,8,21,11,0,0,0,0,N,N,NA,NA,NA,NA,,,NA,NA,NA,NA,1,0,0,0,0,0,5,0,,C,First Year Success,0,N,-1,4,N,N,0,0,0,0,270101,,,,,,,,,,,,,,,,,,,,,,,
86753091,2019-20,STU01386,SPRING,20 and younger,First-Time,Full-Time,N,C,SE,Hispanic,H,F,P,UK,First-Time Full-Time,A,270101,3.89,4,16,14,28,22,0,0,0,0,R,N,Y,NA,C,NA,2.84,,Y,NA,C,NA,1,1,0,0,0,0,2,2,,C,,-1,N,0,3,N,N,0,0,0,0,270101,,,AZ,,,,,,,,,,Suburb,,,,,,,,,,
86753091,2019-20,STU01387,FALL,Older than 24,Transfer-In,Full-Time,C,C,,Hispanic,H,F,B,Y,Transfer-In Full-Time,B,520201,3.84,3.07,11,8,28,19,28,20,29,24,N,N,NA,NA,NA,NA,,,NA,NA,NA,NA,1,0,0,0,0,0,4,0,,C,First Year Success,3,UK,0,1,N,Fall 2019,0,0,0,0,520201,,,,,,,,,,,,,,,,,,,,,,,
86753091,2016-17,STU01388,FALL,20 and younger,Transfer-In,Full-Time,C,C,,Black or African American,N,M,B,N,Transfer-In Full-Time,B,230101,2.83,2.94,13,8,20,14,0,0,0,0,N,N,NA,NA,NA,NA,,,NA,NA,NA,NA,1,0,0,0,0,0,4,0,,C,,6,N,0,2,N,Spring 2021,0,0,0,0,230101,,,,,,,,,,,,,,,,,,,,,,,
86753091,2016-17,STU01389,FALL,>20 - 24,Transfer-In,Full-Time,C,C,,Hispanic,H,M,A,Y,Transfer-In Full-Time,B,513899,2.8,2.55,13,7,24,20,28,26,0,0,N,N,NA,NA,NA,NA,,,NA,NA,NA,NA,1,0,0,0,0,0,3,0,,C,,0,N,0,0,N,N,0,0,0,0,513899,,,,,,,,,,,,,,,,,,,,,,,
86753091,2019-20,STU01390,FALL,>20 - 24,First-Time,Full-Time,N,N,,White,N,F,,Y,First-Time Full-Time,A,230101,2.08,2.31,16,12,27,23,34,20,0,0,R,R,N,N,N,N,,,Y,Y,C,C,1,0,0,0,0,0,1,0,,N,,0,N,0,-1,UK,N,0,0,0,0,230101,,,,,,,,,,,,,,,,,,,,,,,
86753091,2017-18,STU01391,FALL,20 and younger,Re-admit,Full-Time,C,C,,White,N,M,A,UK,Re-admit Full-Time,B,540101,3.64,2.45,16,15,27,18,33,25,26,19,N,N,NA,NA,NA,NA,,,NA,NA,NA,NA,1,1,0,4,4,0,1,2,3.9,C,,-1,N,-1,3,N,N,4,4,4,0,540101,FL,,FL,FL,,Master's Colleges & Universities,,Master's Colleges & Universities,Master's Colleges & Universities,,,,,,,4,,,,4,,,
86753091,2019-20,STU01392,FALL,>20 - 24,First-Time,Part-Time,N,R,,White,N,M,B,UK,First-Time Part-Time,B,422814,3.98,4,11,10,12,8,15,15,26,25,R,R,UK,Y,UK,D,,W,Y,NA,C,NA,1,1,0,0,0,3,1,2,,R,,4,N,1,2,N,N,5,0,0,3,422814,,OH,OH,,OH,,Master's Colleges & Universities,Master's Colleges & Universities,,Master's Colleges & Universities,,Town/Rural,Town/Rural,,Town/Rural,,,3,,,,3,
86753091,2016-17,STU01393,FALL,>20 - 24,Re-admit,Full-Time,R,R,,White,N,M,B,N,Re-admit Full-Time,03,230101,2.9,2.6,21,16,30,23,27,23,0,0,R,R,Y,N,C,N,P,,NA,NA,NA,NA,1,0,0,0,0,0,4,0,,R,,0,N,0,2,N,Spring 2020,0,0,0,0,230101,,,,,,,,,,,,,,,,,,,,,,,
86753091,2016-17,STU01394,FALL,>20 - 24,First-Time,Part-Time,C,C,,Asian,N,M,,UK,First-Time Part-Time,C2,261504,3.66,3.06,6,4,19,18,17,14,17,14,N,N,NA,NA,NA,NA,,,NA,NA,NA,NA,1,1,0,0,0,0,1,1,,C,Bridge Program,0,UK,2,-1,UK,Fall 2019,0,2,0,0,261504,,,VA,,,,,Master's Colleges & Universities,,,,,Suburb,,,,,,,2,,,
86753091,2020-21,STU01395,FALL,Older than 24,First-Time,Part-Time,C,N,,White,N,M,C,Y,First-Time Part-Time,M,131202,3.04,3.25,7,6,17,11,8,6,0,0,N,R,NA,N,NA,N,,,NA,Y,NA,C,1,0,0,0,0,0,2,0,,N,,4,N,0,2,N,N,0,0,0,0,131202,,,,,,,,,,,,,,,,,,,,,,,
86753091,2016-17,STU01396,FALL,>20 - 24,First-Time,Full-Time,R,C,,Hispanic,H,F,,N,First-Time Full-Time,M,110701,2.05,2.13,17,15,29,18,26,18,0,0,R,N,Y,NA,C,NA,2.38,,NA,NA,NA,NA,1,0,0,0,0,0,1,0,,C,,0,N,0,-1,N,N,0,0,0,0,110701,,,,,,,,,,,,,,,,,,,,,,,
86753091,2020-21,STU01397,SUMMER,20 and younger,Transfer-In,Full-Time,C,C,,White,N,F,P,N,Transfer-In Full-Time,B,420101,3.3,3.05,14,9,29,25,25,24,26,23,N,N,NA,NA,NA,NA,,,NA,NA,NA,NA,1,0,0,0,0,0,2,0,,C,,3,N,0,0,N,N,0,3,0,0,420101,,,,,,,,,,,,,,,,,,,,3,,,
86753091,2020-21,STU01398,FALL,20 and younger,Transfer-In,Full-Time,N,N,,Hispanic,H,P,B,Y,Transfer-In Full-Time,B,540101,4,4,11,11,32,28,34,33,0,0,R,R,UK,N,UK,N,,,Y,N,C,N,1,0,0,0,0,0,3,0,,N,,-1,UK,0,4,N,Spring 2021,0,0,0,0,540101,,,,,,,,,,,,,,,,,,,,,,,
86753091,2016-17,STU01399,FALL,Older than 24,Transfer-In,Part-Time,C,C,,Hispanic,H,F,C,N,Transfer-In Part-Time,B,240101,3.44,3.35,7,7,16,16,0,0,0,0,N,N,NA,NA,NA,NA,,,NA,NA,NA,NA,1,0,0,0,0,0,1,0,,C,,4,UK,0,3,N,N,0,0,0,0,240101,,,,,,,,,,,,,,,,,,,,,,,
86753091,2018-19,STU01400,FALL,20 and younger,First-Time,Full-Time,C,C,DE,White,N,M,B,N,First-Time Full-Time,B,110701,3.8,3.83,11,10,28,26,26,23,0,0,N,N,NA,NA,NA,NA,,,NA,NA,NA,NA,1,0,0,0,0,0,1,0,,C,,1,UK,0,2,N,N,0,0,0,0,110701,,,,,,,,,,,,,,,,,,,,,,,
86753091,2016-17,STU01401,FALL,Older than 24,Transfer-In,Full-Time,N,C,,Hispanic,H,UK,B,Y,Transfer-In Full-Time,B,520201,1.11,0.38,11,6,32,22,29,13,33,15,R,N,Y,NA,NC,NA,W,,N,NA,N,NA,1,0,0,0,0,0,2,0,,C,,-1,N,0,1,N,Fall 2020,4,0,0,0,520201,,,,,,,,,,,,,,,,,,,,,,,
86753091,2018-19,STU01402,SUMMER,>20 - 24,Transfer-In,Full-Time,C,C,,Asian,N,F,A,UK,Transfer-In Full-Time,B,270101,3.75,3.16,15,11,33,28,0,0,0,0,N,N,NA,NA,NA,NA,,,NA,NA,NA,NA,1,1,0,0,0,0,5,0,,C,Bridge Program,4,N,-1,3,N,N,0,0,0,0,270101,,,PA,,,,,Doctoral Universities,,,,,Suburb,,,,,,,,,,
86753091,2017-18,STU01403,SPRING,>20 - 24,Transfer-In,Full-Time,C,C,UK,Asian,N,F,B,UK,Transfer-In Full-Time,B,261504,2.36,2.85,17,17,25,23,28,19,25,16,N,N,NA,NA,NA,NA,,,NA,NA,NA,NA,1,0,0,0,0,0,4,0,,C,,1,N,0,-1,N,N,0,0,0,0,261504,,,,,,,,,,,,,,,,,,,,,,,
86753091,2016-17,STU01404,FALL,>20 - 24,Transfer-In,Full-Time,N,C,,Hispanic,H,M,A,N,Transfer-In Full-Time,B,422814,2.87,2.23,13,8,0,0,0,0,0,0,R,N,Y,NA,C,NA,P,,N,NA,N,NA,0,0,0,0,0,0,1,0,,C,,-1,N,0,2,N,N,4,0,0,0,422814,,,,,,,,,,,,,,,,,,,,,,,
86753091,2017-18,STU01405,FALL,Older than 24,Transfer-In,Part-Time,C,C,,White,N,M,B,N,Transfer-In Part-Time,C2,131202,2.19,1.8,10,9,0,0,0,0,0,0,N,N,NA,NA,NA,NA,,,NA,NA,NA,NA,0,1,0,0,0,2,1,2,,C,,-1,N,0,2,N,Fall 2020,5,0,0,2,131202,,TX,TX,,TX,,,,,,,Suburb,Suburb,,Suburb,,,2,,,,2,
86753091,2017-18,STU01406,FALL,>20 - 24,First-Time,Full-Time,N,N,,Two or More Races,N,F,C,Y,First-Time Full-Time,B,240101,3.39,4,18,18,30,30,26,25,0,0,R,R,N,Y,N,C,,3.72,N,Y,N,C,1,1,0,0,0,0,1,1,,N,,0,N,0,1,N,Fall 2020,0,0,0,0,240101,,,NC,,,,,,,,,,Town/Rural,,,,,,,,,,
86753091,2016-17,STU01407,FALL,>20 - 24,Transfer-In,Full-Time,C,R,,Hispanic,H,M,B,Y,Transfer-In Full-Time,B,513899,3.25,2.58,15,12,0,0,0,0,0,0,N,R,NA,Y,NA,C,,2.07,NA,NA,NA,NA,0,0,0,0,0,0,1,0,,R,STEM Scholars 2019,0,UK,0,2,N,Fall 2019,4,0,0,0,513899,,,,,,,,,,,,,,,,,,,,,,,
86753091,2016-17,STU01408,SPRING,>20 - 24,Transfer-In,Part-Time,C,C,,White,N,F,C,UK,Transfer-In Part-Time,B,422814,3.72,3.73,10,8,15,11,19,17,15,13,N,N,NA,NA,NA,NA,,,NA,NA,NA,NA,1,0,0,0,0,0,2,0,,C,,1,UK,-1,-1,N,Spring 2021,0,0,0,0,422814,,,,,,,,,,,,,,,,,,,,,,,
86753091,2018-19,STU01409,FALL,20 and younger,Transfer-In,Full-Time,C,C,,White,N,F,A,N,Transfer-In Full-Time,B,520201,3.81,4,17,11,33,32,26,25,33,33,N,N,NA,NA,NA,NA,,,NA,NA,NA,NA,1,0,0,0,0,0,1,0,,C,,1,N,0,4,N,N,0,0,0,0,520201,,,,,,,,,,,,,,,,,,,,,,,
86753091,2017-18,STU01410,FALL,>20 - 24,First-Time,Full-Time,N,N,UK,Black or African American,N,F,B,Y,First-Time Full-Time,B,230101,3.66,4,17,17,29,29,22,19,0,0,R,R,Y,Y,C,D,P,W,Y,N,D,N,1,0,0,0,0,0,1,0,,N,,1,UK,0,3,Y,N,0,0,0,0,230101,,,,,,,,,,,,,,,,,,,,,,,
86753091,2020-21,STU01411,FALL,20 and younger,First-Time,Full-Time,C,C,SE,White,N,F,N,N,First-Time Full-Time,B,230101,2.96,2.73,12,9,32,25,25,23,19,14,N,N,NA,NA,NA,NA,,,NA,NA,NA,NA,1,1,0,0,0,0,3,0,,C,,1,N,0,2,N,N,0,0,0,0,230101,,,OH,,,,,Master's Colleges & Universities,,,,,Suburb,,,,,,,,,,
86753091,2019-20,STU01412,FALL,20 and younger,First-Time,Full-Time,C,N,,White,N,F,B,Y,First-Time Full-Time,03,513899,4,3.48,16,14,28,25,34,30,25,12,N,R,NA,Y,NA,C,,2.82,NA,Y,NA,C,1,1,0,0,0,0,3,1,,N,,2,N,0,3,N,Fall 2019,0,0,0,0,513899,,,NC,,,,,Master's Colleges & Universities,,,,,,,,,,,,,,,
86753091,2016-17,STU01413,FALL,20 and younger,First-Time,Full-Time,N,C,DS,Asian,N,M,A,N,First-Time Full-Time,B,420101,3.62,3.27,17,12,27,18,23,21,0,0,R,N,N,NA,N,NA,,,Y,NA,C,NA,1,1,0,0,0,0,2,2,,C,,0,UK,0,0,UK,Spring 2021,0,0,0,0,420101,,,GA,,,,,Associate's Colleges,,,,,Urban,,,,,,,,,,
86753091,2019-20,STU01414,FALL,>20 - 24,Transfer-In,Full-Time,R,C,,White,N,F,C,Y,Transfer-In Full-Time,B,520201,2.05,2.36,16,9,0,0,0,0,0,0,R,N,UK,NA,UK,NA,,,NA,NA,NA,NA,0,0,0,0,0,0,1,0,,C,,0,N,2,-1,N,N,6,3,0,0,520201,,,,,,,,,,,,,,,,,,,,3,,,
86753091,2017-18,STU01415,FALL,20 and younger,First-Time,Full-Time,C,C,,White,N,M,P,N,First-Time Full-Time,B,510904,4,3.8,15,12,29,27,35,35,0,0,N,N,NA,NA,NA,NA,,,NA,NA,NA,NA,1,0,0,0,0,0,3,0,,C,,0,N,0,3,N,N,0,2,0,0,510904,,,,,,,,,,,,,,,,,,,,2,,,
86753091,2020-21,STU01416,FALL,Older than 24,First-Time,Full-Time,R,C,,Hispanic,H,F,B,N,First-Time Full-Time,B,240101,2.45,2.92,20,18,29,27,26,25,29,23,R,N,N,NA,N,NA,,,NA,NA,NA,NA,1,0,0,0,0,0,1,0,,C,Bridge Program,0,N,0,2,Y,N,0,0,0,0,240101,,,,,,,,,,,,,,,,,,,,,,,
86753091,2016-17,STU01417,FALL,>20 - 24,Transfer-In,Full-Time,N,C,,Hispanic,H,F,N,N,Transfer-In Full-Time,B,240101,2.43,2.79,14,12,32,23,24,15,0,0,R,N,Y,NA,C,NA,4,,Y,NA,C,NA,1,0,0,0,0,0,3,0,,C,STEM Scholars 2019,2,N,0,4,N,N,0,0,0,0,240101,,,,,,,,,,,,,,,,,,,,,,,
86753091,2018-19,STU01418,FALL,>20 - 24,First-Time,Full-Time,N,C,,Hispanic,H,F,A,UK,First-Time Full-Time,B,520201,3.44,3.9,15,13,31,31,22,18,0,0,R,N,Y,NA,C,NA,3.26,,Y,NA,C,NA,1,1,0,0,0,0,2,1,,C,,0,UK,0,3,N,Fall 2020,0,0,0,0,520201,,,,,,,,Master's Colleges & Universities,,,,,,,,,,,,,,,
86753091,2017-18,STU01419,SPRING,20 and younger,First-Time,Full-Time,N,C,,Hispanic,H,M,N,N,First-Time Full-Time,01,131202,2.62,2.89,17,13,0,0,0,0,0,0,R,N,Y,NA,C,NA,3.61,,Y,NA,C,NA,0,0,0,0,0,0,1,0,,C,,0,UK,0,-1,N,N,0,0,0,0,131202,,,,,,,,,,,,,,,,,,,,,,,
86753091,2019-20,STU01420,FALL,>20 - 24,Transfer-In,Full-Time,C,C,,Nonresident alien,N,F,P,N,Transfer-In Full-Time,B,261504,4,4,16,15,28,27,0,0,0,0,N,N,NA,NA,NA,NA,,,NA,NA,NA,NA,1,1,0,0,0,0,1,0,,C,STEM Scholars 2019,-1,Y,2,4,N,N,4,0,0,0,261504,,,CA,,,,,,,,,,Urban,,,,,,,,,,
86753091,2018-19,STU01421,SUMMER,>20 - 24,First-Time,Full-Time,N,C,,White,N,F,C,N,First-Time Full-Time,C2,520201,2.71,3.06,17,14,0,0,0,0,0,0,R,N,Y,NA,D,NA,F,,Y,NA,D,NA,0,0,0,0,0,0,1,0,,C,STEM Scholars 2019,0,P,0,-1,N,N,0,0,0,0,520201,,,,,,,,,,,,,,,,,,,,,,,
86753091,2016-17,STU01422,FALL,Older than 24,Transfer-In,Full-Time,C,C,,Hispanic,H,F,P,N,Transfer-In Full-Time,03,240101,2.64,3.17,15,12,0,0,0,0,0,0,N,N,NA,NA,NA,NA,,,NA,NA,NA,NA,0,0,0,0,0,0,1,0,,C,,3,P,0,4,N,N,0,0,0,0,240101,,,,,,,,,,,,,,,,,,,,,,,
86753091,2020-21,STU01423,SUMMER,Older than 24,Transfer-In,Full-Time,C,C,,White,N,F,B,N,Transfer-In Full-Time,A,131202,3.47,3.25,23,14,27,19,22,22,23,22,N,N,NA,NA,NA,NA,,,NA,NA,NA,NA,1,0,0,0,0,0,1,0,,C,,2,P,0,-1,N,N,0,0,0,0,131202,,,,,,,,,,,,,,,,,,,,,,,
86753091,2018-19,STU01424,FALL,20 and younger,Re-admit,Full-Time,C,C,,White,N,M,P,N,Re-admit Full-Time,B,520201,3.95,3.1,10,9,28,26,25,18,0,0,N,N,NA,NA,NA,NA,,,NA,NA,NA,NA,1,0,0,0,0,0,5,0,,C,STEM Scholars 2019,0,UK,0,4,N,N,4,0,0,0,520201,,,,,,,,,,,,,,,,,,,,,,,
86753091,2019-20,STU01425,FALL,>20 - 24,First-Time,Full-Time,C,C,UK,Nonresident alien,N,F,B,Y,First-Time Full-Time,B,240101,2.92,3.2,13,10,30,24,22,18,22,21,N,N,NA,NA,NA,NA,,,NA,NA,NA,NA,1,0,0,3,0,0,4,0,3.1,C,,-1,N,0,4,N,N,0,3,0,0,240101,,,,,,,,,,,,,,,,3,,,,3,,,
86753091,2019-20,STU01426,FALL,20 and younger,Transfer-In,Full-Time,C,C,,Hispanic,H,F,B,Y,Transfer-In Full-Time,B,513899,3.5,3.74,16,16,30,29,28,25,28,23,N,N,NA,NA,NA,NA,,,NA,NA,NA,NA,1,1,0,0,0,0,3,3,,C,,0,P,-1,2,N,N,6,2,0,0,513899,,,VA,,,,,Doctoral Universities,,,,,,,,,,,,2,,,
86753091,2018-19,STU01427,SUMMER,>20 - 24,First-Time,Full-Time,R,R,,Black or African American,N,M,,UK,First-Time Full-Time,M,110701,3.47,3.06,16,12,26,18,24,18,32,28,R,R,Y,Y,D,C,W,1.66,NA,NA,NA,NA,1,0,0,0,0,0,3,0,,R,,4,N,0,-1,N,Spring 2020,0,0,0,0,110701,,,,,,,,,,,,,,,,,,,,,,,
86753091,2018-19,STU01428,FALL,>20 - 24,First-Time,Full-Time,N,C,,Hispanic,H,F,A,UK,First-Time Full-Time,A,240101,2.91,3.48,17,16,20,20,33,33,26,23,R,N,Y,NA,C,NA,3.3,,Y,NA,C,NA,1,0,0,3,0,0,3,0,2.8,C,,0,N,0,3,N,N,0,3,0,0,240101,,,,,,,,,,,,,,,,3,,,,3,,,
86753091,2019-20,STU01429,FALL,20 and younger,First-Time,Full-Time,R,N,DE,Black or African American,N,F,N,N,First-Time Full-Time,B,261504,4,3.66,14,7,22,22,0,0,0,0,R,R,Y,Y,NC,D,F,W,NA,Y,NA,C,1,0,0,0,0,0,4,0,,N,,0,N,0,2,Y,Spring 2021,0,0,0,0,261504,,,,,,,,,,,,,,,,,,,,,,,
86753091,2017-18,STU01430,FALL,Older than 24,Transfer-In,Full-Time,C,R,,Black or African American,N,F,B,Y,Transfer-In Full-Time,B,230101,3.28,3.67,13,11,24,24,31,30,0,0,N,R,NA,Y,NA,C,,2.67,NA,NA,NA,NA,1,0,0,0,0,0,1,0,,R,,2,UK,0,2,UK,Fall 2019,0,0,0,0,230101,,,,,,,,,,,,,,,,,,,,,,,
86753091,2019-20,STU01431,SPRING,>20 - 24,Transfer-In,Full-Time,C,C,,White,N,F,A,Y,Transfer-In Full-Time,B,540101,3.47,3.51,10,9,29,20,34,34,26,26,N,N,NA,NA,NA,NA,,,NA,NA,NA,NA,1,1,0,0,0,0,3,2,,C,,-1,N,0,0,N,N,0,0,0,0,540101,,,VA,,,,,Baccalaureate Colleges,,,,,Town/Rural,,,,,,,,,,
86753091,2019-20,STU01432,FALL,Older than 24,Transfer-In,Part-Time,C,C,,Nonresident alien,N,F,N,Y,Transfer-In Part-Time,B,261504,4,3.57,7,7,10,9,15,14,0,0,N,N,NA,NA,NA,NA,,,NA,NA,NA,NA,1,1,0,0,0,0,2,1,,C,,0,P,0,2,N,N,6,0,0,0,261504,,,NJ,,,,,Doctoral Universities,,,,,Urban,,,,,,,,,,
86753091,2017-18,STU01433,FALL,Older than 24,Re-admit,Full-Time,C,N,,Black or African American,N,F,N,N,Re-admit Full-Time,A,110701,3.04,3.4,13,12,24,22,26,17,0,0,N,R,NA,Y,NA,NC,,W,NA,Y,NA,D,1,0,0,0,0,0,3,0,,N,,1,N,0,0,N,Fall 2019,0,3,0,0,110701,,,,,,,,,,,,,,,,,,,,3,,,
86753091,2017-18,STU01434,SUMMER,>20 - 24,Transfer-In,Full-Time,C,C,,Hispanic,H,F,,UK,Transfer-In Full-Time,B,261504,2.84,2.47,15,10,30,27,0,0,0,0,N,N,NA,NA,NA,NA,,,NA,NA,NA,NA,1,0,0,0,0,0,2,0,,C,,3,N,0,2,N,Fall 2019,5,0,0,0,261504,,,,,,,,,,,,,,,,,,,,,,,
86753091,2020-21,STU01435,SPRING,>20 - 24,First-Time,Full-Time,C,C,,Hispanic,H,M,C,Y,First-Time Full-Time,B,540101,3.41,3.52,17,16,27,24,24,24,28,27,N,N,NA,NA,NA,NA,,,NA,NA,NA,NA,1,0,0,0,0,0,4,0,,C,,2,UK,0,-1,UK,N,0,0,0,0,540101,,,,,,,,,,,,,,,,,,,,,,,
86753091,2019-20,STU01436,FALL,>20 - 24,Transfer-In,Full-Time,C,C,,Hispanic,H,F,N,N,Transfer-In Full-Time,B,510904,2.39,2.42,17,10,0,0,0,0,0,0,N,N,NA,NA,NA,NA,,,NA,NA,NA,NA,0,0,0,0,0,0,1,0,,C,,0,N,0,3,N,N,0,0,0,0,510904,,,,,,,,,,,,,,,,,,,,,,,
86753091,2016-17,STU01437,SUMMER,>20 - 24,Transfer-In,Full-Time,C,UK,,White,N,F,N,Y,Transfer-In Full-Time,B,422814,2.85,2.92,16,11,27,19,0,0,0,0,N,UK,NA,UK,NA,UK,,,NA,UK,NA,UK,1,1,0,0,0,0,1,0,,UK,,5,N,-1,0,N,N,0,0,0,0,422814,,,MI,,,,,,,,,,Town/Rural,,,,,,,,,,
86753091,2019-20,STU01438,FALL,20 and younger,First-Time,Full-Time,C,C,,Hispanic,H,F,B,Y,First-Time Full-Time,B,420101,2.72,2.58,16,12,0,0,0,0,0,0,N,N,NA,NA,NA,NA,,,NA,NA,NA,NA,0,1,0,0,0,0,1,0,,C,,0,N,0,0,N,N,4,0,0,0,420101,,,MI,,,,,Doctoral Universities,,,,,Urban,,,,,,,,,,
86753091,2019-20,STU01439,FALL,>20 - 24,Transfer-In,Part-Time,N,C,,White,N,M,,Y,Transfer-In Part-Time,B,240101,2.8,3.59,8,7,17,14,0,0,0,0,R,N,Y,NA,C,NA,3.15,,N,NA,N,NA,1,0,0,0,0,0,1,0,,C,,3,N,0,2,N,N,0,0,0,0,240101,,,,,,,,,,,,,,,,,,,,,,,
86753091,2016-17,STU01440,SPRING,>20 - 24,First-Time,Full-Time,C,N,,White,N,F,N,Y,First-Time Full-Time,02,513899,3.75,3.5,12,9,28,27,28,26,0,0,N,R,NA,Y,NA,NC,,W,NA,Y,NA,C,1,0,0,0,0,0,2,0,,N,First Year Success,0,UK,0,2,Y,N,0,0,0,0,513899,,,,,,,,,,,,,,,,,,,,,,,
86753091,2020-21,STU01441,WINTER,Older than 24,Transfer-In,Part-Time,C,C,,Black or African American,N,M,B,Y,Transfer-In Part-Time,B,422814,4,4,5,5,11,9,17,17,10,10,N,N,NA,NA,NA,NA,,,NA,NA,NA,NA,1,0,0,0,0,0,2,0,,C,,0,N,0,3,N,N,0,0,0,0,422814,,,,,,,,,,,,,,,,,,,,,,,
86753091,2016-17,STU01442,FALL,20 and younger,First-Time,Part-Time,R,R,DE,White,N,M,,UK,First-Time Part-Time,B,513899,2.17,2.7,5,5,12,10,20,13,18,12,R,R,Y,Y,D,C,F,3.75,NA,NA,NA,NA,1,0,0,0,0,0,2,0,,R,,2,N,0,-1,N,Fall 2020,0,0,0,0,513899,,,,,,,,,,,,,,,,,,,,,,,
86753091,2018-19,STU01443,FALL,Older than 24,First-Time,Part-Time,N,N,UK,Hispanic,H,F,N,Y,First-Time Part-Time,B,131202,4,3.49,8,7,13,12,15,11,11,11,R,R,N,Y,N,C,,P,Y,Y,C,C,1,0,0,0,0,0,2,0,,N,,-1,N,0,1,N,N,0,2,0,0,131202,,,,,,,,,,,,,,,,,,,,2,,,
86753091,2018-19,STU01444,SPRING,>20 - 24,First-Time,Full-Time,C,C,,Hispanic,H,F,N,N,First-Time Full-Time,01,540101,3.13,3.04,11,10,33,29,25,20,0,0,N,N,NA,NA,NA,NA,,,NA,NA,NA,NA,1,0,0,0,0,0,2,0,,C,,0,N,0,2,N,N,0,0,0,0,540101,,,,,,,,,,,,,,,,,,,,,,,
86753091,2017-18,STU01445,FALL,20 and younger,First-Time,Full-Time,C,C,,Hispanic,H,F,C,N,First-Time Full-Time,02,270101,3.9,4,17,17,31,31,0,0,0,0,N,N,NA,NA,NA,NA,,,NA,NA,NA,NA,1,1,0,0,0,0,3,2,,C,,1,N,0,0,N,N,0,0,0,0,270101,,,TX,,,,,Baccalaureate Colleges,,,,,Suburb,,,,,,,,,,
86753091,2018-19,STU01446,FALL,>20 - 24,First-Time,Full-Time,C,C,,Asian,N,M,P,Y,First-Time Full-Time,A,261504,3.16,2.33,15,15,0,0,0,0,0,0,N,N,NA,NA,NA,NA,,,NA,NA,NA,NA,0,0,0,0,0,0,1,0,,C,,0,N,0,3,N,N,0,0,0,0,261504,,,,,,,,,,,,,,,,,,,,,,,
86753091,2020-21,STU01447,FALL,20 and younger,First-Time,Full-Time,C,C,,White,N,F,A,Y,First-Time Full-Time,B,270101,2.2,1.64,16,13,27,12,28,19,26,13,N,N,NA,NA,NA,NA,,,NA,NA,NA,NA,1,0,0,0,0,0,4,0,,C,,0,N,0,-1,N,N,0,0,0,0,270101,,,,,,,,,,,,,,,,,,,,,,,
86753091,2017-18,STU01448,FALL,>20 - 24,First-Time,Full-Time,C,C,,Asian,N,M,P,Y,First-Time Full-Time,02,422814,4,4,14,12,29,25,29,25,33,27,N,N,NA,NA,NA,NA,,,NA,NA,NA,NA,1,0,0,0,0,0,4,0,,C,Bridge Program,0,N,0,2,N,N,0,0,0,0,422814,,,,,,,,,,,,,,,,,,,,,,,
86753091,2018-19,STU01449,SPRING,Older than 24,First-Time,Part-Time,C,C,,Hispanic,H,M,B,N,First-Time Part-Time,02,520201,3.82,3.41,8,7,0,0,0,0,0,0,N,N,NA,NA,NA,NA,,,NA,NA,NA,NA,0,0,0,0,0,0,1,0,,C,,3,N,0,1,UK,N,0,0,0,0,520201,,,,,,,,,,,,,,,,,,,,,,,
86753091,2018-19,STU01450,FALL,20 and younger,First-Time,Full-Time,R,C,,White,N,P,B,N,First-Time Full-Time,B,131202,1.91,2.16,17,13,28,19,22,19,0,0,R,N,Y,NA,C,NA,2.6,,NA,NA,NA,NA,1,1,0,0,0,0,5,2,,C,,0,UK,1,3,UK,N,4,0,0,0,131202,,,CA,,,,,Baccalaureate Colleges,,,,,Town/Rural,,,,,,,,,,
86753091,2018-19,STU01451,FALL,Older than 24,First-Time,Part-Time,C,N,,Hispanic,H,F,B,N,First-Time Part-Time,A,261504,3.73,3.17,8,4,20,18,14,14,15,12,N,R,NA,Y,NA,C,,3.47,NA,N,NA,N,1,0,0,0,0,0,2,0,,N,,-1,N,0,4,Y,Spring 2020,0,0,0,0,261504,,,,,,,,,,,,,,,,,,,,,,,
86753091,2020-21,STU01452,FALL,20 and younger,First-Time,Part-Time,R,N,UK,Hispanic,H,F,A,Y,First-Time Part-Time,B,261504,3.7,3.32,6,4,14,11,0,0,0,0,R,R,N,Y,N,C,,3.94,NA,Y,NA,D,1,0,0,0,0,0,3,0,,N,,1,N,0,4,Y,Fall 2020,0,2,0,0,261504,,,,,,,,,,,,,,,,,,,,2,,,
86753091,2018-19,STU01453,FALL,20 and younger,Transfer-In,Full-Time,C,C,,White,N,M,B,Y,Transfer-In Full-Time,B,110701,4,3.08,13,13,0,0,0,0,0,0,N,N,NA,NA,NA,NA,,,NA,NA,NA,NA,0,0,0,0,0,0,1,0,,C,,0,N,-1,4,Y,N,0,0,0,0,110701,,,,,,,,,,,,,,,,,,,,,,,
86753091,2019-20,STU01454,SPRING,>20 - 24,Transfer-In,Part-Time,C,C,,Black or African American,N,F,B,Y,Transfer-In Part-Time,B,110701,3.64,3.28,12,9,21,21,0,0,0,0,N,N,NA,NA,NA,NA,,,NA,NA,NA,NA,1,0,0,0,0,0,3,0,,C,,0,N,0,0,N,N,0,0,0,0,110701,,,,,,,,,,,,,,,,,,,,,,,
86753091,2018-19,STU01455,SPRING,>20 - 24,First-Time,Full-Time,N,N,,Black or African American,N,M,B,UK,First-Time Full-Time,A,131202,3.36,3.05,13,8,24,21,22,19,28,17,R,R,Y,Y,C,D,3.09,F,Y,Y,D,D,1,0,0,0,0,0,3,0,,N,,1,N,0,0,N,N,0,0,0,0,131202,,,,,,,,,,,,,,,,,,,,,,,
86753091,2016-17,STU01456,SUMMER,>20 - 24,Transfer-In,Full-Time,N,N,,Asian,N,M,B,N,Transfer-In Full-Time,B,422814,3.31,2.95,13,10,35,27,33,21,26,19,R,R,Y,Y,C,D,2.17,F,N,Y,N,D,1,1,0,0,0,2,1,2,,N,,1,N,0,2,N,N,0,2,0,2,422814,,NY,NY,,NY,,Master's Colleges & Universities,Master's Colleges & Universities,,Master's Colleges & Universities,,Urban,Urban,,Urban,,,2,,2,,2,
86753091,2020-21,STU01457,FALL,>20 - 24,First-Time,Full-Time,N,N,,White,N,F,B,Y,First-Time Full-Time,B,420101,3.81,4,14,14,33,33,33,29,24,24,R,R,N,Y,N,C,,P,Y,N,D,N,1,1,0,0,0,0,2,1,,N,,0,N,0,0,N,N,0,0,0,0,420101,,,IL,,,,,Associate's Colleges,,,,,Urban,,,,,,,,,,
86753091,2017-18,STU01458,SPRING,20 and younger,Transfer-In,Full-Time,C,C,,Black or African American,N,M,B,N,Transfer-In Full-Time,B,540101,2.95,3.6,12,8,0,0,0,0,0,0,N,N,NA,NA,NA,NA,,,NA,NA,NA,NA,0,0,0,0,0,0,1,0,,C,,0,N,2,-1,Y,Spring 2021,0,0,0,0,540101,,,,,,,,,,,,,,,,,,,,,,,
86753091,2016-17,STU01459,FALL,>20 - 24,Transfer-In,Full-Time,C,N,,Hispanic,H,F,B,N,Transfer-In Full-Time,B,230101,3.33,3.99,17,17,33,33,0,0,0,0,N,R,NA,Y,NA,C,,4,NA,Y,NA,C,1,0,0,0,0,0,3,0,,N,,1,N,0,0,N,N,4,0,0,0,230101,,,,,,,,,,,,,,,,,,,,,,,
86753091,2019-20,STU01460,SUMMER,20 and younger,First-Time,Full-Time,N,C,,Black or African American,N,F,B,Y,First-Time Full-Time,B,420101,3.75,3.13,15,12,0,0,0,0,0,0,R,N,Y,NA,NC,NA,F,,Y,NA,C,NA,0,0,0,0,0,0,1,0,,C,,0,N,0,-1,N,N,5,0,0,0,420101,,,,,,,,,,,,,,,,,,,,,,,
86753091,2017-18,STU01461,SUMMER,20 and younger,First-Time,Full-Time,N,C,,Unknown,UK,M,C,UK,First-Time Full-Time,A,420101,3.42,3.79,16,14,29,22,21,18,25,24,R,N,Y,NA,C,NA,2.41,,Y,NA,D,NA,1,1,0,2,0,0,5,3,1.7,C,,3,UK,2,-1,UK,Spring 2021,0,2,0,0,420101,,,NC,,,,,Associate's Colleges,,,,,Urban,,,2,,,,2,,,
86753091,2016-17,STU01462,FALL,20 and younger,First-Time,Full-Time,N,C,,White,N,M,B,Y,First-Time Full-Time,B,420101,2.4,3.07,17,16,0,0,0,0,0,0,R,N,Y,NA,D,NA,M,,Y,NA,C,NA,0,0,0,0,0,0,1,0,,C,First Year Success,0,N,0,0,N,N,0,0,0,0,420101,,,,,,,,,,,,,,,,,,,,,,,
86753091,2017-18,STU01463,FALL,Older than 24,Transfer-In,Full-Time,C,C,,Asian,N,F,B,Y,Transfer-In Full-Time,A,510904,2.49,2.49,13,9,0,0,0,0,0,0,N,N,NA,NA,NA,NA,,,NA,NA,NA,NA,0,0,0,0,0,0,1,0,,C,STEM Scholars 2019,0,N,0,3,Y,N,0,0,0,0,510904,,,,,,,,,,,,,,,,,,,,,,,
86753091,2020-21,STU01464,FALL,>20 - 24,First-Time,Full-Time,C,N,,Hispanic,H,M,N,N,First-Time Full-Time,02,420101,2.06,3.24,11,11,26,21,0,0,0,0,N,R,NA,Y,NA,C,,A,NA,Y,NA,D,1,0,0,0,0,0,1,0,,N,,3,N,0,0,N,Fall 2019,0,0,0,0,420101,,,,,,,,,,,,,,,,,,,,,,,
86753091,2020-21,STU01465,FALL,Older than 24,First-Time,Part-Time,R,C,,Asian,N,F,B,N,First-Time Part-Time,C2,510904,2.68,3.19,9,8,11,7,17,12,16,15,R,N,UK,NA,UK,NA,,,NA,NA,NA,NA,1,0,0,0,0,0,4,0,,C,,6,UK,0,2,UK,N,0,0,0,0,510904,,,,,,,,,,,,,,,,,,,,,,,
86753091,2017-18,STU01466,SPRING,>20 - 24,First-Time,Part-Time,N,C,UK,Hispanic,H,F,C,Y,First-Time Part-Time,B,520201,2.27,2.7,11,10,0,0,0,0,0,0,R,N,N,NA,N,NA,,,Y,NA,C,NA,0,0,0,0,0,0,1,0,,C,,1,N,0,0,N,N,0,0,0,0,520201,,,,,,,,,,,,,,,,,,,,,,,
86753091,2017-18,STU01467,FALL,20 and younger,First-Time,Full-Time,C,R,,White,N,F,B,N,First-Time Full-Time,B,540101,2.65,2.85,12,9,0,0,0,0,0,0,N,R,NA,N,NA,N,,,NA,NA,NA,NA,0,0,0,0,0,0,1,0,,R,,0,N,0,0,UK,N,0,0,0,0,540101,,,,,,,,,,,,,,,,,,,,,,,
86753091,2017-18,STU01468,FALL,20 and younger,First-Time,Full-Time,C,C,DE,White,N,F,N,Y,First-Time Full-Time,03,520201,3.25,3.82,17,13,31,23,34,30,28,24,N,N,NA,NA,NA,NA,,,NA,NA,NA,NA,1,0,0,3,0,0,2,0,2.9,C,,-1,UK,0,4,N,N,0,3,0,0,520201,,,,,,,,,,,,,,,,3,,,,3,,,
86753091,2019-20,STU01469,SUMMER,>20 - 24,First-Time,Part-Time,R,C,,Hispanic,H,F,P,N,First-Time Part-Time,C2,513899,3.39,3.06,6,5,13,13,16,10,15,15,R,N,N,NA,N,NA,,,NA,NA,NA,NA,1,0,0,0,0,0,3,0,,C,STEM Scholars 2019,1,N,0,0,Y,N,0,0,0,0,513899,,,,,,,,,,,,,,,,,,,,,,,
86753091,2016-17,STU01470,FALL,>20 - 24,Transfer-In,Full-Time,C,C,,Unknown,UK,F,A,N,Transfer-In Full-Time,B,110701,2.04,2.34,15,10,26,23,18,15,33,17,N,N,NA,NA,NA,NA,,,NA,NA,NA,NA,1,0,0,0,0,0,4,0,,C,,6,N,0,0,Y,N,0,0,0,0,110701,,,,,,,,,,,,,,,,,,,,,,,
86753091,2020-21,STU01471,FALL,>20 - 24,First-Time,Full-Time,C,C,,Hispanic,H,F,B,Y,First-Time Full-Time,B,422814,3.32,3.06,14,10,0,0,0,0,0,0,N,N,NA,NA,NA,NA,,,NA,NA,NA,NA,0,0,0,0,0,0,1,0,,C,,2,Y,0,-1,Y,N,0,0,0,0,422814,,,,,,,,,,,,,,,,,,,,,,,
86753091,2017-18,STU01472,FALL,Older than 24,First-Time,Full-Time,R,C,,Hispanic,H,F,B,N,First-Time Full-Time,B,520201,3.43,4,13,11,32,32,27,26,0,0,R,N,Y,NA,C,NA,P,,NA,NA,NA,NA,1,0,0,0,0,0,1,0,,C,,1,N,0,4,N,N,0,0,0,0,520201,,,,,,,,,,,,,,,,,,,,,,,
86753091,2019-20,STU01473,SPRING,>20 - 24,Transfer-In,Part-Time,C,R,,Hispanic,H,M,B,Y,Transfer-In Part-Time,B,422814,2.94,2.52,8,5,14,11,13,9,21,19,N,R,NA,Y,NA,C,,3.83,NA,NA,NA,NA,1,1,0,0,0,0,1,3,,R,,0,N,0,4,UK,N,0,0,0,0,422814,,,CA,,,,,Associate's Colleges,,,,,Suburb,,,,,,,,,,
86753091,2020-21,STU01474,FALL,>20 - 24,Transfer-In,Full-Time,C,C,,Black or African American,N,M,A,N,Transfer-In Full-Time,B,510904,3.39,3.78,12,11,0,0,0,0,0,0,N,N,NA,NA,NA,NA,,,NA,NA,NA,NA,0,0,0,0,0,0,1,0,,C,First Year Success,6,P,0,0,N,N,0,0,0,0,510904,,,,,,,,,,,,,,,,,,,,,,,
86753091,2019-20,STU01475,FALL,>20 - 24,Transfer-In,Full-Time,R,C,,Hispanic,H,F,P,Y,Transfer-In Full-Time,B,540101,2.53,2.74,13,12,0,0,0,0,0,0,R,N,N,NA,N,NA,,,NA,NA,NA,NA,0,0,0,0,0,0,1,0,,C,,0,N,-1,-1,Y,N,0,0,0,0,540101,,,,,,,,,,,,,,,,,,,,,,,
86753091,2019-20,STU01476,FALL,20 and younger,First-Time,Full-Time,N,R,,Black or African American,N,F,B,UK,First-Time Full-Time,B,230101,3.91,3.9,18,17,25,25,0,0,0,0,R,R,N,Y,N,C,,3.37,Y,NA,C,NA,1,1,0,0,0,0,1,1,,R,,1,N,0,3,N,Fall 2020,0,0,0,0,230101,,,NJ,,,,,Associate's Colleges,,,,,Town/Rural,,,,,,,,,,
86753091,2020-21,STU01477,SPRING,20 and younger,Re-admit,Full-Time,C,R,,Black or African American,N,M,N,N,Re-admit Full-Time,B,261504,2.72,2.4,14,11,38,31,0,0,0,0,N,R,NA,N,NA,N,,,NA,NA,NA,NA,1,0,0,0,0,0,1,0,,R,,-1,N,0,-1,UK,Fall 2020,0,0,0,0,261504,,,,,,,,,,,,,,,,,,,,,,,
86753091,2018-19,STU01478,FALL,20 and younger,Transfer-In,Full-Time,N,C,,Hispanic,H,M,A,N,Transfer-In Full-Time,B,110701,3.15,3.73,14,13,29,28,26,24,29,29,R,N,Y,NA,C,NA,A,,Y,NA,C,NA,1,1,0,0,0,0,1,3,,C,,1,N,0,-1,UK,N,0,0,0,0,110701,,,IL,,,,,Doctoral Universities,,,,,Town/Rural,,,,,,,,,,
86753091,2017-18,STU01479,FALL,20 and younger,First-Time,Full-Time,N,N,SE,Hispanic,H,M,,N,First-Time Full-Time,02,510904,2.8,3.07,16,14,36,33,28,28,21,19,R,R,Y,Y,C,NC,2.01,W,N,Y,N,D,1,0,0,0,0,0,4,0,,N,,3,UK,0,2,N,N,0,0,0,0,510904,,,,,,,,,,,,,,,,,,,,,,,
86753091,2020-21,STU01480,WINTER,>20 - 24,First-Time,Part-Time,N,R,,White,N,M,P,Y,First-Time Part-Time,A,520201,2.37,2.75,7,6,15,10,14,11,20,12,R,R,N,Y,N,C,,3.93,N,NA,N,NA,1,1,0,0,0,0,3,3,,R,,4,N,0,2,N,N,0,0,0,0,520201,,,OH,,,,,Master's Colleges & Universities,,,,,,,,,,,,,,,
86753091,2019-20,STU01481,FALL,>20 - 24,First-Time,Full-Time,C,C,,White,N,F,C,Y,First-Time Full-Time,A,420101,4,3.91,14,14,27,22,26,19,0,0,N,N,NA,NA,NA,NA,,,NA,NA,NA,NA,1,1,0,0,4,0,5,3,,C,Bridge Program,0,N,0,3,N,N,0,0,4,0,420101,MI,,MI,MI,,,,,,,Urban,,Urban,Urban,,,,,,,,,
86753091,2019-20,STU01482,FALL,20 and younger,Re-admit,Full-Time,UK,C,UK,Asian,N,M,B,N,Re-admit Full-Time,03,510904,4,4,16,14,24,21,27,27,25,25,UK,N,UK,NA,UK,NA,,,UK,NA,UK,NA,1,1,0,0,0,0,2,1,,C,,0,N,0,3,Y,N,0,0,0,0,510904,,,FL,,,,,Baccalaureate Colleges,,,,,,,,,,,,,,,
86753091,2018-19,STU01483,FALL,20 and younger,First-Time,Full-Time,C,C,,Asian,N,M,B,N,First-Time Full-Time,B,540101,3.53,3.37,17,16,24,21,26,22,0,0,N,N,NA,NA,NA,NA,,,NA,NA,NA,NA,1,0,0,0,0,0,3,0,,C,,-1,N,1,0,N,N,0,0,0,0,540101,,,,,,,,,,,,,,,,,,,,,,,
86753091,2019-20,STU01484,SPRING,20 and younger,Transfer-In,Full-Time,N,C,,Hispanic,H,F,B,Y,Transfer-In Full-Time,B,520201,3.75,3.73,20,17,25,21,33,33,0,0,R,N,Y,NA,D,NA,F,,Y,NA,D,NA,1,0,0,0,0,0,1,0,,C,,-1,N,0,4,N,N,0,0,0,0,520201,,,,,,,,,,,,,,,,,,,,,,,
86753091,2019-20,STU01485,SPRING,20 and younger,Transfer-In,Full-Time,C,N,UK,Hispanic,H,F,N,UK,Transfer-In Full-Time,03,520201,2.65,3.39,7,5,25,22,28,28,27,27,N,R,NA,UK,NA,UK,,,NA,N,NA,N,1,0,0,0,0,0,3,0,,N,,0,UK,2,0,N,Spring 2020,0,0,0,0,520201,,,,,,,,,,,,,,,,,,,,,,,
86753091,2017-18,STU01486,FALL,>20 - 24,Re-admit,Full-Time,N,C,,Black or African American,N,M,,Y,Re-admit Full-Time,B,513899,3.93,4,14,14,33,33,23,18,33,31,R,N,Y,NA,C,NA,2.3,,N,NA,N,NA,1,1,0,0,0,0,3,1,,C,,0,N,0,-1,N,N,0,0,0,0,513899,,,FL,,,,,Baccalaureate Colleges,,,,,Urban,,,,,,,,,,
86753091,2017-18,STU01487,FALL,20 and younger,First-Time,Full-Time,C,C,,Hispanic,H,M,C,Y,First-Time Full-Time,B,261504,3.91,3.53,15,12,28,15,30,27,32,26,N,N,NA,NA,NA,NA,,,NA,NA,NA,NA,1,0,0,4,0,0,2,0,4.5,C,,3,N,-1,2,N,N,0,4,0,0,261504,,,,,,,,,,,,,,,,4,,,,4,,,
86753091,2017-18,STU01488,FALL,>20 - 24,First-Time,Part-Time,N,C,,Asian,N,M,P,UK,First-Time Part-Time,A,513899,3.74,3.4,10,8,11,9,0,0,0,0,R,N,Y,NA,C,NA,3.26,,N,NA,N,NA,1,0,0,0,0,0,1,0,,C,,-1,N,0,0,N,Spring 2021,0,0,0,0,513899,,,,,,,,,,,,,,,,,,,,,,,
86753091,2019-20,STU01489,SUMMER,20 and younger,Transfer-In,Full-Time,R,R,,White,N,F,B,N,Transfer-In Full-Time,B,230101,3,4,18,18,24,24,27,27,0,0,R,R,Y,Y,D,C,W,3.46,NA,NA,NA,NA,1,0,0,0,0,0,2,0,,R,,2,UK,0,3,UK,N,0,0,0,0,230101,,,,,,,,,,,,,,,,,,,,,,,
86753091,2016-17,STU01490,FALL,>20 - 24,Transfer-In,Part-Time,R,C,,Hispanic,H,F,B,UK,Transfer-In Part-Time,B,540101,3.8,4,10,8,0,0,0,0,0,0,R,N,Y,NA,C,NA,1.1,,NA,NA,NA,NA,0,0,0,0,0,0,1,0,,C,STEM Scholars 2019,0,N,1,-1,N,N,0,0,0,0,540101,,,,,,,,,,,,,,,,,,,,,,,
86753091,2017-18,STU01491,SUMMER,Older than 24,Transfer-In,Part-Time,C,C,,Two or More Races,N,M,B,Y,Transfer-In Part-Time,B,520201,2.34,2.05,9,6,0,0,0,0,0,0,N,N,NA,NA,NA,NA,,,NA,NA,NA,NA,0,0,0,0,0,0,1,0,,C,,5,UK,0,1,N,N,0,0,0,0,520201,,,,,,,,,,,,,,,,,,,,,,,
86753091,2017-18,STU01492,FALL,Older than 24,Transfer-In,Part-Time,C,C,UK,White,N,F,,N,Transfer-In Part-Time,B,540101,2.9,3.78,9,9,15,15,16,15,11,7,N,N,NA,NA,NA,NA,,,NA,NA,NA,NA,1,0,0,0,0,0,3,0,,C,,0,N,0,1,Y,Spring 2021,0,0,0,0,540101,,,,,,,,,,,,,,,,,,,,,,,
86753091,2016-17,STU01493,FALL,>20 - 24,Re-admit,Full-Time,C,N,,Hispanic,H,M,B,UK,Re-admit Full-Time,A,230101,2.65,2.53,19,16,0,0,0,0,0,0,N,R,NA,Y,NA,C,,3.6,NA,Y,NA,C,0,0,0,0,0,0,1,0,,N,Bridge Program,0,P,0,-1,N,N,4,0,0,0,230101,,,,,,,,,,,,,,,,,,,,,,,
86753091,2020-21,STU01494,FALL,Older than 24,First-Time,Full-Time,C,N,,White,N,F,B,Y,First-Time Full-Time,03,270101,1.98,2.77,19,17,32,21,0,0,0,0,N,R,NA,Y,NA,NC,,F,NA,Y,NA,D,1,0,0,0,0,0,5,0,,N,,3,N,1,4,N,N,6,0,0,0,270101,,,,,,,,,,,,,,,,,,,,,,,
86753091,2017-18,STU01495,SPRING,>20 - 24,Transfer-In,Full-Time,N,C,,Hispanic,H,F,,Y,Transfer-In Full-Time,B,510904,1.52,1.62,12,8,28,15,0,0,0,0,R,N,Y,NA,C,NA,2.21,,Y,NA,C,NA,1,0,0,0,0,0,2,0,,C,,0,N,0,0,N,N,0,4,0,0,510904,,,,,,,,,,,,,,,,,,,,4,,,
86753091,2020-21,STU01496,SPRING,>20 - 24,Transfer-In,Full-Time,C,C,,White,N,M,A,UK,Transfer-In Full-Time,B,510904,3.56,3.48,19,19,24,24,33,32,0,0,N,N,NA,NA,NA,NA,,,NA,NA,NA,NA,1,0,0,0,0,0,3,0,,C,,2,N,0,0,N,N,0,0,0,0,510904,,,,,,,,,,,,,,,,,,,,,,,
86753091,2017-18,STU01497,WINTER,Older than 24,First-Time,Full-Time,C,R,,Two or More Races,N,M,B,N,First-Time Full-Time,03,520201,3.27,3.56,13,12,27,22,30,30,0,0,N,R,NA,UK,NA,UK,,,NA,NA,NA,NA,1,0,0,0,0,0,4,0,,R,,0,UK,0,1,UK,Fall 2020,0,0,0,0,520201,,,,,,,,,,,,,,,,,,,,,,,
86753091,2017-18,STU01498,SPRING,20 and younger,First-Time,Full-Time,C,R,,White,N,M,B,N,First-Time Full-Time,B,261504,2.25,2.03,16,11,31,21,0,0,0,0,N,R,NA,Y,NA,C,,2.06,NA,NA,NA,NA,1,0,0,0,0,0,2,0,,R,STEM Scholars 2019,2,UK,-1,4,N,N,6,0,0,0,261504,,,,,,,,,,,,,,,,,,,,,,,
86753091,2019-20,STU01499,FALL,20 and younger,Transfer-In,Part-Time,C,R,,Hispanic,H,M,N,Y,Transfer-In Part-Time,02,230101,3.94,4,7,7,22,21,0,0,0,0,N,R,NA,Y,NA,C,,3.26,NA,NA,NA,NA,1,0,0,0,0,0,2,0,,R,Bridge Program,0,N,0,-1,N,N,0,0,0,0,230101,,,,,,,,,,,,,,,,,,,,,,,
86753091,2017-18,STU01500,FALL,Older than 24,First-Time,Full-Time,N,C,UK,Hispanic,H,M,P,Y,First-Time Full-Time,02,540101,2.45,2.41,17,10,0,0,0,0,0,0,R,N,Y,NA,D,NA,W,,N,NA,N,NA,0,0,0,0,0,0,1,0,,C,,4,N,0,1,N,N,0,0,0,0,540101,,,,,,,,,,,,,,,,,,,,,,,
86753091,2019-20,STU01501,SPRING,Older than 24,First-Time,Full-Time,N,C,,Two or More Races,N,M,B,N,First-Time Full-Time,B,520201,4,4,20,18,30,27,22,18,0,0,R,N,Y,NA,NC,NA,F,,Y,NA,C,NA,1,0,0,4,0,0,3,0,4,C,First Year Success,0,UK,0,3,N,N,4,4,0,0,520201,,,,,,,,,,,,,,,,4,,,,4,,,
86753091,2019-20,STU01502,SPRING,>20 - 24,First-Time,Part-Time,R,R,,White,N,F,B,N,First-Time Part-Time,B,270101,4,3.72,10,10,16,13,17,16,12,9,R,R,N,UK,N,UK,,,NA,NA,NA,NA,1,0,0,0,0,0,1,0,,R,,4,UK,0,3,N,N,0,0,0,0,270101,,,,,,,,,,,,,,,,,,,,,,,
86753091,2020-21,STU01503,FALL,>20 - 24,First-Time,Full-Time,N,C,,Hispanic,H,F,B,UK,First-Time Full-Time,A,510904,2.26,2.32,15,13,29,22,0,0,0,0,R,N,Y,NA,NC,NA,I,,N,NA,N,NA,1,0,0,0,0,0,4,0,,C,,6,UK,2,0,N,N,0,0,0,0,510904,,,,,,,,,,,,,,,,,,,,,,,
86753091,2016-17,STU01504,SUMMER,20 and younger,First-Time,Part-Time,C,C,,Hispanic,H,M,A,Y,First-Time Part-Time,B,510904,3.57,3.46,7,7,12,11,17,15,10,8,N,N,NA,NA,NA,NA,,,NA,NA,NA,NA,1,0,0,0,0,0,5,0,,C,,1,UK,0,0,N,Spring 2020,0,0,0,0,510904,,,,,,,,,,,,,,,,,,,,,,,
86753091,2018-19,STU01505,FALL,>20 - 24,First-Time,Full-Time,N,R,,Two or More Races,N,F,C,Y,First-Time Full-Time,03,240101,2.49,2.12,15,9,0,0,0,0,0,0,R,R,N,Y,N,D,,W,N,NA,N,NA,0,0,0,0,0,0,1,0,,R,First Year Success,0,N,0,-1,N,N,0,0,0,0,240101,,,,,,,,,,,,,,,,,,,,,,,
86753091,2017-18,STU01506,SPRING,Older than 24,Transfer-In,Part-Time,C,C,,Two or More Races,N,F,A,UK,Transfer-In Part-Time,B,261504,3.46,2.59,4,3,21,17,13,12,0,0,N,N,NA,NA,NA,NA,,,NA,NA,NA,NA,1,0,0,0,0,0,3,0,,C,,-1,N,0,0,N,N,0,0,0,0,261504,,,,,,,,,,,,,,,,,,,,,,,
86753091,2020-21,STU01507,FALL,20 and younger,Re-admit,Full-Time,C,C,,Hispanic,H,M,B,N,Re-admit Full-Time,B,510904,3.65,3.63,13,12,25,23,34,32,0,0,N,N,NA,NA,NA,NA,,,NA,NA,NA,NA,1,0,0,0,0,0,3,0,,C,,4,N,0,1,N,N,0,0,0,0,510904,,,,,,,,,,,,,,,,,,,,,,,
86753091,2016-17,STU01508,FALL,20 and younger,Re-admit,Full-Time,N,C,,White,N,M,A,N,Re-admit Full-Time,C2,110701,3.01,3.39,15,10,30,18,31,26,25,19,R,N,N,NA,N,NA,,,Y,NA,C,NA,1,0,0,0,0,0,2,0,,C,,5,N,0,-1,N,N,0,4,0,0,110701,,,,,,,,,,,,,,,,,,,,4,,,
86753091,2018-19,STU01509,FALL,20 and younger,Transfer-In,Full-Time,R,R,UK,Asian,N,F,P,UK,Transfer-In Full-Time,02,240101,4,3.7,14,9,29,29,20,16,28,17,R,R,Y,Y,C,C,2,2.71,NA,NA,NA,NA,1,0,0,0,0,0,1,0,,R,,-1,N,1,3,N,N,0,0,0,0,240101,,,,,,,,,,,,,,,,,,,,,,,
86753091,2018-19,STU01510,FALL,>20 - 24,First-Time,Full-Time,N,N,UK,White,N,M,,UK,First-Time Full-Time,A,513899,3.57,3.58,10,8,34,29,31,27,0,0,R,R,Y,Y,C,C,3.36,2.42,N,Y,N,C,1,0,0,0,0,0,1,0,,N,,6,N,0,4,N,N,0,0,0,0,513899,,,,,,,,,,,,,,,,,,,,,,,
86753091,2017-18,STU01511,FALL,20 and younger,Transfer-In,Full-Time,N,C,UK,White,N,P,N,N,Transfer-In Full-Time,B,270101,1.55,2.12,12,8,0,0,0,0,0,0,R,N,N,NA,N,NA,,,Y,NA,D,NA,0,1,0,0,5,0,1,1,,C,,2,N,1,4,N,N,6,0,5,0,270101,VA,,VA,VA,,Master's Colleges & Universities,,Master's Colleges & Universities,Master's Colleges & Universities,,,,,,,,,,,,,,
86753091,2019-20,STU01512,FALL,Older than 24,First-Time,Full-Time,N,C,,White,N,M,B,Y,First-Time Full-Time,03,513899,2.97,1.96,13,7,28,15,0,0,0,0,R,N,Y,NA,C,NA,3.17,,Y,NA,C,NA,1,0,0,0,0,0,4,0,,C,,2,N,0,3,N,N,0,0,0,0,513899,,,,,,,,,,,,,,,,,,,,,,,
86753091,2017-18,STU01513,SPRING,20 and younger,First-Time,Part-Time,C,C,,Hispanic,H,F,B,UK,First-Time Part-Time,03,270101,1.84,1.42,10,5,0,0,0,0,0,0,N,N,NA,NA,NA,NA,,,NA,NA,NA,NA,0,0,0,0,0,0,1,0,,C,,0,UK,0,0,N,N,0,0,0,0,270101,,,,,,,,,,,,,,,,,,,,,,,
86753091,2019-20,STU01514,FALL,Older than 24,Transfer-In,Full-Time,N,C,,White,N,F,B,Y,Transfer-In Full-Time,A,110701,2.14,2.72,16,12,0,0,0,0,0,0,R,N,Y,NA,D,NA,W,,Y,NA,C,NA,0,0,0,0,0,0,1,0,,C,First Year Success,3,N,0,1,UK,N,0,0,0,0,110701,,,,,,,,,,,,,,,,,,,,,,,
86753091,2020-21,STU01515,FALL,20 and younger,Transfer-In,Full-Time,C,N,,Two or More Races,N,F,,N,Transfer-In Full-Time,B,261504,3.39,3.17,16,16,27,26,0,0,0,0,N,R,NA,Y,NA,C,,1.86,NA,Y,NA,D,1,1,0,0,0,0,3,3,,N,,4,N,1,-1,N,N,0,0,0,0,261504,,,NC,,,,,Associate's Colleges,,,,,,,,,,,,,,,
86753091,2018-19,STU01516,SUMMER,>20 - 24,Transfer-In,Full-Time,N,C,,Black or African American,N,M,,Y,Transfer-In Full-Time,B,513899,2.16,2.03,13,10,33,19,24,18,23,14,R,N,Y,NA,C,NA,3.12,,N,NA,N,NA,1,0,0,0,0,0,3,0,,C,,0,P,0,4,N,N,0,0,0,0,513899,,,,,,,,,,,,,,,,,,,,,,,
86753091,2017-18,STU01517,FALL,Older than 24,Transfer-In,Full-Time,C,N,,White,N,M,N,UK,Transfer-In Full-Time,03,513899,4,2.91,16,13,33,29,25,21,23,23,N,R,NA,Y,NA,D,,I,NA,Y,NA,D,1,0,0,0,0,0,3,0,,N,First Year Success,0,UK,0,2,N,N,5,0,0,0,513899,,,,,,,,,,,,,,,,,,,,,,,
86753091,2020-21,STU01518,SPRING,20 and younger,First-Time,Full-Time,C,C,,White,N,F,B,N,First-Time Full-Time,B,270101,4,3.99,17,16,30,30,27,25,0,0,N,N,NA,NA,NA,NA,,,NA,NA,NA,NA,1,1,0,0,0,2,3,1,,C,,2,N,0,4,UK,Spring 2021,0,0,0,2,270101,,PA,PA,,PA,,Baccalaureate Colleges,Baccalaureate Colleges,,Baccalaureate Colleges,,Urban,Urban,,Urban,,,2,,,,2,
86753091,2018-19,STU01519,FALL,20 and younger,First-Time,Full-Time,N,C,SE,Unknown,UK,F,,UK,First-Time Full-Time,B,540101,3,3.21,15,15,0,0,0,0,0,0,R,N,Y,NA,C,NA,2.31,,Y,NA,D,NA,0,0,0,0,0,0,1,0,,C,,0,N,0,-1,N,N,0,0,0,0,540101,,,,,,,,,,,,,,,,,,,,,,,
86753091,2019-20,STU01520,FALL,20 and younger,First-Time,Full-Time,C,C,DE,Black or African American,N,F,N,UK,First-Time Full-Time,B,540101,3.12,2.44,13,10,0,0,0,0,0,0,N,N,NA,NA,NA,NA,,,NA,NA,NA,NA,0,0,0,0,0,0,1,0,,C,,-1,N,-1,4,N,N,0,0,0,0,540101,,,,,,,,,,,,,,,,,,,,,,,
86753091,2019-20,STU01521,FALL,Older than 24,Transfer-In,Part-Time,UK,C,,Black or African American,N,M,B,UK,Transfer-In Part-Time,B,261504,3.6,3.71,10,8,0,0,0,0,0,0,UK,N,UK,NA,UK,NA,,,UK,NA,UK,NA,0,0,0,0,0,0,1,0,,C,,0,N,0,1,N,N,0,0,0,0,261504,,,,,,,,,,,,,,,,,,,,,,,
86753091,2017-18,STU01522,FALL,>20 - 24,First-Time,Full-Time,C,R,,White,N,F,A,N,First-Time Full-Time,A,240101,3.8,3.61,18,18,31,27,24,21,32,32,N,R,NA,Y,NA,C,,2.5,NA,NA,NA,NA,1,1,0,0,0,0,4,0,,R,,3,N,0,0,N,Spring 2020,0,0,0,0,240101,,,MI,,,,,Doctoral Universities,,,,,,,,,,,,,,,
86753091,2017-18,STU01523,SPRING,20 and younger,First-Time,Full-Time,C,N,,White,N,F,P,UK,First-Time Full-Time,C2,110701,3.23,3.82,15,10,20,16,31,28,27,27,N,R,NA,N,NA,N,,,NA,Y,NA,C,1,0,0,2,0,0,3,0,2.4,N,,4,N,0,3,N,N,0,2,0,0,110701,,,,,,,,,,,,,,,,2,,,,2,,,
86753091,2019-20,STU01524,FALL,20 and younger,First-Time,Full-Time,N,R,,Black or African American,N,M,P,N,First-Time Full-Time,B,540101,4,4,13,11,28,27,25,20,37,30,R,R,Y,Y,D,C,F,3.23,Y,NA,D,NA,1,0,0,0,0,0,1,0,,R,,0,N,0,-1,N,N,0,0,0,0,540101,,,,,,,,,,,,,,,,,,,,,,,
86753091,2018-19,STU01525,SPRING,>20 - 24,Transfer-In,Part-Time,N,C,,Hispanic,H,F,P,UK,Transfer-In Part-Time,B,230101,4,4,8,8,14,13,11,9,16,16,R,N,Y,NA,C,NA,A,,Y,NA,D,NA,1,1,0,0,0,0,1,1,,C,,2,N,0,3,N,N,0,0,0,0,230101,,,TX,,,,,Associate's Colleges,,,,,Urban,,,,,,,,,,
86753091,2018-19,STU01526,FALL,20 and younger,Transfer-In,Full-Time,C,C,,Hispanic,H,F,N,N,Transfer-In Full-Time,A,270101,3.43,3.82,13,10,31,27,22,22,0,0,N,N,NA,NA,NA,NA,,,NA,NA,NA,NA,1,0,0,0,0,0,4,0,,C,,4,UK,0,0,N,N,0,0,0,0,270101,,,,,,,,,,,,,,,,,,,,,,,
86753091,2017-18,STU01527,FALL,20 and younger,Re-admit,Part-Time,C,C,,White,N,M,B,N,Re-admit Part-Time,C1,261504,3.88,3.97,12,10,20,20,0,0,0,0,N,N,NA,NA,NA,NA,,,NA,NA,NA,NA,1,0,0,0,0,0,3,0,,C,,0,N,0,4,N,N,0,0,0,0,261504,,,,,,,,,,,,,,,,,,,,,,,
86753091,2018-19,STU01528,SPRING,>20 - 24,First-Time,Part-Time,C,R,,Hispanic,H,F,N,Y,First-Time Part-Time,B,270101,1.9,1.74,10,7,0,0,0,0,0,0,N,R,NA,Y,NA,C,,3.05,NA,NA,NA,NA,0,0,0,0,0,0,1,0,,R,,2,N,0,-1,N,N,0,0,0,0,270101,,,,,,,,,,,,,,,,,,,,,,,
86753091,2018-19,STU01529,FALL,>20 - 24,First-Time,Full-Time,C,R,,White,N,M,,Y,First-Time Full-Time,03,540101,4,3.74,17,17,0,0,0,0,0,0,N,R,NA,Y,NA,C,,2.46,NA,NA,NA,NA,0,1,0,0,0,4,1,3,,R,,0,N,-1,3,Y,N,0,0,0,4,540101,,IL,IL,,IL,,Doctoral Universities,Doctoral Universities,,Doctoral Universities,,Suburb,Suburb,,Suburb,,,4,,,,4,
86753091,2016-17,STU01530,WINTER,20 and younger,Transfer-In,Full-Time,R,C,,Nonresident alien,N,F,B,Y,Transfer-In Full-Time,03,520201,3.31,3.67,15,13,27,22,31,31,0,0,R,N,Y,NA,C,NA,3.79,,NA,NA,NA,NA,1,0,0,0,0,0,3,0,,C,First Year Success,0,N,0,3,N,N,0,0,0,0,520201,,,,,,,,,,,,,,,,,,,,,,,
86753091,2018-19,STU01531,SUMMER,20 and younger,Transfer-In,Full-Time,R,R,,White,N,M,N,UK,Transfer-In Full-Time,03,261504,3.75,3.09,14,12,24,20,25,23,0,0,R,R,Y,Y,D,C,W,P,NA,NA,NA,NA,1,0,0,0,0,0,2,0,,R,First Year Success,3,N,0,2,N,N,0,0,0,0,261504,,,,,,,,,,,,,,,,,,,,,,,
86753091,2018-19,STU01532,FALL,Older than 24,First-Time,Full-Time,C,UK,,White,N,F,B,Y,First-Time Full-Time,C2,131202,3.74,3.79,14,10,26,26,0,0,0,0,N,UK,NA,UK,NA,UK,,,NA,UK,NA,UK,1,0,0,0,0,0,3,0,,UK,,0,N,0,2,UK,N,0,0,0,0,131202,,,,,,,,,,,,,,,,,,,,,,,
86753091,2016-17,STU01533,FALL,>20 - 24,Transfer-In,Full-Time,N,C,,White,N,M,B,Y,Transfer-In Full-Time,B,520201,3.79,3.32,16,16,0,0,0,0,0,0,R,N,Y,NA,D,NA,F,,N,NA,N,NA,0,0,0,0,0,0,1,0,,C,,3,N,0,1,N,N,0,0,0,0,520201,,,,,,,,,,,,,,,,,,,,,,,
86753091,2017-18,STU01534,WINTER,20 and younger,Re-admit,Full-Time,C,C,,White,N,M,B,N,Re-admit Full-Time,02,110701,3.33,2.69,15,11,20,18,31,21,31,18,N,N,NA,NA,NA,NA,,,NA,NA,NA,NA,1,0,0,0,0,0,4,0,,C,,6,P,0,0,UK,N,0,0,0,0,110701,,,,,,,,,,,,,,,,,,,,,,,
86753091,2017-18,STU01535,FALL,20 and younger,First-Time,Full-Time,C,C,DS,Black or African American,N,F,A,UK,First-Time Full-Time,B,420101,3.45,3.58,16,12,28,25,25,22,30,26,N,N,NA,NA,NA,NA,,,NA,NA,NA,NA,1,0,0,0,0,0,3,0,,C,,2,N,0,3,Y,N,0,0,0,0,420101,,,,,,,,,,,,,,,,,,,,,,,
86753091,2017-18,STU01536,FALL,>20 - 24,First-Time,Full-Time,N,C,,White,N,M,,Y,First-Time Full-Time,B,422814,3.19,2.72,12,10,0,0,0,0,0,0,R,N,N,NA,N,NA,,,Y,NA,C,NA,0,0,0,0,0,0,1,0,,C,,2,N,0,3,N,N,0,0,0,0,422814,,,,,,,,,,,,,,,,,,,,,,,
86753091,2018-19,STU01537,FALL,Older than 24,First-Time,Full-Time,N,N,,White,N,F,A,Y,First-Time Full-Time,B,513899,1.91,1.63,19,12,0,0,0,0,0,0,R,R,N,N,N,N,,,N,Y,N,C,0,0,0,0,0,0,1,0,,N,,2,UK,0,4,Y,N,0,0,0,0,513899,,,,,,,,,,,,,,,,,,,,,,,
86753091,2018-19,STU01538,FALL,Older than 24,First-Time,Part-Time,C,C,,Hispanic,H,M,N,UK,First-Time Part-Time,03,110701,3.88,4,8,6,18,17,14,14,13,11,N,N,NA,NA,NA,NA,,,NA,NA,NA,NA,1,0,0,0,0,0,1,0,,C,,-1,N,0,1,N,Spring 2020,0,0,0,0,110701,,,,,,,,,,,,,,,,,,,,,,,
86753091,2018-19,STU01539,FALL,Older than 24,First-Time,Full-Time,N,N,,White,N,M,N,N,First-Time Full-Time,B,261504,4,3.37,16,10,37,25,26,25,36,32,R,R,N,N,N,N,,,Y,N,C,N,1,0,0,2,0,0,3,0,1.7,N,STEM Scholars 2019,4,N,2,0,N,N,0,2,0,0,261504,,,,,,,,,,,,,,,,2,,,,2,,,
86753091,2017-18,STU01540,FALL,>20 - 24,Transfer-In,Full-Time,C,N,,Hispanic,H,M,P,Y,Transfer-In Full-Time,B,520201,2.37,2.18,12,8,27,16,0,0,0,0,N,R,NA,Y,NA,C,,2.27,NA,Y,NA,C,1,1,0,0,0,0,3,0,,N,,1,UK,0,0,N,N,0,0,0,0,520201,,,NC,,,,,Doctoral Universities,,,,,Suburb,,,,,,,,,,
86753091,2019-20,STU01541,FALL,20 and younger,First-Time,Full-Time,R,C,,Hispanic,H,F,B,N,First-Time Full-Time,B,131202,2.96,2.32,15,11,31,29,0,0,0,0,R,N,Y,NA,C,NA,2.48,,NA,NA,NA,NA,1,1,0,0,0,0,1,2,,C,,2,N,0,-1,N,N,0,0,0,0,131202,,,IL,,,,,Master's Colleges & Universities,,,,,Town/Rural,,,,,,,,,,
86753091,2018-19,STU01542,FALL,Older than 24,Transfer-In,Full-Time,UK,N,,Asian,N,M,N,N,Transfer-In Full-Time,02,131202,3.58,3.65,15,12,29,22,24,17,0,0,UK,R,UK,Y,UK,C,,1.52,UK,Y,UK,D,1,1,0,0,0,0,3,3,,N,,0,N,0,3,N,N,0,0,0,0,131202,,,,,,,,Doctoral Universities,,,,,Town/Rural,,,,,,,,,,
86753091,2016-17,STU01543,FALL,20 and younger,Transfer-In,Full-Time,C,C,,White,N,F,,N,Transfer-In Full-Time,B,270101,3.47,3.56,12,11,26,23,29,17,0,0,N,N,NA,NA,NA,NA,,,NA,NA,NA,NA,1,0,0,0,0,0,1,0,,C,,2,N,0,-1,UK,N,0,0,0,0,270101,,,,,,,,,,,,,,,,,,,,,,,
86753091,2016-17,STU01544,FALL,>20 - 24,First-Time,Full-Time,UK,C,,Black or African American,N,F,A,Y,First-Time Full-Time,C2,513899,2.85,2.85,13,13,30,18,33,28,0,0,UK,N,UK,NA,UK,NA,,,UK,NA,UK,NA,1,0,0,0,0,0,2,0,,C,,5,N,0,0,N,N,7,2,0,0,513899,,,,,,,,,,,,,,,,,,,,2,,,
86753091,2020-21,STU01545,FALL,20 and younger,First-Time,Full-Time,N,C,,Hispanic,H,M,N,N,First-Time Full-Time,B,513899,3.16,3.47,14,12,26,24,0,0,0,0,R,N,Y,NA,C,NA,3.14,,Y,NA,C,NA,1,0,0,0,0,0,3,0,,C,,1,UK,0,0,N,N,0,0,0,0,513899,,,,,,,,,,,,,,,,,,,,,,,
86753091,2017-18,STU01546,FALL,>20 - 24,Transfer-In,Full-Time,N,N,,Hispanic,H,F,P,Y,Transfer-In Full-Time,B,540101,1.99,2.28,16,13,32,29,28,14,0,0,R,R,Y,N,C,N,3.02,,Y,Y,D,C,1,0,0,0,0,0,1,0,,N,,0,P,0,-1,N,N,0,0,0,0,540101,,,,,,,,,,,,,,,,,,,,,,,
86753091,2017-18,STU01547,FALL,20 and younger,Transfer-In,Full-Time,R,C,UK,White,N,F,B,Y,Transfer-In Full-Time,B,261504,2.17,2.1,13,10,0,0,0,0,0,0,R,N,Y,NA,C,NA,2.05,,NA,NA,NA,NA,0,0,0,0,0,0,1,0,,C,,0,N,0,3,Y,N,0,0,0,0,261504,,,,,,,,,,,,,,,,,,,,,,,
86753091,2019-20,STU01548,FALL,Older than 24,First-Time,Part-Time,C,R,,White,N,M,B,N,First-Time Part-Time,A,520201,3.89,4,10,8,18,17,16,16,14,14,N,R,NA,Y,NA,C,,3.07,NA,NA,NA,NA,1,1,0,0,0,3,1,2,,R,,0,N,0,2,N,N,6,0,0,3,520201,,VA,VA,,VA,,Master's Colleges & Universities,Master's Colleges & Universities,,Master's Colleges & Universities,,Suburb,Suburb,,Suburb,,,3,,,,3,
86753091,2018-19,STU01549,FALL,20 and younger,Transfer-In,Full-Time,C,C,,Hispanic,H,M,N,N,Transfer-In Full-Time,03,510904,3.88,4,14,13,29,26,0,0,0,0,N,N,NA,NA,NA,NA,,,NA,NA,NA,NA,1,0,0,0,0,0,4,0,,C,,0,N,0,4,Y,Spring 2020,0,0,0,0,510904,,,,,,,,,,,,,,,,,,,,,,,
86753091,2019-20,STU01550,FALL,20 and younger,Transfer-In,Full-Time,C,C,,Two or More Races,N,M,N,UK,Transfer-In Full-Time,B,110701,1.87,2.34,12,8,36,36,31,26,26,22,N,N,NA,NA,NA,NA,,,NA,NA,NA,NA,1,1,0,3,0,0,1,2,2.9,C,,1,P,0,4,N,N,0,3,0,0,110701,,,PA,,,,,,,,,,Town/Rural,,,3,,,,3,,,
86753091,2018-19,STU01551,SUMMER,20 and younger,Re-admit,Full-Time,C,C,,Hispanic,H,F,N,UK,Re-admit Full-Time,B,261504,2.45,2.39,13,13,32,25,26,15,0,0,N,N,NA,NA,NA,NA,,,NA,NA,NA,NA,1,1,0,0,0,0,5,1,,C,,0,UK,0,0,Y,N,0,0,0,0,261504,,,TX,,,,,Baccalaureate Colleges,,,,,,,,,,,,,,,
86753091,2020-21,STU01552,FALL,>20 - 24,Transfer-In,Full-Time,C,N,,Two or More Races,N,M,,UK,Transfer-In Full-Time,B,510904,3.33,3.71,19,17,29,28,0,0,0,0,N,R,NA,Y,NA,NC,,F,NA,N,NA,N,1,0,0,0,0,0,5,0,,N,,-1,N,-1,2,Y,Spring 2021,0,0,0,0,510904,,,,,,,,,,,,,,,,,,,,,,,
86753091,2020-21,STU01553,FALL,Older than 24,Re-admit,Full-Time,UK,N,,Black or African American,N,M,,N,Re-admit Full-Time,A,513899,2.74,2.82,14,10,31,25,32,23,26,25,UK,R,UK,Y,UK,D,,F,UK,Y,UK,D,1,0,0,0,0,0,2,0,,N,,0,UK,0,2,N,N,0,0,0,0,513899,,,,,,,,,,,,,,,,,,,,,,,
86753091,2019-20,STU01554,SPRING,20 and younger,First-Time,Full-Time,R,N,,Hispanic,H,M,B,N,First-Time Full-Time,B,510904,2.94,2.95,12,8,0,0,0,0,0,0,R,R,Y,Y,C,C,4,A,NA,Y,NA,D,0,1,0,0,0,0,1,0,,N,,0,N,0,4,Y,N,6,3,0,0,510904,,,NJ,,,,,,,,,,Suburb,,,,,,,3,,,
86753091,2019-20,STU01555,FALL,20 and younger,First-Time,Part-Time,R,N,,Black or African American,N,F,B,N,First-Time Part-Time,B,270101,3.17,2.64,7,6,0,0,0,0,0,0,R,R,Y,Y,C,C,2.55,3.48,NA,Y,NA,C,0,0,0,0,0,0,1,0,,N,,4,N,0,2,Y,N,0,0,0,0,270101,,,,,,,,,,,,,,,,,,,,,,,
86753091,2019-20,STU01556,SPRING,20 and younger,Transfer-In,Full-Time,C,C,,Asian,N,F,B,UK,Transfer-In Full-Time,B,240101,3.25,3.74,14,14,28,25,0,0,0,0,N,N,NA,NA,NA,NA,,,NA,NA,NA,NA,1,1,0,0,0,0,1,1,,C,,1,N,0,1,N,N,0,0,0,0,240101,,,MA,,,,,,,,,,Town/Rural,,,,,,,,,,
86753091,2020-21,STU01557,SPRING,Older than 24,First-Time,Part-Time,C,UK,,Asian,N,M,N,N,First-Time Part-Time,02,510904,2.66,2.52,6,4,21,16,14,9,0,0,N,UK,NA,UK,NA,UK,,,NA,UK,NA,UK,1,0,0,0,0,0,3,0,,UK,,-1,N,0,4,N,N,4,0,0,0,510904,,,,,,,,,,,,,,,,,,,,,,,
86753091,2016-17,STU01558,FALL,>20 - 24,Transfer-In,Full-Time,N,N,,White,N,M,P,N,Transfer-In Full-Time,B,510904,3.74,3.64,19,19,25,22,21,20,0,0,R,R,Y,Y,D,C,F,2.04,N,N,N,N,1,1,0,0,0,4,3,1,,N,,0,N,2,0,Y,N,0,0,0,4,510904,,NY,NY,,NY,,Associate's Colleges,Associate's Colleges,,Associate's Colleges,,Town/Rural,Town/Rural,,Town/Rural,,,4,,,,4,
86753091,2016-17,STU01559,FALL,>20 - 24,First-Time,Full-Time,C,R,,White,N,F,C,N,First-Time Full-Time,03,131202,3.34,3.84,16,12,29,29,30,26,0,0,N,R,NA,Y,NA,D,,W,NA,NA,NA,NA,1,0,0,0,0,0,3,0,,R,,0,UK,-1,-1,N,N,0,0,0,0,131202,,,,,,,,,,,,,,,,,,,,,,,
86753091,2018-19,STU01560,FALL,20 and younger,First-Time,Full-Time,C,C,,White,N,F,P,N,First-Time Full-Time,B,131202,2.78,3.44,19,19,24,19,27,20,0,0,N,N,NA,NA,NA,NA,,,NA,NA,NA,NA,1,0,0,0,0,0,2,0,,C,,5,N,0,0,UK,N,6,0,0,0,131202,,,,,,,,,,,,,,,,,,,,,,,
86753091,2020-21,STU01561,FALL,Older than 24,First-Time,Full-Time,R,N,,White,N,M,B,Y,First-Time Full-Time,B,261504,2.96,3.13,14,13,25,25,20,16,37,37,R,R,Y,Y,D,D,F,I,NA,Y,NA,D,1,0,0,0,0,0,1,0,,N,,-1,N,-1,1,N,N,0,0,0,0,261504,,,,,,,,,,,,,,,,,,,,,,,
86753091,2019-20,STU01562,SPRING,>20 - 24,First-Time,Full-Time,R,R,,White,N,F,C,UK,First-Time Full-Time,02,422814,3.34,3.34,14,10,27,20,0,0,0,0,R,R,Y,Y,C,C,3.61,P,NA,NA,NA,NA,1,0,0,0,0,0,3,0,,R,,6,P,0,4,N,N,0,0,0,0,422814,,,,,,,,,,,,,,,,,,,,,,,
86753091,2018-19,STU01563,SPRING,>20 - 24,Transfer-In,Full-Time,C,R,,White,N,F,P,Y,Transfer-In Full-Time,B,422814,2.39,2.61,14,11,34,21,30,21,28,20,N,R,NA,Y,NA,C,,2.89,NA,NA,NA,NA,1,0,0,0,0,0,3,0,,R,,2,N,0,4,N,N,5,0,0,0,422814,,,,,,,,,,,,,,,,,,,,,,,
86753091,2019-20,STU01564,SPRING,20 and younger,First-Time,Full-Time,C,C,,Asian,N,F,B,N,First-Time Full-Time,B,422814,4,3.6,16,13,29,29,31,27,0,0,N,N,NA,NA,NA,NA,,,NA,NA,NA,NA,1,0,0,0,0,0,1,0,,C,,5,N,0,3,Y,N,0,0,0,0,422814,,,,,,,,,,,,,,,,,,,,,,,
86753091,2017-18,STU01565,FALL,Older than 24,Transfer-In,Part-Time,C,C,,Hispanic,H,F,B,UK,Transfer-In Part-Time,B,230101,3,3.24,6,5,12,8,20,20,7,6,N,N,NA,NA,NA,NA,,,NA,NA,NA,NA,1,0,0,0,0,0,4,0,,C,,0,N,0,2,N,Fall 2020,0,2,0,0,230101,,,,,,,,,,,,,,,,,,,,2,,,
86753091,2018-19,STU01566,FALL,20 and younger,Transfer-In,Full-Time,C,C,,Hispanic,H,F,B,Y,Transfer-In Full-Time,B,420101,3.27,2.95,13,9,29,21,27,26,0,0,N,N,NA,NA,NA,NA,,,NA,NA,NA,NA,1,0,0,0,0,0,1,0,,C,,3,N,0,-1,N,N,0,3,0,0,420101,,,,,,,,,,,,,,,,,,,,3,,,
86753091,2017-18,STU01567,FALL,>20 - 24,First-Time,Full-Time,R,N,,Black or African American,N,M,B,N,First-Time Full-Time,A,261504,3.87,4,14,14,27,20,31,30,0,0,R,R,Y,N,NC,N,I,,NA,N,NA,N,1,0,0,0,0,0,1,0,,N,Bridge Program,0,N,0,4,N,N,0,0,0,0,261504,,,,,,,,,,,,,,,,,,,,,,,
86753091,2019-20,STU01568,SUMMER,>20 - 24,Transfer-In,Full-Time,N,C,,White,N,F,B,N,Transfer-In Full-Time,03,270101,4,4,14,14,27,26,28,20,31,26,R,N,Y,NA,C,NA,3.93,,Y,NA,C,NA,1,0,0,2,0,0,1,0,2.4,C,,2,N,2,0,N,N,0,2,0,0,270101,,,,,,,,,,,,,,,,2,,,,2,,,
86753091,2016-17,STU01569,FALL,Older than 24,First-Time,Part-Time,C,R,,Unknown,UK,M,B,Y,First-Time Part-Time,03,540101,2.64,2.19,5,4,0,0,0,0,0,0,N,R,NA,Y,NA,C,,1.94,NA,NA,NA,NA,0,0,0,0,0,0,1,0,,R,,0,N,0,2,Y,Fall 2020,0,0,0,0,540101,,,,,,,,,,,,,,,,,,,,,,,
86753091,2016-17,STU01570,WINTER,>20 - 24,First-Time,Full-Time,C,R,,Black or African American,N,F,B,UK,First-Time Full-Time,B,422814,3.69,4,12,11,30,30,35,32,32,25,N,R,NA,Y,NA,D,,W,NA,NA,NA,NA,1,0,0,0,0,0,4,0,,R,,0,N,1,3,N,N,0,0,0,0,422814,,,,,,,,,,,,,,,,,,,,,,,
86753091,2020-21,STU01571,SPRING,Older than 24,Transfer-In,Part-Time,N,C,,Asian,N,M,B,N,Transfer-In Part-Time,B,513899,2.45,3.35,6,5,18,17,0,0,0,0,R,N,Y,NA,D,NA,W,,Y,NA,D,NA,1,0,0,0,0,0,3,0,,C,,0,N,2,4,N,N,0,0,0,0,513899,,,,,,,,,,,,,,,,,,,,,,,
86753091,2020-21,STU01572,FALL,20 and younger,Transfer-In,Full-Time,N,C,,Asian,N,F,B,N,Transfer-In Full-Time,C1,510904,3.67,3.8,12,9,21,21,21,15,29,28,R,N,Y,NA,C,NA,1.24,,Y,NA,D,NA,1,0,0,2,0,0,4,0,1.8,C,,0,N,0,-1,N,N,0,2,0,0,510904,,,,,,,,,,,,,,,,2,,,,2,,,
86753091,2019-20,STU01573,FALL,20 and younger,First-Time,Full-Time,N,C,,Black or African American,N,M,B,N,First-Time Full-Time,B,540101,1.93,2.09,15,7,34,23,26,14,34,22,R,N,Y,NA,C,NA,2.57,,Y,NA,C,NA,1,0,0,0,0,0,3,0,,C,,2,UK,0,4,Y,N,0,0,0,0,540101,,,,,,,,,,,,,,,,,,,,,,,
86753091,2016-17,STU01574,FALL,20 and younger,First-Time,Full-Time,C,C,,Hispanic,H,F,C,N,First-Time Full-Time,B,520201,2.58,2.46,15,12,0,0,0,0,0,0,N,N,NA,NA,NA,NA,,,NA,NA,NA,NA,0,0,0,0,0,0,1,0,,C,,1,P,0,3,N,N,0,0,0,0,520201,,,,,,,,,,,,,,,,,,,,,,,
86753091,2018-19,STU01575,FALL,>20 - 24,Transfer-In,Full-Time,C,C,,Hispanic,H,M,C,Y,Transfer-In Full-Time,03,240101,3.73,4,19,19,26,21,28,28,0,0,N,N,NA,NA,NA,NA,,,NA,NA,NA,NA,1,0,0,0,0,0,1,0,,C,,5,N,0,-1,N,Fall 2020,5,0,0,0,240101,,,,,,,,,,,,,,,,,,,,,,,
86753091,2016-17,STU01576,FALL,Older than 24,Transfer-In,Full-Time,C,C,,White,N,F,B,N,Transfer-In Full-Time,C1,520201,3.61,3.03,15,15,26,19,30,22,0,0,N,N,NA,NA,NA,NA,,,NA,NA,NA,NA,1,0,0,0,0,0,4,0,,C,,0,N,0,3,N,N,0,0,0,0,520201,,,,,,,,,,,,,,,,,,,,,,,
86753091,2019-20,STU01577,FALL,>20 - 24,First-Time,Part-Time,N,C,,Black or African American,N,M,,Y,First-Time Part-Time,B,420101,3,2.99,5,4,15,13,20,13,10,6,R,N,Y,NA,NC,NA,I,,Y,NA,D,NA,1,1,0,0,0,0,2,1,,C,Bridge Program,0,UK,0,4,N,Spring 2021,0,0,0,0,420101,,,GA,,,,,,,,,,Urban,,,,,,,,,,
86753091,2019-20,STU01578,FALL,Older than 24,First-Time,Full-Time,R,N,,Hispanic,H,M,N,N,First-Time Full-Time,01,422814,2.74,2.47,18,14,32,29,0,0,0,0,R,R,Y,Y,C,D,2.17,W,NA,Y,NA,D,1,0,0,0,0,0,5,0,,N,,5,UK,0,3,UK,N,0,0,0,0,422814,,,,,,,,,,,,,,,,,,,,,,,
86753091,2018-19,STU01579,FALL,>20 - 24,First-Time,Part-Time,C,UK,,White,N,F,C,N,First-Time Part-Time,03,240101,2.99,3.53,7,6,19,19,14,12,17,15,N,UK,NA,UK,NA,UK,,,NA,UK,NA,UK,1,0,0,0,0,0,4,0,,UK,,0,N,0,0,Y,N,0,2,0,0,240101,,,,,,,,,,,,,,,,,,,,2,,,
86753091,2017-18,STU01580,FALL,>20 - 24,Transfer-In,Full-Time,N,R,,Hispanic,H,F,B,N,Transfer-In Full-Time,B,510904,2.98,3.4,12,9,28,22,29,25,0,0,R,R,Y,Y,NC,D,W,F,Y,NA,D,NA,1,0,0,0,0,0,4,0,,R,,-1,N,0,4,N,N,6,3,0,0,510904,,,,,,,,,,,,,,,,,,,,3,,,
86753091,2017-18,STU01581,SPRING,Older than 24,Transfer-In,Full-Time,N,R,,White,N,F,B,Y,Transfer-In Full-Time,B,513899,2.45,2.58,13,11,31,31,31,31,0,0,R,R,N,Y,N,C,,3.5,Y,NA,D,NA,1,0,0,0,0,0,2,0,,R,,0,UK,0,1,N,N,0,0,0,0,513899,,,,,,,,,,,,,,,,,,,,,,,
86753091,2020-21,STU01582,FALL,20 and younger,Transfer-In,Full-Time,N,C,,Black or African American,N,F,B,N,Transfer-In Full-Time,B,510904,1.73,2.74,17,14,30,28,31,24,22,18,R,N,Y,NA,C,NA,A,,N,NA,N,NA,1,0,0,0,0,0,3,0,,C,,5,N,0,3,N,N,0,0,0,0,510904,,,,,,,,,,,,,,,,,,,,,,,
86753091,2020-21,STU01583,WINTER,20 and younger,First-Time,Full-Time,C,C,DE,Hispanic,H,F,N,UK,First-Time Full-Time,B,110701,2.63,2.29,9,5,0,0,0,0,0,0,N,N,NA,NA,NA,NA,,,NA,NA,NA,NA,0,0,0,0,0,0,1,0,,C,STEM Scholars 2019,0,UK,0,0,Y,N,6,0,0,0,110701,,,,,,,,,,,,,,,,,,,,,,,
86753091,2019-20,STU01584,SPRING,>20 - 24,Transfer-In,Part-Time,C,N,UK,White,N,F,P,Y,Transfer-In Part-Time,B,240101,4,3.74,13,13,14,14,11,11,0,0,N,R,NA,N,NA,N,,,NA,Y,NA,C,1,1,0,0,0,0,3,0,,N,,5,UK,0,-1,N,N,0,0,0,0,240101,,,,,,,,Associate's Colleges,,,,,,,,,,,,,,,
86753091,2016-17,STU01585,SPRING,20 and younger,First-Time,Full-Time,C,C,,Asian,N,M,B,Y,First-Time Full-Time,B,270101,3.97,3.64,11,11,34,34,27,27,0,0,N,N,NA,NA,NA,NA,,,NA,NA,NA,NA,1,0,0,0,0,0,1,0,,C,,-1,N,0,2,N,Spring 2021,5,0,0,0,270101,,,,,,,,,,,,,,,,,,,,,,,
86753091,2019-20,STU01586,SUMMER,20 and younger,Re-admit,Part-Time,C,C,,White,N,M,B,Y,Re-admit Part-Time,B,513899,2.92,3.47,9,5,0,0,0,0,0,0,N,N,NA,NA,NA,NA,,,NA,NA,NA,NA,0,0,0,0,0,0,1,0,,C,,0,N,-1,3,N,N,6,0,0,0,513899,,,,,,,,,,,,,,,,,,,,,,,
86753091,2016-17,STU01587,FALL,20 and younger,Transfer-In,Full-Time,N,C,,Hispanic,H,F,A,N,Transfer-In Full-Time,A,131202,3.01,3.63,20,20,29,26,0,0,0,0,R,N,Y,NA,C,NA,P,,Y,NA,C,NA,1,0,0,0,0,0,1,0,,C,,6,N,0,3,UK,Fall 2020,5,0,0,0,131202,,,,,,,,,,,,,,,,,,,,,,,
86753091,2018-19,STU01588,SPRING,Older than 24,First-Time,Full-Time,N,C,,Black or African American,N,M,A,N,First-Time Full-Time,A,270101,2.32,2.27,14,8,38,30,22,17,27,17,R,N,Y,NA,C,NA,2.42,,Y,NA,C,NA,1,0,0,0,0,0,2,0,,C,Bridge Program,3,N,0,-1,N,Fall 2019,0,0,0,0,270101,,,,,,,,,,,,,,,,,,,,,,,
86753091,2020-21,STU01589,SUMMER,>20 - 24,Transfer-In,Full-Time,N,C,,White,N,F,,Y,Transfer-In Full-Time,B,240101,3.07,2.94,19,12,0,0,0,0,0,0,R,N,N,NA,N,NA,,,Y,NA,C,NA,0,0,0,0,0,0,1,0,,C,First Year Success,-1,N,0,1,Y,N,5,0,0,0,240101,,,,,,,,,,,,,,,,,,,,,,,
86753091,2017-18,STU01590,FALL,20 and younger,First-Time,Full-Time,C,N,,Asian,N,F,A,N,First-Time Full-Time,B,261504,3.67,3.52,14,13,31,31,0,0,0,0,N,R,NA,Y,NA,C,,2.79,NA,Y,NA,C,1,0,0,0,0,0,1,0,,N,,0,N,0,3,N,N,0,0,0,0,261504,,,,,,,,,,,,,,,,,,,,,,,
86753091,2016-17,STU01591,FALL,>20 - 24,First-Time,Part-Time,N,C,,White,N,F,N,UK,First-Time Part-Time,03,422814,4,4,10,9,16,15,0,0,0,0,R,N,Y,NA,D,NA,F,,Y,NA,D,NA,1,0,0,0,0,0,3,0,,C,,2,UK,0,0,N,N,0,0,0,0,422814,,,,,,,,,,,,,,,,,,,,,,,
86753091,2020-21,STU01592,FALL,Older than 24,Transfer-In,Part-Time,N,R,,White,N,M,B,Y,Transfer-In Part-Time,B,261504,1.95,2.25,8,5,0,0,0,0,0,0,R,R,Y,Y,C,C,3.77,P,Y,NA,C,NA,0,0,0,0,0,0,1,0,,R,,6,N,0,2,N,N,0,0,0,0,261504,,,,,,,,,,,,,,,,,,,,,,,
86753091,2017-18,STU01593,FALL,>20 - 24,First-Time,Full-Time,N,C,,White,N,F,A,Y,First-Time Full-Time,01,520201,2.57,3.21,16,12,25,19,27,24,33,33,R,N,N,NA,N,NA,,,Y,NA,D,NA,1,1,0,0,0,0,1,0,,C,,0,N,0,2,N,N,0,0,0,0,520201,,,NJ,,,,,Master's Colleges & Universities,,,,,Suburb,,,,,,,,,,
86753091,2018-19,STU01594,FALL,20 and younger,Transfer-In,Part-Time,C,C,UK,White,N,F,C,N,Transfer-In Part-Time,B,540101,3.41,3.73,8,8,14,14,0,0,0,0,N,N,NA,NA,NA,NA,,,NA,NA,NA,NA,1,0,0,0,0,0,2,0,,C,,0,P,0,4,N,N,6,0,0,0,540101,,,,,,,,,,,,,,,,,,,,,,,
86753091,2018-19,STU01595,FALL,Older than 24,First-Time,Full-Time,C,R,,White,N,F,A,N,First-Time Full-Time,A,261504,0.57,1.64,14,9,0,0,0,0,0,0,N,R,NA,UK,NA,UK,,,NA,NA,NA,NA,0,0,0,0,0,0,1,0,,R,,-1,UK,0,2,Y,N,0,0,0,0,261504,,,,,,,,,,,,,,,,,,,,,,,
86753091,2017-18,STU01596,SUMMER,20 and younger,Transfer-In,Full-Time,C,C,,White,N,M,A,Y,Transfer-In Full-Time,B,261504,3.25,2.3,17,13,0,0,0,0,0,0,N,N,NA,NA,NA,NA,,,NA,NA,NA,NA,0,0,0,0,0,0,1,0,,C,,-1,N,0,2,N,N,0,0,0,0,261504,,,,,,,,,,,,,,,,,,,,,,,
86753091,2017-18,STU01597,FALL,20 and younger,First-Time,Full-Time,C,N,,Hispanic,H,F,B,N,First-Time Full-Time,B,420101,3.52,2.38,14,8,22,18,29,17,33,26,N,R,NA,Y,NA,C,,4,NA,Y,NA,C,1,0,0,0,0,0,1,0,,N,STEM Scholars 2019,4,N,0,2,N,N,0,0,0,0,420101,,,,,,,,,,,,,,,,,,,,,,,
86753091,2017-18,STU01598,SPRING,20 and younger,Transfer-In,Full-Time,R,C,,White,N,F,P,Y,Transfer-In Full-Time,B,540101,3.87,3.36,18,17,0,0,0,0,0,0,R,N,N,NA,N,NA,,,NA,NA,NA,NA,0,0,0,0,0,0,1,0,,C,,0,UK,1,-1,Y,N,4,0,0,0,540101,,,,,,,,,,,,,,,,,,,,,,,
86753091,2020-21,STU01599,FALL,20 and younger,First-Time,Full-Time,C,R,UK,White,N,M,,Y,First-Time Full-Time,B,261504,2.75,2.61,19,19,33,28,0,0,0,0,N,R,NA,N,NA,N,,,NA,NA,NA,NA,1,0,0,0,0,0,1,0,,R,,1,N,0,0,N,N,0,0,0,0,261504,,,,,,,,,,,,,,,,,,,,,,,
86753091,2020-21,STU01600,SPRING,>20 - 24,Transfer-In,Full-Time,C,C,UK,Unknown,UK,F,P,Y,Transfer-In Full-Time,B,422814,1.89,2.81,11,9,0,0,0,0,0,0,N,N,NA,NA,NA,NA,,,NA,NA,NA,NA,0,0,0,0,0,0,1,0,,C,,3,N,0,-1,N,N,0,0,0,0,422814,,,,,,,,,,,,,,,,,,,,,,,
86753091,2017-18,STU01601,FALL,20 and younger,First-Time,Full-Time,C,C,SE,Hispanic,H,F,B,Y,First-Time Full-Time,B,240101,3.95,3.39,15,10,21,19,32,21,35,34,N,N,NA,NA,NA,NA,,,NA,NA,NA,NA,1,0,0,3,0,0,1,0,3.3,C,,4,UK,0,3,N,N,5,3,0,0,240101,,,,,,,,,,,,,,,,3,,,,3,,,
86753091,2017-18,STU01602,FALL,20 and younger,First-Time,Full-Time,N,C,,White,N,F,N,Y,First-Time Full-Time,B,513899,2.79,2.48,12,12,29,29,40,33,24,24,R,N,Y,NA,NC,NA,F,,Y,NA,C,NA,1,0,0,0,0,0,2,0,,C,,2,N,0,0,N,N,0,0,0,0,513899,,,,,,,,,,,,,,,,,,,,,,,
86753091,2020-21,STU01603,FALL,>20 - 24,First-Time,Part-Time,N,N,,White,N,F,B,UK,First-Time Part-Time,01,110701,2.93,3.38,8,7,6,6,0,0,0,0,R,R,Y,N,NC,N,W,,Y,Y,D,C,1,0,0,0,0,0,3,0,,N,,-1,N,0,3,N,N,0,0,0,0,110701,,,,,,,,,,,,,,,,,,,,,,,
86753091,2017-18,STU01604,SUMMER,Older than 24,Transfer-In,Part-Time,R,C,,Hispanic,H,F,C,Y,Transfer-In Part-Time,A,131202,2.98,3.1,10,8,13,11,0,0,0,0,R,N,N,NA,N,NA,,,NA,NA,NA,NA,1,0,0,0,0,0,2,0,,C,,0,N,0,4,N,N,0,0,0,0,131202,,,,,,,,,,,,,,,,,,,,,,,
86753091,2016-17,STU01605,SPRING,20 and younger,Transfer-In,Full-Time,N,C,,Hispanic,H,F,N,N,Transfer-In Full-Time,02,131202,3.37,2.77,17,16,20,20,25,18,30,26,R,N,Y,NA,C,NA,P,,Y,NA,C,NA,1,1,0,0,0,4,1,3,,C,,1,N,0,2,N,N,0,0,0,4,131202,,,,,,,,,,,,Urban,Urban,,Urban,,,4,,,,4,
86753091,2019-20,STU01606,SPRING,>20 - 24,First-Time,Full-Time,C,N,UK,Hispanic,H,M,N,Y,First-Time Full-Time,03,261504,2.78,3.2,17,16,22,17,0,0,0,0,N,R,NA,Y,NA,C,,3.45,NA,N,NA,N,1,0,0,0,0,0,1,0,,N,,0,N,0,2,UK,Fall 2020,0,0,0,0,261504,,,,,,,,,,,,,,,,,,,,,,,
86753091,2018-19,STU01607,FALL,Older than 24,First-Time,Full-Time,C,N,UK,Black or African American,N,F,B,Y,First-Time Full-Time,A,110701,3.11,3.85,21,20,30,23,23,17,0,0,N,R,NA,Y,NA,D,,F,NA,Y,NA,C,1,0,0,0,0,0,2,0,,N,,0,N,0,3,N,N,0,0,0,0,110701,,,,,,,,,,,,,,,,,,,,,,,
86753091,2020-21,STU01608,FALL,Older than 24,First-Time,Part-Time,C,C,,White,N,F,B,N,First-Time Part-Time,03,240101,3.29,3.07,6,5,19,14,0,0,0,0,N,N,NA,NA,NA,NA,,,NA,NA,NA,NA,1,1,0,0,0,0,4,1,,C,,3,N,0,4,N,N,0,2,0,0,240101,,,MA,,,,,Doctoral Universities,,,,,Suburb,,,,,,,2,,,
86753091,2020-21,STU01609,FALL,>20 - 24,Re-admit,Full-Time,C,C,UK,White,N,M,B,Y,Re-admit Full-Time,B,270101,1.84,1.79,17,13,39,20,34,12,26,15,N,N,NA,NA,NA,NA,,,NA,NA,NA,NA,1,0,0,0,0,0,1,0,,C,,-1,N,-1,-1,N,N,0,4,0,0,270101,,,,,,,,,,,,,,,,,,,,4,,,
86753091,2017-18,STU01610,FALL,Older than 24,Transfer-In,Full-Time,C,C,,White,N,F,B,N,Transfer-In Full-Time,B,131202,3.48,3.64,14,14,0,0,0,0,0,0,N,N,NA,NA,NA,NA,,,NA,NA,NA,NA,0,0,0,0,0,0,1,0,,C,,4,N,0,1,N,N,0,0,0,0,131202,,,,,,,,,,,,,,,,,,,,,,,
86753091,2018-19,STU01611,FALL,20 and younger,First-Time,Full-Time,C,C,UK,White,N,F,,N,First-Time Full-Time,B,131202,1.74,2.42,15,10,30,18,31,20,0,0,N,N,NA,NA,NA,NA,,,NA,NA,NA,NA,1,1,0,0,0,0,2,2,,C,,2,P,0,3,Y,N,6,3,0,0,131202,,,,,,,,,,,,,Suburb,,,,,,,3,,,
86753091,2020-21,STU01612,SUMMER,Older than 24,First-Time,Part-Time,N,R,,Black or African American,N,F,P,N,First-Time Part-Time,B,422814,3,2.4,9,7,0,0,0,0,0,0,R,R,Y,Y,D,D,W,M,N,NA,N,NA,0,0,0,0,0,0,1,0,,R,,2,N,0,1,N,Fall 2019,0,0,0,0,422814,,,,,,,,,,,,,,,,,,,,,,,
86753091,2017-18,STU01613,FALL,20 and younger,Transfer-In,Full-Time,N,C,,Black or African American,N,UK,B,Y,Transfer-In Full-Time,B,540101,2.58,3.36,16,16,30,25,27,27,28,23,R,N,Y,NA,D,NA,F,,N,NA,N,NA,1,0,0,0,0,0,4,0,,C,,1,N,0,0,N,N,0,0,0,0,540101,,,,,,,,,,,,,,,,,,,,,,,
86753091,2020-21,STU01614,FALL,Older than 24,First-Time,Part-Time,C,R,,Two or More Races,N,F,B,N,First-Time Part-Time,C2,540101,3.54,3.16,3,2,17,11,15,14,13,11,N,R,NA,Y,NA,C,,2.56,NA,NA,NA,NA,1,0,0,0,0,0,4,0,,R,,-1,Y,0,2,Y,N,0,0,0,0,540101,,,,,,,,,,,,,,,,,,,,,,,
86753091,2020-21,STU01615,SPRING,20 and younger,First-Time,Part-Time,R,N,,White,N,M,N,Y,First-Time Part-Time,02,540101,3.75,3.77,11,9,20,17,12,12,6,5,R,R,Y,Y,C,C,2.31,2.81,NA,Y,NA,C,1,0,0,0,0,0,4,0,,N,,2,N,0,2,N,N,0,0,0,0,540101,,,,,,,,,,,,,,,,,,,,,,,
86753091,2017-18,STU01616,SUMMER,20 and younger,Transfer-In,Full-Time,C,N,,Hispanic,H,F,C,N,Transfer-In Full-Time,02,110701,2.96,2.39,17,11,31,23,28,20,25,21,N,R,NA,Y,NA,D,,F,NA,Y,NA,C,1,1,0,3,0,0,2,0,2.9,N,,1,N,-1,2,N,N,0,3,0,0,110701,,,,,,,,Doctoral Universities,,,,,,,,3,,,,3,,,
86753091,2019-20,STU01617,FALL,Older than 24,First-Time,Full-Time,C,R,,White,N,F,,Y,First-Time Full-Time,B,270101,2.99,3.18,17,15,21,14,24,22,0,0,N,R,NA,Y,NA,C,,2.2,NA,NA,NA,NA,1,0,0,0,0,0,2,0,,R,,0,UK,-1,2,Y,N,0,0,0,0,270101,,,,,,,,,,,,,,,,,,,,,,,
86753091,2018-19,STU01618,FALL,Older than 24,First-Time,Full-Time,C,C,,White,N,F,C,N,First-Time Full-Time,A,420101,3.07,3.55,15,12,35,32,0,0,0,0,N,N,NA,NA,NA,NA,,,NA,NA,NA,NA,1,0,0,0,0,0,2,0,,C,,0,N,0,1,N,N,0,0,0,0,420101,,,,,,,,,,,,,,,,,,,,,,,
86753091,2018-19,STU01619,SPRING,Older than 24,First-Time,Full-Time,N,R,,American Indian or Alaska Native,N,F,B,N,First-Time Full-Time,A,422814,3.89,3.75,19,14,28,26,21,17,37,37,R,R,N,Y,N,C,,2.44,N,NA,N,NA,1,0,0,2,0,0,4,0,2.2,R,,6,N,0,0,Y,N,0,2,0,0,422814,,,,,,,,,,,,,,,,2,,,,2,,,
86753091,2016-17,STU01620,FALL,>20 - 24,Transfer-In,Full-Time,C,N,,Hispanic,H,M,N,N,Transfer-In Full-Time,03,110701,2.36,1.98,14,12,0,0,0,0,0,0,N,R,NA,Y,NA,C,,2.41,NA,Y,NA,D,0,1,0,0,0,0,1,1,,N,,0,N,2,3,N,N,0,0,0,0,110701,,,,,,,,Doctoral Universities,,,,,Town/Rural,,,,,,,,,,
86753091,2016-17,STU01621,FALL,>20 - 24,First-Time,Part-Time,N,R,,White,N,M,P,N,First-Time Part-Time,02,110701,4,4,9,9,0,0,0,0,0,0,R,R,Y,Y,D,C,W,3.72,N,NA,N,NA,0,0,0,0,0,0,1,0,,R,,5,N,0,3,Y,N,0,0,0,0,110701,,,,,,,,,,,,,,,,,,,,,,,
86753091,2017-18,STU01622,FALL,>20 - 24,Transfer-In,Full-Time,C,C,,Hispanic,H,M,C,N,Transfer-In Full-Time,A,520201,3.02,2.91,18,14,0,0,0,0,0,0,N,N,NA,NA,NA,NA,,,NA,NA,NA,NA,0,1,0,0,0,0,1,3,,C,,4,N,0,2,Y,N,0,2,0,0,520201,,,NY,,,,,Doctoral Universities,,,,,Urban,,,,,,,2,,,
86753091,2019-20,STU01623,FALL,>20 - 24,First-Time,Full-Time,N,C,,Hispanic,H,F,N,Y,First-Time Full-Time,A,510904,4,3.52,21,21,26,22,0,0,0,0,R,N,Y,NA,D,NA,W,,Y,NA,C,NA,1,0,0,0,0,0,3,0,,C,,-1,N,1,0,UK,Spring 2021,0,0,0,0,510904,,,,,,,,,,,,,,,,,,,,,,,
86753091,2019-20,STU01624,FALL,20 and younger,Transfer-In,Full-Time,C,C,,Black or African American,N,M,B,Y,Transfer-In Full-Time,03,261504,2.59,2.84,13,9,25,18,0,0,0,0,N,N,NA,NA,NA,NA,,,NA,NA,NA,NA,1,0,0,0,0,0,3,0,,C,,0,N,0,0,N,N,0,0,0,0,261504,,,,,,,,,,,,,,,,,,,,,,,
86753091,2016-17,STU01625,FALL,>20 - 24,First-Time,Part-Time,N,C,,White,N,F,N,N,First-Time Part-Time,B,510904,2.85,2.34,12,9,0,0,0,0,0,0,R,N,Y,NA,NC,NA,F,,N,NA,N,NA,0,0,0,0,0,0,1,0,,C,,0,N,0,0,Y,Spring 2021,5,0,0,0,510904,,,,,,,,,,,,,,,,,,,,,,,
86753091,2020-21,STU01626,FALL,>20 - 24,First-Time,Full-Time,N,C,,White,N,F,B,N,First-Time Full-Time,03,110701,3.09,3.16,15,14,33,28,0,0,0,0,R,N,UK,NA,UK,NA,,,Y,NA,C,NA,1,0,0,0,0,0,1,0,,C,,3,UK,0,4,N,N,0,0,0,0,110701,,,,,,,,,,,,,,,,,,,,,,,
86753091,2018-19,STU01627,FALL,20 and younger,First-Time,Full-Time,N,C,,White,N,M,B,UK,First-Time Full-Time,B,261504,2.43,2.48,16,11,23,17,31,24,0,0,R,N,Y,NA,C,NA,3.13,,Y,NA,C,NA,1,0,0,0,0,0,1,0,,C,,0,N,0,0,N,N,0,0,0,0,261504,,,,,,,,,,,,,,,,,,,,,,,
86753091,2019-20,STU01628,FALL,>20 - 24,First-Time,Full-Time,C,C,,Black or African American,N,M,B,N,First-Time Full-Time,A,230101,2.86,3.46,17,14,30,22,25,23,30,21,N,N,NA,NA,NA,NA,,,NA,NA,NA,NA,1,1,0,0,0,0,5,1,,C,,0,N,0,-1,Y,N,0,0,0,0,230101,,,,,,,,Associate's Colleges,,,,,Town/Rural,,,,,,,,,,
86753091,2020-21,STU01629,FALL,20 and younger,Transfer-In,Full-Time,N,C,,White,N,M,B,UK,Transfer-In Full-Time,A,261504,3.97,4,17,17,31,22,25,21,30,30,R,N,Y,NA,C,NA,3.21,,Y,NA,C,NA,1,1,0,0,0,3,4,2,,C,,0,N,0,0,N,Fall 2020,0,0,0,3,261504,,FL,FL,,FL,,,,,,,Town/Rural,Town/Rural,,Town/Rural,,,3,,,,3,
86753091,2019-20,STU01630,SUMMER,Older than 24,First-Time,Part-Time,N,C,,Unknown,UK,M,C,N,First-Time Part-Time,B,230101,3.22,4,10,9,14,10,19,16,13,13,R,N,Y,NA,C,NA,P,,Y,NA,C,NA,1,1,0,0,4,0,2,1,,C,First Year Success,0,N,0,1,Y,N,0,0,4,0,230101,NY,,NY,NY,,Baccalaureate Colleges,,Baccalaureate Colleges,Baccalaureate Colleges,,,,,,,,,,,,,,
86753091,2020-21,STU01631,SUMMER,>20 - 24,Transfer-In,Full-Time,C,N,UK,Hispanic,H,F,P,Y,Transfer-In Full-Time,B,240101,1.71,1.98,10,7,28,17,23,14,35,26,N,R,NA,Y,NA,D,,W,NA,N,NA,N,1,1,0,0,0,0,2,1,,N,,0,N,2,0,N,Spring 2020,0,0,0,0,240101,,,NY,,,,,Master's Colleges & Universities,,,,,Suburb,,,,,,,,,,
86753091,2016-17,STU01632,FALL,20 and younger,Transfer-In,Full-Time,C,C,,Black or African American,N,M,N,N,Transfer-In Full-Time,B,513899,3.55,3.1,12,9,32,32,37,37,0,0,N,N,NA,NA,NA,NA,,,NA,NA,NA,NA,1,1,0,0,0,0,3,0,,C,,3,N,0,0,UK,N,5,0,0,0,513899,,,WA,,,,,Master's Colleges & Universities,,,,,Town/Rural,,,,,,,,,,
86753091,2017-18,STU01633,FALL,20 and younger,First-Time,Full-Time,N,C,UK,Asian,N,F,P,N,First-Time Full-Time,03,261504,3.65,3.39,13,8,27,19,33,22,25,16,R,N,N,NA,N,NA,,,Y,NA,D,NA,1,1,0,0,0,2,2,2,,C,,3,N,0,-1,N,N,0,0,0,2,261504,,TX,TX,,TX,,Associate's Colleges,Associate's Colleges,,Associate's Colleges,,Town/Rural,Town/Rural,,Town/Rural,,,2,,,,2,
86753091,2020-21,STU01634,FALL,20 and younger,First-Time,Full-Time,C,N,,Hispanic,H,F,,Y,First-Time Full-Time,A,270101,1.63,2.1,15,11,28,27,0,0,0,0,N,R,NA,Y,NA,C,,2.72,NA,Y,NA,C,1,0,0,0,0,0,2,0,,N,,4,N,0,0,N,N,0,0,0,0,270101,,,,,,,,,,,,,,,,,,,,,,,
86753091,2017-18,STU01635,SPRING,>20 - 24,Transfer-In,Part-Time,C,C,,Hispanic,H,F,A,N,Transfer-In Part-Time,B,270101,3.81,3.8,9,8,13,13,22,22,0,0,N,N,NA,NA,NA,NA,,,NA,NA,NA,NA,1,0,0,0,0,0,3,0,,C,,0,UK,0,-1,N,N,0,0,0,0,270101,,,,,,,,,,,,,,,,,,,,,,,
86753091,2016-17,STU01636,SPRING,20 and younger,Transfer-In,Full-Time,C,C,,Black or African American,N,F,N,N,Transfer-In Full-Time,B,520201,3.62,3.17,14,10,25,20,26,19,28,24,N,N,NA,NA,NA,NA,,,NA,NA,NA,NA,1,0,0,0,0,0,3,0,,C,,3,UK,1,3,Y,N,0,0,0,0,520201,,,,,,,,,,,,,,,,,,,,,,,
86753091,2019-20,STU01637,FALL,>20 - 24,Transfer-In,Full-Time,N,N,,White,N,F,B,Y,Transfer-In Full-Time,03,261504,2.76,2.03,14,9,32,26,28,18,27,25,R,R,N,Y,N,C,,3.24,N,Y,N,C,1,0,0,2,0,0,2,0,1.8,N,,0,N,0,2,N,N,0,2,0,0,261504,,,,,,,,,,,,,,,,2,,,,2,,,
86753091,2020-21,STU01638,FALL,Older than 24,First-Time,Full-Time,C,C,,Two or More Races,N,F,P,N,First-Time Full-Time,B,270101,3.18,3.3,15,11,32,29,34,28,0,0,N,N,NA,NA,NA,NA,,,NA,NA,NA,NA,1,0,0,0,0,0,1,0,,C,,4,N,0,4,N,N,5,0,0,0,270101,,,,,,,,,,,,,,,,,,,,,,,
86753091,2019-20,STU01639,FALL,20 and younger,First-Time,Full-Time,C,C,,Black or African American,N,F,C,N,First-Time Full-Time,03,270101,4,3.92,17,12,0,0,0,0,0,0,N,N,NA,NA,NA,NA,,,NA,NA,NA,NA,0,0,0,0,0,0,1,0,,C,Bridge Program,6,N,0,4,N,Spring 2020,0,0,0,0,270101,,,,,,,,,,,,,,,,,,,,,,,
86753091,2018-19,STU01640,FALL,20 and younger,Re-admit,Full-Time,C,R,,White,N,M,B,N,Re-admit Full-Time,A,131202,3.46,3.45,17,14,36,36,0,0,0,0,N,R,NA,Y,NA,C,,2.96,NA,NA,NA,NA,1,0,0,0,0,0,2,0,,R,,3,UK,0,0,Y,N,0,0,0,0,131202,,,,,,,,,,,,,,,,,,,,,,,
86753091,2018-19,STU01641,FALL,Older than 24,First-Time,Part-Time,C,UK,UK,White,N,M,A,Y,First-Time Part-Time,B,131202,3.25,3,8,7,16,13,12,11,8,6,N,UK,NA,UK,NA,UK,,,NA,UK,NA,UK,1,1,0,0,0,3,2,3,,UK,,4,UK,0,2,UK,N,5,0,0,3,131202,,NY,NY,,NY,,Baccalaureate Colleges,Baccalaureate Colleges,,Baccalaureate Colleges,,,,,,,,3,,,,3,
86753091,2017-18,STU01642,SUMMER,>20 - 24,First-Time,Full-Time,R,C,,Two or More Races,N,M,A,UK,First-Time Full-Time,B,510904,4,3.84,19,19,38,38,22,22,0,0,R,N,Y,NA,C,NA,3.75,,NA,NA,NA,NA,1,1,0,0,0,0,3,1,,C,STEM Scholars 2019,0,N,0,1,N,N,0,0,0,0,510904,,,NC,,,,,Master's Colleges & Universities,,,,,Town/Rural,,,,,,,,,,
86753091,2017-18,STU01643,FALL,20 and younger,First-Time,Full-Time,C,C,,Black or African American,N,M,B,Y,First-Time Full-Time,B,270101,4,3.88,18,16,32,24,0,0,0,0,N,N,NA,NA,NA,NA,,,NA,NA,NA,NA,1,0,0,0,0,0,1,0,,C,,0,N,0,0,N,N,0,0,0,0,270101,,,,,,,,,,,,,,,,,,,,,,,
86753091,2016-17,STU01644,SPRING,>20 - 24,First-Time,Full-Time,N,N,,Nonresident alien,N,M,B,UK,First-Time Full-Time,B,270101,3.38,2.88,13,10,31,28,0,0,0,0,R,R,Y,Y,D,C,W,3.38,N,Y,N,D,1,0,0,0,0,0,3,0,,N,,3,UK,0,2,N,N,0,3,0,0,270101,,,,,,,,,,,,,,,,,,,,3,,,
86753091,2017-18,STU01645,SPRING,Older than 24,First-Time,Full-Time,R,C,,Hispanic,H,F,B,UK,First-Time Full-Time,03,230101,4,3.46,13,12,39,33,0,0,0,0,R,N,Y,NA,C,NA,3.8,,NA,NA,NA,NA,1,0,0,0,0,0,1,0,,C,,0,P,0,3,N,N,0,0,0,0,230101,,,,,,,,,,,,,,,,,,,,,,,
86753091,2016-17,STU01646,FALL,20 and younger,First-Time,Full-Time,N,C,,Hispanic,H,F,A,Y,First-Time Full-Time,B,422814,3.24,2.88,16,11,28,24,28,24,24,18,R,N,Y,NA,C,NA,3.47,,Y,NA,D,NA,1,0,0,0,0,0,3,0,,C,,1,N,0,4,N,N,0,0,0,0,422814,,,,,,,,,,,,,,,,,,,,,,,
86753091,2016-17,STU01647,FALL,20 and younger,First-Time,Part-Time,N,C,DE,White,N,F,,N,First-Time Part-Time,B,110701,3.11,2.97,13,8,11,10,0,0,0,0,R,N,N,NA,N,NA,,,Y,NA,D,NA,1,0,0,0,0,0,4,0,,C,,6,N,0,-1,N,N,0,0,0,0,110701,,,,,,,,,,,,,,,,,,,,,,,
86753091,2018-19,STU01648,FALL,20 and younger,First-Time,Full-Time,C,C,DE,Hispanic,H,M,B,Y,First-Time Full-Time,B,131202,3.03,3.44,11,11,25,22,0,0,0,0,N,N,NA,NA,NA,NA,,,NA,NA,NA,NA,1,0,0,0,0,0,2,0,,C,,3,N,0,0,N,N,0,0,0,0,131202,,,,,,,,,,,,,,,,,,,,,,,
86753091,2017-18,STU01649,FALL,20 and younger,First-Time,Full-Time,C,C,,White,N,F,,Y,First-Time Full-Time,02,510904,1.82,1.93,13,10,0,0,0,0,0,0,N,N,NA,NA,NA,NA,,,NA,NA,NA,NA,0,0,0,0,0,0,1,0,,C,,3,N,0,2,UK,Fall 2019,0,0,0,0,510904,,,,,,,,,,,,,,,,,,,,,,,
86753091,2019-20,STU01650,FALL,20 and younger,Transfer-In,Full-Time,N,R,,Asian,N,M,C,Y,Transfer-In Full-Time,B,261504,3.67,3.47,10,10,30,30,23,15,22,12,R,R,Y,UK,C,UK,3.17,,N,NA,N,NA,1,1,0,0,0,0,5,0,,R,,5,N,0,2,N,N,4,0,0,0,261504,,,OH,,,,,Associate's Colleges,,,,,Suburb,,,,,,,,,,
86753091,2017-18,STU01651,FALL,>20 - 24,First-Time,Full-Time,N,N,,White,N,F,P,N,First-Time Full-Time,B,422814,4,4,17,17,28,28,29,29,30,23,R,R,Y,Y,C,D,2.01,W,Y,Y,C,C,1,1,0,3,0,0,2,2,2.9,N,,3,N,0,-1,N,N,0,3,0,0,422814,,,CA,,,,,Baccalaureate Colleges,,,,,Town/Rural,,,3,,,,3,,,
86753091,2020-21,STU01652,FALL,Older than 24,First-Time,Full-Time,C,R,,White,N,F,A,N,First-Time Full-Time,B,420101,3.17,3.48,14,13,34,26,0,0,0,0,N,R,NA,N,NA,N,,,NA,NA,NA,NA,1,0,0,0,0,0,4,0,,R,,0,N,-1,4,Y,N,0,0,0,0,420101,,,,,,,,,,,,,,,,,,,,,,,
86753091,2019-20,STU01653,SPRING,>20 - 24,First-Time,Full-Time,C,N,,Asian,N,F,B,Y,First-Time Full-Time,A,131202,3.84,2.5,15,9,29,19,31,20,21,15,N,R,NA,N,NA,N,,,NA,Y,NA,D,1,0,0,2,0,0,4,0,1.8,N,,4,N,-1,1,N,Fall 2020,0,2,0,0,131202,,,,,,,,,,,,,,,,2,,,,2,,,
86753091,2016-17,STU01654,FALL,>20 - 24,First-Time,Full-Time,N,R,,Hispanic,H,M,P,Y,First-Time Full-Time,B,270101,2.31,3.69,18,18,29,29,27,27,25,25,R,R,Y,Y,D,C,F,3.63,Y,NA,C,NA,1,1,0,0,0,0,1,0,,R,,1,UK,0,-1,N,N,0,0,0,0,270101,,,MI,,,,,Doctoral Universities,,,,,Urban,,,,,,,,,,
86753091,2020-21,STU01655,FALL,Older than 24,Transfer-In,Part-Time,C,C,,White,N,F,C,Y,Transfer-In Part-Time,B,520201,3.85,4,6,6,12,12,0,0,0,0,N,N,NA,NA,NA,NA,,,NA,NA,NA,NA,1,0,0,0,0,0,1,0,,C,,0,N,0,1,Y,N,5,0,0,0,520201,,,,,,,,,,,,,,,,,,,,,,,
86753091,2019-20,STU01656,FALL,20 and younger,Transfer-In,Full-Time,C,C,,Hispanic,H,F,B,Y,Transfer-In Full-Time,B,520201,4,4,18,16,34,28,32,30,29,27,N,N,NA,NA,NA,NA,,,NA,NA,NA,NA,1,0,0,0,0,0,3,0,,C,,4,UK,0,4,N,N,0,0,0,0,520201,,,,,,,,,,,,,,,,,,,,,,,
86753091,2017-18,STU01657,FALL,20 and younger,Re-admit,Full-Time,C,C,,Hispanic,H,M,A,N,Re-admit Full-Time,B,270101,3.62,3.24,16,14,27,24,0,0,0,0,N,N,NA,NA,NA,NA,,,NA,NA,NA,NA,1,1,0,0,0,0,5,1,,C,,0,UK,-1,-1,N,N,0,0,0,0,270101,,,IL,,,,,Baccalaureate Colleges,,,,,Suburb,,,,,,,,,,
86753091,2018-19,STU01658,FALL,>20 - 24,First-Time,Full-Time,R,N,UK,Black or African American,N,M,B,N,First-Time Full-Time,C2,131202,3.49,4,13,10,32,29,34,34,30,24,R,R,Y,Y,C,C,P,1.84,NA,N,NA,N,1,0,0,0,0,0,4,0,,N,,0,N,0,0,N,N,0,0,0,0,131202,,,,,,,,,,,,,,,,,,,,,,,
86753091,2017-18,STU01659,FALL,>20 - 24,Re-admit,Full-Time,C,N,,White,N,M,B,Y,Re-admit Full-Time,C1,240101,2.93,3.24,17,17,31,31,30,25,29,23,N,R,NA,Y,NA,C,,P,NA,Y,NA,D,1,0,0,0,0,0,3,0,,N,,0,N,0,4,N,N,0,0,0,0,240101,,,,,,,,,,,,,,,,,,,,,,,
86753091,2018-19,STU01660,SPRING,>20 - 24,First-Time,Part-Time,C,C,,Black or African American,N,M,B,Y,First-Time Part-Time,03,131202,1.96,1.87,8,6,9,6,0,0,0,0,N,N,NA,NA,NA,NA,,,NA,NA,NA,NA,1,0,0,0,0,0,2,0,,C,,1,N,-1,1,N,N,0,0,0,0,131202,,,,,,,,,,,,,,,,,,,,,,,
86753091,2020-21,STU01661,SPRING,20 and younger,First-Time,Full-Time,C,N,,Asian,N,F,B,UK,First-Time Full-Time,B,230101,3.37,3.63,11,11,24,24,30,29,23,22,N,R,NA,Y,NA,D,,F,NA,Y,NA,C,1,0,0,0,0,0,2,0,,N,,0,N,0,3,Y,N,0,0,0,0,230101,,,,,,,,,,,,,,,,,,,,,,,
86753091,2019-20,STU01662,SUMMER,20 and younger,Transfer-In,Full-Time,C,C,,White,N,M,C,N,Transfer-In Full-Time,B,230101,4,3.46,18,13,31,28,0,0,0,0,N,N,NA,NA,NA,NA,,,NA,NA,NA,NA,1,1,0,0,0,0,1,0,,C,,0,N,0,2,N,Spring 2020,4,0,0,0,230101,,,,,,,,Associate's Colleges,,,,,Urban,,,,,,,,,,
86753091,2018-19,STU01663,SUMMER,20 and younger,First-Time,Full-Time,R,C,,Black or African American,N,F,,N,First-Time Full-Time,B,422814,2.63,3.12,15,15,34,29,32,26,35,29,R,N,N,NA,N,NA,,,NA,NA,NA,NA,1,0,0,0,0,0,1,0,,C,,-1,N,0,0,UK,Spring 2021,0,0,0,0,422814,,,,,,,,,,,,,,,,,,,,,,,
86753091,2019-20,STU01664,FALL,Older than 24,Transfer-In,Full-Time,C,C,,White,N,M,P,UK,Transfer-In Full-Time,B,420101,2.92,2.2,15,11,29,20,0,0,0,0,N,N,NA,NA,NA,NA,,,NA,NA,NA,NA,1,0,0,0,0,0,3,0,,C,,-1,Y,0,2,N,N,0,0,0,0,420101,,,,,,,,,,,,,,,,,,,,,,,
86753091,2018-19,STU01665,SUMMER,>20 - 24,Transfer-In,Full-Time,C,C,,Hispanic,H,F,A,Y,Transfer-In Full-Time,B,520201,3.9,3.94,20,20,28,28,31,28,32,32,N,N,NA,NA,NA,NA,,,NA,NA,NA,NA,1,1,0,3,0,0,2,2,3,C,,4,N,0,0,N,N,0,3,0,0,520201,,,NC,,,,,Baccalaureate Colleges,,,,,Urban,,,3,,,,3,,,
86753091,2018-19,STU01666,SPRING,>20 - 24,Re-admit,Full-Time,N,N,,White,N,M,P,Y,Re-admit Full-Time,02,422814,2.67,2.21,12,8,33,24,30,18,29,24,R,R,Y,N,C,N,3.83,,Y,Y,D,D,1,1,0,4,0,0,4,1,3.9,N,STEM Scholars 2019,0,N,0,2,N,N,4,4,0,0,422814,,,NC,,,,,,,,,,Town/Rural,,,4,,,,4,,,
86753091,2017-18,STU01667,FALL,20 and younger,First-Time,Full-Time,N,C,DE,Asian,N,F,,N,First-Time Full-Time,B,270101,4,3.76,18,18,26,20,20,18,31,29,R,N,N,NA,N,NA,,,Y,NA,D,NA,1,0,0,0,0,0,3,0,,C,,0,P,-1,3,N,N,0,0,0,0,270101,,,,,,,,,,,,,,,,,,,,,,,
86753091,2017-18,STU01668,SPRING,>20 - 24,First-Time,Full-Time,R,N,,Black or African American,N,F,B,N,First-Time Full-Time,02,261504,2.29,2.67,12,8,25,22,25,18,0,0,R,R,Y,Y,C,C,2.82,2.82,NA,N,NA,N,1,0,0,0,0,0,2,0,,N,,0,P,0,0,N,Fall 2020,0,2,0,0,261504,,,,,,,,,,,,,,,,,,,,2,,,
86753091,2017-18,STU01669,FALL,>20 - 24,Transfer-In,Full-Time,N,N,,Hispanic,H,F,C,Y,Transfer-In Full-Time,02,270101,2.84,3.39,14,13,26,20,30,25,21,20,R,R,N,Y,N,D,,W,Y,N,D,N,1,0,0,0,0,0,1,0,,N,Bridge Program,6,N,-1,3,UK,N,0,0,0,0,270101,,,,,,,,,,,,,,,,,,,,,,,
86753091,2016-17,STU01670,FALL,20 and younger,Transfer-In,Full-Time,N,C,,Black or African American,N,F,N,N,Transfer-In Full-Time,03,422814,2.64,2.7,17,12,0,0,0,0,0,0,R,N,Y,NA,C,NA,1.68,,Y,NA,C,NA,0,0,0,0,0,0,1,0,,C,,2,N,0,3,N,N,0,0,0,0,422814,,,,,,,,,,,,,,,,,,,,,,,
86753091,2016-17,STU01671,FALL,20 and younger,Transfer-In,Full-Time,C,C,,Black or African American,N,F,C,Y,Transfer-In Full-Time,B,261504,4,3.78,12,12,0,0,0,0,0,0,N,N,NA,NA,NA,NA,,,NA,NA,NA,NA,0,0,0,0,0,0,1,0,,C,,0,N,0,3,N,N,0,0,0,0,261504,,,,,,,,,,,,,,,,,,,,,,,
86753091,2020-21,STU01672,SUMMER,20 and younger,First-Time,Full-Time,N,C,,Black or African American,N,F,B,Y,First-Time Full-Time,B,131202,3.85,4,19,19,26,26,23,20,0,0,R,N,Y,NA,C,NA,4,,Y,NA,C,NA,1,1,0,2,4,0,1,1,2.1,C,,2,N,0,0,Y,N,4,2,4,0,131202,NY,,NY,NY,,Baccalaureate Colleges,,Baccalaureate Colleges,Baccalaureate Colleges,,Suburb,,Suburb,Suburb,,2,,,,2,,,
86753091,2018-19,STU01673,FALL,20 and younger,First-Time,Full-Time,N,C,,White,N,F,B,N,First-Time Full-Time,03,520201,4,4,17,17,31,30,30,30,31,27,R,N,Y,NA,C,NA,3.82,,Y,NA,C,NA,1,0,0,0,0,0,3,0,,C,,0,N,0,2,N,Spring 2020,0,0,0,0,520201,,,,,,,,,,,,,,,,,,,,,,,
86753091,2017-18,STU01674,FALL,Older than 24,First-Time,Full-Time,N,C,,Hispanic,H,M,P,UK,First-Time Full-Time,C1,230101,4,3.76,16,14,36,32,28,24,0,0,R,N,Y,NA,D,NA,F,,N,NA,N,NA,1,1,0,2,0,0,2,1,1.9,C,,2,P,0,1,N,N,0,2,0,0,230101,,,WA,,,,,,,,,,Suburb,,,2,,,,2,,,
86753091,2018-19,STU01675,SPRING,>20 - 24,First-Time,Full-Time,N,C,,Hispanic,H,M,N,N,First-Time Full-Time,A,110701,2.79,2.12,15,10,22,8,27,25,0,0,R,N,Y,NA,C,NA,3.53,,N,NA,N,NA,1,0,0,0,0,0,5,0,,C,,1,N,-1,0,N,N,0,0,0,0,110701,,,,,,,,,,,,,,,,,,,,,,,
86753091,2019-20,STU01676,FALL,>20 - 24,Transfer-In,Full-Time,C,C,,Unknown,UK,M,P,N,Transfer-In Full-Time,B,422814,2.21,2.54,14,8,28,25,26,17,26,18,N,N,NA,NA,NA,NA,,,NA,NA,NA,NA,1,1,0,0,0,0,2,0,,C,First Year Success,0,UK,0,3,N,Fall 2020,0,0,0,0,422814,,,NC,,,,,Master's Colleges & Universities,,,,,Town/Rural,,,,,,,,,,
86753091,2019-20,STU01677,FALL,20 and younger,First-Time,Full-Time,N,C,,White,N,F,B,N,First-Time Full-Time,B,261504,3.26,3.53,16,13,28,25,32,32,26,24,R,N,Y,NA,C,NA,3.15,,N,NA,N,NA,1,0,0,2,0,0,2,0,1.9,C,,2,N,1,-1,N,N,0,2,0,0,261504,,,,,,,,,,,,,,,,2,,,,2,,,
86753091,2016-17,STU01678,FALL,20 and younger,First-Time,Full-Time,C,C,,White,N,F,N,N,First-Time Full-Time,B,131202,3.53,3.49,14,12,33,32,0,0,0,0,N,N,NA,NA,NA,NA,,,NA,NA,NA,NA,1,1,0,0,0,0,2,1,,C,,-1,UK,-1,2,N,Spring 2021,0,0,0,0,131202,,,VA,,,,,,,,,,Suburb,,,,,,,,,,
86753091,2018-19,STU01679,FALL,20 and younger,Transfer-In,Full-Time,C,C,,Two or More Races,N,F,B,Y,Transfer-In Full-Time,B,240101,3.39,3.3,17,15,0,0,0,0,0,0,N,N,NA,NA,NA,NA,,,NA,NA,NA,NA,0,0,0,0,0,0,1,0,,C,,1,N,0,-1,Y,N,0,0,0,0,240101,,,,,,,,,,,,,,,,,,,,,,,
86753091,2019-20,STU01680,FALL,>20 - 24,First-Time,Part-Time,R,R,,Black or African American,N,UK,B,N,First-Time Part-Time,B,540101,4,4,8,6,18,16,17,16,21,21,R,R,Y,UK,C,UK,1.61,,NA,NA,NA,NA,1,0,0,0,0,0,2,0,,R,Bridge Program,0,N,0,2,UK,N,0,0,0,0,540101,,,,,,,,,,,,,,,,,,,,,,,
86753091,2018-19,STU01681,SPRING,>20 - 24,First-Time,Full-Time,N,R,,White,N,M,B,Y,First-Time Full-Time,A,420101,3.05,2.84,15,12,0,0,0,0,0,0,R,R,Y,Y,C,C,3.07,2.23,Y,NA,D,NA,0,0,0,0,0,0,1,0,,R,,2,N,0,3,N,N,0,0,0,0,420101,,,,,,,,,,,,,,,,,,,,,,,
86753091,2018-19,STU01682,FALL,>20 - 24,Transfer-In,Part-Time,C,C,,White,N,F,,UK,Transfer-In Part-Time,A,270101,4,3.94,9,8,10,9,0,0,0,0,N,N,NA,NA,NA,NA,,,NA,NA,NA,NA,1,0,0,0,0,0,3,0,,C,,0,N,0,-1,UK,N,0,0,0,0,270101,,,,,,,,,,,,,,,,,,,,,,,
86753091,2017-18,STU01683,FALL,>20 - 24,Transfer-In,Full-Time,C,C,,Two or More Races,N,M,P,UK,Transfer-In Full-Time,B,240101,3.62,3.94,20,20,28,28,27,27,29,29,N,N,NA,NA,NA,NA,,,NA,NA,NA,NA,1,0,0,0,0,0,2,0,,C,,4,N,0,-1,N,N,0,0,0,0,240101,,,,,,,,,,,,,,,,,,,,,,,
86753091,2019-20,STU01684,SPRING,Older than 24,First-Time,Part-Time,C,C,,White,N,F,B,N,First-Time Part-Time,03,240101,4,4,8,7,15,14,13,11,0,0,N,N,NA,NA,NA,NA,,,NA,NA,NA,NA,1,1,0,0,0,0,2,0,,C,,5,N,0,2,N,N,0,0,0,0,240101,,,AZ,,,,,Baccalaureate Colleges,,,,,Urban,,,,,,,,,,
86753091,2018-19,STU01685,SPRING,20 and younger,Transfer-In,Full-Time,C,N,,White,N,F,,Y,Transfer-In Full-Time,B,513899,3.1,3.68,16,16,31,20,27,21,0,0,N,R,NA,Y,NA,C,,2.7,NA,N,NA,N,1,0,0,0,0,0,1,0,,N,,1,P,0,4,N,N,0,0,0,0,513899,,,,,,,,,,,,,,,,,,,,,,,
86753091,2016-17,STU01686,FALL,Older than 24,First-Time,Full-Time,C,UK,UK,Asian,N,M,C,Y,First-Time Full-Time,B,261504,1.33,1.17,13,7,25,17,27,19,35,16,N,UK,NA,UK,NA,UK,,,NA,UK,NA,UK,1,0,0,0,0,0,3,0,,UK,,1,N,-1,3,N,N,0,0,0,0,261504,,,,,,,,,,,,,,,,,,,,,,,
86753091,2020-21,STU01687,SPRING,20 and younger,First-Time,Full-Time,N,R,,Hispanic,H,F,A,UK,First-Time Full-Time,B,513899,3.47,2.9,16,13,26,21,30,18,32,23,R,R,UK,Y,UK,NC,,F,Y,NA,C,NA,1,0,0,0,0,0,4,0,,R,STEM Scholars 2019,0,N,0,0,N,N,0,0,0,0,513899,,,,,,,,,,,,,,,,,,,,,,,
86753091,2016-17,STU01688,SPRING,>20 - 24,First-Time,Full-Time,C,N,,White,N,F,B,N,First-Time Full-Time,B,540101,1.82,1.71,21,14,25,20,0,0,0,0,N,R,NA,Y,NA,C,,2.6,NA,Y,NA,D,1,0,0,0,0,0,2,0,,N,,0,UK,0,3,UK,N,0,0,0,0,540101,,,,,,,,,,,,,,,,,,,,,,,
86753091,2017-18,STU01689,FALL,20 and younger,First-Time,Full-Time,N,C,SE,Black or African American,N,M,B,Y,First-Time Full-Time,B,110701,3.58,3.98,18,17,26,25,0,0,0,0,R,N,Y,NA,C,NA,2.8,,Y,NA,D,NA,1,0,0,0,0,0,3,0,,C,,1,N,2,2,N,N,0,0,0,0,110701,,,,,,,,,,,,,,,,,,,,,,,
86753091,2018-19,STU01690,SUMMER,20 and younger,First-Time,Full-Time,C,R,DE,Two or More Races,N,F,B,Y,First-Time Full-Time,B,422814,3.62,3.29,12,8,25,21,30,28,0,0,N,R,NA,Y,NA,C,,O,NA,NA,NA,NA,1,0,0,0,0,0,2,0,,R,,0,N,0,3,N,N,0,0,0,0,422814,,,,,,,,,,,,,,,,,,,,,,,
86753091,2019-20,STU01691,SPRING,20 and younger,Transfer-In,Full-Time,N,C,,White,N,F,A,N,Transfer-In Full-Time,03,131202,3.73,3.63,16,16,30,29,0,0,0,0,R,N,Y,NA,C,NA,3.17,,N,NA,N,NA,1,0,0,0,0,0,2,0,,C,,0,N,0,4,N,N,0,0,0,0,131202,,,,,,,,,,,,,,,,,,,,,,,
86753091,2018-19,STU01692,FALL,>20 - 24,First-Time,Full-Time,N,C,,Hispanic,H,M,N,N,First-Time Full-Time,B,240101,2.89,2.71,11,9,30,24,33,22,25,20,R,N,UK,NA,UK,NA,,,N,NA,N,NA,1,0,0,0,0,0,5,0,,C,,0,UK,0,3,N,Spring 2020,0,0,0,0,240101,,,,,,,,,,,,,,,,,,,,,,,
86753091,2020-21,STU01693,FALL,Older than 24,First-Time,Part-Time,C,R,UK,White,N,P,N,N,First-Time Part-Time,B,540101,2.5,2.68,11,7,14,13,0,0,0,0,N,R,NA,Y,NA,C,,2.59,NA,NA,NA,NA,1,0,0,0,0,0,3,0,,R,,5,N,0,2,N,N,0,0,0,0,540101,,,,,,,,,,,,,,,,,,,,,,,
86753091,2016-17,STU01694,WINTER,20 and younger,First-Time,Full-Time,C,C,,Hispanic,H,F,N,UK,First-Time Full-Time,B,510904,3.33,4,18,18,24,19,28,25,31,30,N,N,NA,NA,NA,NA,,,NA,NA,NA,NA,1,0,0,0,0,0,3,0,,C,,2,N,0,0,N,N,0,0,0,0,510904,,,,,,,,,,,,,,,,,,,,,,,
86753091,2017-18,STU01695,FALL,>20 - 24,First-Time,Full-Time,N,N,,Asian,N,P,N,Y,First-Time Full-Time,03,540101,3.28,3.92,12,12,32,32,31,29,30,30,R,R,Y,Y,C,C,2.84,2.35,Y,N,D,N,1,0,0,2,0,0,3,0,1.8,N,,-1,UK,1,4,N,N,0,2,0,0,540101,,,,,,,,,,,,,,,,2,,,,2,,,
86753091,2019-20,STU01696,SPRING,20 and younger,Re-admit,Full-Time,C,C,,Hispanic,H,F,B,UK,Re-admit Full-Time,03,420101,2.52,2.5,17,12,24,15,24,24,31,16,N,N,NA,NA,NA,NA,,,NA,NA,NA,NA,1,1,0,0,0,2,1,2,,C,,4,N,-1,2,N,N,0,0,0,2,420101,,GA,GA,,GA,,,,,,,Urban,Urban,,Urban,,,2,,,,2,
86753091,2019-20,STU01697,SUMMER,20 and younger,First-Time,Full-Time,C,C,,Black or African American,N,M,P,Y,First-Time Full-Time,B,540101,3.63,3.36,17,15,25,18,0,0,0,0,N,N,NA,NA,NA,NA,,,NA,NA,NA,NA,1,1,0,0,0,0,2,0,,C,STEM Scholars 2019,4,N,0,2,N,N,0,0,0,0,540101,,,,,,,,Master's Colleges & Universities,,,,,Suburb,,,,,,,,,,
86753091,2016-17,STU01698,FALL,>20 - 24,Transfer-In,Full-Time,C,N,,Hispanic,H,F,N,Y,Transfer-In Full-Time,03,270101,2.44,2.62,15,10,26,26,31,25,28,17,N,R,NA,Y,NA,NC,,F,NA,N,NA,N,1,0,0,0,0,0,1,0,,N,,1,N,0,0,N,N,0,4,0,0,270101,,,,,,,,,,,,,,,,,,,,4,,,
86753091,2020-21,STU01699,FALL,20 and younger,Transfer-In,Full-Time,N,C,,Hispanic,H,M,,Y,Transfer-In Full-Time,03,230101,2.31,2.28,14,11,24,19,29,22,28,16,R,N,Y,NA,C,NA,2.42,,Y,NA,C,NA,1,0,0,0,0,0,3,0,,C,,0,N,0,3,UK,Fall 2019,0,0,0,0,230101,,,,,,,,,,,,,,,,,,,,,,,
86753091,2020-21,STU01700,FALL,20 and younger,First-Time,Full-Time,C,N,,Hispanic,H,M,N,N,First-Time Full-Time,B,422814,2.85,3.31,18,17,0,0,0,0,0,0,N,R,NA,N,NA,N,,,NA,Y,NA,C,0,0,0,0,0,0,1,0,,N,,-1,N,0,3,N,N,0,0,0,0,422814,,,,,,,,,,,,,,,,,,,,,,,
86753091,2018-19,STU01701,FALL,>20 - 24,Transfer-In,Full-Time,C,C,,Hispanic,H,F,N,Y,Transfer-In Full-Time,B,540101,2.43,2.1,19,15,30,26,25,20,25,16,N,N,NA,NA,NA,NA,,,NA,NA,NA,NA,1,0,0,0,0,0,2,0,,C,,0,N,-1,0,N,N,0,0,0,0,540101,,,,,,,,,,,,,,,,,,,,,,,
86753091,2017-18,STU01702,FALL,20 and younger,First-Time,Full-Time,N,C,,White,N,F,N,Y,First-Time Full-Time,B,520201,2.45,2.26,17,12,0,0,0,0,0,0,R,N,Y,NA,C,NA,2.48,,Y,NA,D,NA,0,0,0,0,0,0,1,0,,C,Bridge Program,2,N,0,-1,N,N,0,0,0,0,520201,,,,,,,,,,,,,,,,,,,,,,,
86753091,2019-20,STU01703,FALL,Older than 24,Re-admit,Full-Time,N,N,,Two or More Races,N,F,,N,Re-admit Full-Time,02,230101,1.44,1.98,13,8,0,0,0,0,0,0,R,R,N,Y,N,C,,3.24,N,Y,N,D,0,0,0,0,0,0,1,0,,N,Bridge Program,1,N,1,3,N,Spring 2021,0,0,0,0,230101,,,,,,,,,,,,,,,,,,,,,,,
86753091,2019-20,STU01704,SPRING,Older than 24,Transfer-In,Full-Time,N,C,,White,N,M,N,N,Transfer-In Full-Time,03,110701,4,4,17,16,30,29,27,25,0,0,R,N,Y,NA,D,NA,W,,Y,NA,C,NA,1,0,0,0,0,0,5,0,,C,,0,N,0,0,Y,N,0,0,0,0,110701,,,,,,,,,,,,,,,,,,,,,,,
86753091,2016-17,STU01705,FALL,20 and younger,First-Time,Full-Time,C,C,,Two or More Races,N,M,B,N,First-Time Full-Time,B,110701,3.77,3.89,14,14,32,32,22,18,32,32,N,N,NA,NA,NA,NA,,,NA,NA,NA,NA,1,0,0,0,0,0,2,0,,C,,0,N,-1,0,N,N,0,0,0,0,110701,,,,,,,,,,,,,,,,,,,,,,,
86753091,2018-19,STU01706,FALL,Older than 24,First-Time,Part-Time,C,N,,Hispanic,H,F,P,Y,First-Time Part-Time,A,540101,2.99,2.19,8,5,0,0,0,0,0,0,N,R,NA,Y,NA,C,,1.7,NA,Y,NA,D,0,0,0,0,0,0,1,0,,N,,0,P,0,2,N,Fall 2019,0,0,0,0,540101,,,,,,,,,,,,,,,,,,,,,,,
86753091,2019-20,STU01707,FALL,>20 - 24,Transfer-In,Full-Time,C,C,,White,N,M,P,Y,Transfer-In Full-Time,B,510904,1.62,2.01,14,13,30,12,33,25,31,24,N,N,NA,NA,NA,NA,,,NA,NA,NA,NA,1,0,0,0,0,0,1,0,,C,,0,N,0,0,N,N,0,0,0,0,510904,,,,,,,,,,,,,,,,,,,,,,,
86753091,2017-18,STU01708,FALL,>20 - 24,First-Time,Part-Time,C,C,,White,N,M,B,UK,First-Time Part-Time,A,110701,3.51,3.71,8,8,13,13,0,0,0,0,N,N,NA,NA,NA,NA,,,NA,NA,NA,NA,1,0,0,0,0,0,2,0,,C,,0,N,0,3,N,Fall 2020,0,0,0,0,110701,,,,,,,,,,,,,,,,,,,,,,,
86753091,2019-20,STU01709,FALL,Older than 24,First-Time,Full-Time,R,C,,Hispanic,H,F,P,UK,First-Time Full-Time,03,110701,1.52,2.03,14,8,29,26,0,0,0,0,R,N,Y,NA,NC,NA,W,,NA,NA,NA,NA,1,0,0,0,0,0,4,0,,C,,0,N,0,2,N,N,0,0,0,0,110701,,,,,,,,,,,,,,,,,,,,,,,
86753091,2017-18,STU01710,FALL,>20 - 24,Transfer-In,Full-Time,N,N,,Asian,N,F,B,N,Transfer-In Full-Time,B,540101,2.3,3.02,14,10,30,23,31,26,26,20,R,R,Y,N,C,N,2.34,,Y,Y,D,D,1,0,0,0,0,0,4,0,,N,,0,N,0,3,Y,N,0,0,0,0,540101,,,,,,,,,,,,,,,,,,,,,,,
86753091,2019-20,STU01711,FALL,20 and younger,First-Time,Full-Time,C,C,,White,N,M,N,N,First-Time Full-Time,03,540101,3.32,4,13,12,31,27,28,26,27,27,N,N,NA,NA,NA,NA,,,NA,NA,NA,NA,1,0,0,0,0,0,1,0,,C,,0,N,0,0,N,N,0,0,0,0,540101,,,,,,,,,,,,,,,,,,,,,,,
86753091,2017-18,STU01712,SPRING,20 and younger,Transfer-In,Full-Time,C,N,,White,N,F,A,N,Transfer-In Full-Time,B,131202,3.04,3.24,13,12,22,22,0,0,0,0,N,R,NA,Y,NA,C,,3.73,NA,Y,NA,C,1,0,0,0,0,0,2,0,,N,Bridge Program,2,N,0,3,N,N,0,0,0,0,131202,,,,,,,,,,,,,,,,,,,,,,,
86753091,2016-17,STU01713,FALL,Older than 24,Transfer-In,Full-Time,R,N,,White,N,F,B,Y,Transfer-In Full-Time,A,422814,2.64,2.21,8,6,26,19,28,28,0,0,R,R,Y,Y,C,D,2.51,F,NA,Y,NA,D,1,0,0,0,0,0,1,0,,N,,0,UK,-1,1,N,Spring 2021,0,0,0,0,422814,,,,,,,,,,,,,,,,,,,,,,,
86753091,2020-21,STU01714,FALL,20 and younger,Transfer-In,Full-Time,C,N,UK,White,N,M,C,UK,Transfer-In Full-Time,01,513899,2.8,2.41,15,12,29,25,34,27,24,16,N,R,NA,Y,NA,C,,2.83,NA,Y,NA,C,1,1,0,0,0,0,2,1,,N,,5,UK,0,3,N,Fall 2019,4,0,0,0,513899,,,MA,,,,,Associate's Colleges,,,,,Town/Rural,,,,,,,,,,
86753091,2017-18,STU01715,FALL,20 and younger,First-Time,Part-Time,N,N,,Hispanic,H,M,B,UK,First-Time Part-Time,B,510904,4,4,6,5,18,17,0,0,0,0,R,R,N,Y,N,D,,M,N,Y,N,D,1,1,0,0,0,0,1,1,,N,,0,N,0,3,N,N,0,0,0,0,510904,,,,,,,,Master's Colleges & Universities,,,,,Urban,,,,,,,,,,
86753091,2017-18,STU01716,SPRING,Older than 24,First-Time,Part-Time,C,R,,Asian,N,F,,Y,First-Time Part-Time,03,422814,4,3.78,4,4,15,15,0,0,0,0,N,R,NA,Y,NA,C,,3.38,NA,NA,NA,NA,1,0,0,0,0,0,3,0,,R,,1,N,0,0,N,Spring 2021,5,0,0,0,422814,,,,,,,,,,,,,,,,,,,,,,,
86753091,2019-20,STU01717,FALL,>20 - 24,First-Time,Full-Time,N,R,,Hispanic,H,M,B,Y,First-Time Full-Time,B,540101,2.32,1.89,14,8,0,0,0,0,0,0,R,R,Y,N,NC,N,W,,Y,NA,D,NA,0,0,0,0,0,0,1,0,,R,,1,N,0,0,N,N,0,0,0,0,540101,,,,,,,,,,,,,,,,,,,,,,,
86753091,2016-17,STU01718,SUMMER,Older than 24,First-Time,Part-Time,N,C,,Black or African American,N,M,B,Y,First-Time Part-Time,01,270101,2.51,2.49,7,5,11,8,20,17,0,0,R,N,N,NA,N,NA,,,N,NA,N,NA,1,0,0,0,0,0,1,0,,C,,2,N,-1,1,N,N,0,0,0,0,270101,,,,,,,,,,,,,,,,,,,,,,,
86753091,2016-17,STU01719,FALL,20 and younger,Transfer-In,Full-Time,C,C,,Hispanic,H,F,,N,Transfer-In Full-Time,02,261504,3.78,4,18,18,27,22,28,25,25,23,N,N,NA,NA,NA,NA,,,NA,NA,NA,NA,1,0,0,4,0,0,2,0,3.9,C,,0,P,0,0,N,N,0,4,0,0,261504,,,,,,,,,,,,,,,,4,,,,4,,,
86753091,2016-17,STU01720,FALL,>20 - 24,Re-admit,Full-Time,N,UK,,Black or African American,N,M,B,UK,Re-admit Full-Time,M,270101,3.87,3.71,17,16,28,27,37,27,0,0,R,UK,UK,UK,UK,UK,,,Y,UK,C,UK,1,0,0,0,0,0,3,0,,UK,STEM Scholars 2019,1,N,0,1,N,N,0,0,0,0,270101,,,,,,,,,,,,,,,,,,,,,,,
86753091,2016-17,STU01721,FALL,20 and younger,First-Time,Full-Time,N,N,,Black or African American,N,M,B,Y,First-Time Full-Time,B,131202,3.93,4,11,9,34,33,32,32,28,26,R,R,Y,Y,D,D,F,F,N,Y,N,C,1,0,0,0,0,0,3,0,,N,,0,N,0,0,N,N,0,2,0,0,131202,,,,,,,,,,,,,,,,,,,,2,,,
86753091,2017-18,STU01722,FALL,Older than 24,First-Time,Part-Time,C,C,,Asian,N,F,,Y,First-Time Part-Time,A,540101,2.75,3,6,5,9,7,14,8,0,0,N,N,NA,NA,NA,NA,,,NA,NA,NA,NA,1,0,0,0,0,0,4,0,,C,,0,Y,2,1,N,Spring 2021,0,2,0,0,540101,,,,,,,,,,,,,,,,,,,,2,,,
86753091,2016-17,STU01723,FALL,20 and younger,Transfer-In,Full-Time,C,C,,Hispanic,H,F,B,Y,Transfer-In Full-Time,B,420101,3.61,4,19,19,27,27,24,23,22,22,N,N,NA,NA,NA,NA,,,NA,NA,NA,NA,1,0,0,0,0,0,3,0,,C,,0,N,0,0,Y,N,0,0,0,0,420101,,,,,,,,,,,,,,,,,,,,,,,
86753091,2020-21,STU01724,FALL,20 and younger,First-Time,Full-Time,C,C,DE,White,N,P,A,Y,First-Time Full-Time,B,422814,2.21,1.92,14,12,23,16,0,0,0,0,N,N,NA,NA,NA,NA,,,NA,NA,NA,NA,1,0,0,0,0,0,1,0,,C,STEM Scholars 2019,1,P,0,0,N,N,5,0,0,0,422814,,,,,,,,,,,,,,,,,,,,,,,
86753091,2019-20,STU01725,FALL,>20 - 24,Transfer-In,Full-Time,C,C,,White,N,M,B,N,Transfer-In Full-Time,B,540101,3.69,3.94,19,17,28,24,0,0,0,0,N,N,NA,NA,NA,NA,,,NA,NA,NA,NA,1,1,0,0,0,0,1,2,,C,,-1,N,0,3,N,Fall 2019,0,0,0,0,540101,,,IL,,,,,Master's Colleges & Universities,,,,,,,,,,,,,,,
86753091,2019-20,STU01726,FALL,>20 - 24,First-Time,Full-Time,C,C,,Asian,N,M,P,N,First-Time Full-Time,A,520201,4,3.82,21,20,0,0,0,0,0,0,N,N,NA,NA,NA,NA,,,NA,NA,NA,NA,0,0,0,0,0,0,1,0,,C,,0,N,0,0,N,N,0,0,0,0,520201,,,,,,,,,,,,,,,,,,,,,,,
86753091,2018-19,STU01727,FALL,>20 - 24,Re-admit,Full-Time,N,C,,Asian,N,F,A,N,Re-admit Full-Time,B,510904,2.35,2.57,10,8,27,22,28,25,0,0,R,N,Y,NA,C,NA,2.12,,N,NA,N,NA,1,0,0,0,0,0,3,0,,C,,4,N,0,2,N,N,0,0,0,0,510904,,,,,,,,,,,,,,,,,,,,,,,
86753091,2019-20,STU01728,FALL,Older than 24,Transfer-In,Full-Time,C,N,,Hispanic,H,M,B,N,Transfer-In Full-Time,01,131202,1.85,2.25,19,15,0,0,0,0,0,0,N,R,NA,Y,NA,C,,1,NA,Y,NA,C,0,0,0,0,0,0,1,0,,N,First Year Success,-1,N,0,1,N,N,0,0,0,0,131202,,,,,,,,,,,,,,,,,,,,,,,
86753091,2017-18,STU01729,SUMMER,20 and younger,Re-admit,Full-Time,C,C,,Hispanic,H,M,C,UK,Re-admit Full-Time,B,420101,4,3.39,17,16,33,28,31,24,23,20,N,N,NA,NA,NA,NA,,,NA,NA,NA,NA,1,1,0,0,0,0,1,1,,C,,3,N,0,0,N,N,0,0,0,0,420101,,,NJ,,,,,Master's Colleges & Universities,,,,,Urban,,,,,,,,,,
86753091,2020-21,STU01730,FALL,>20 - 24,First-Time,Full-Time,R,N,,Hispanic,H,F,A,Y,First-Time Full-Time,C2,540101,2.56,2.86,18,18,24,17,27,27,0,0,R,R,Y,N,C,N,1.47,,NA,Y,NA,C,1,1,0,0,0,0,4,0,,N,,1,N,0,0,N,N,0,0,0,0,540101,,,NY,,,,,,,,,,Urban,,,,,,,,,,
86753091,2016-17,STU01731,SUMMER,20 and younger,Transfer-In,Full-Time,C,C,,White,N,F,,Y,Transfer-In Full-Time,B,270101,3.56,3.27,15,13,27,26,28,24,0,0,N,N,NA,NA,NA,NA,,,NA,NA,NA,NA,1,0,0,0,0,0,2,0,,C,,5,N,0,0,N,Spring 2020,4,0,0,0,270101,,,,,,,,,,,,,,,,,,,,,,,
86753091,2019-20,STU01732,FALL,Older than 24,First-Time,Full-Time,C,C,,Two or More Races,N,M,B,N,First-Time Full-Time,B,240101,3.14,3.35,12,10,22,15,0,0,0,0,N,N,NA,NA,NA,NA,,,NA,NA,NA,NA,1,0,0,0,0,0,2,0,,C,,1,N,0,2,N,N,5,0,0,0,240101,,,,,,,,,,,,,,,,,,,,,,,
86753091,2018-19,STU01733,FALL,20 and younger,Transfer-In,Full-Time,N,C,,Black or African American,N,F,B,N,Transfer-In Full-Time,B,513899,3.2,3.51,14,10,20,18,28,27,24,18,R,N,Y,NA,D,NA,I,,Y,NA,C,NA,1,1,0,0,0,0,1,1,,C,First Year Success,2,N,0,2,N,N,0,3,0,0,513899,,,GA,,,,,,,,,,,,,,,,,3,,,
86753091,2016-17,STU01734,FALL,20 and younger,Transfer-In,Full-Time,C,C,,Black or African American,N,F,N,N,Transfer-In Full-Time,03,520201,1.48,1.36,17,9,22,11,0,0,0,0,N,N,NA,NA,NA,NA,,,NA,NA,NA,NA,1,0,0,0,0,0,3,0,,C,,0,N,0,-1,N,N,0,0,0,0,520201,,,,,,,,,,,,,,,,,,,,,,,
86753091,2018-19,STU01735,FALL,20 and younger,First-Time,Full-Time,N,C,SE,Hispanic,H,F,P,N,First-Time Full-Time,03,240101,4,3.26,16,13,25,22,36,28,0,0,R,N,Y,NA,C,NA,3.37,,Y,NA,C,NA,1,0,0,3,0,0,3,0,3.3,C,,-1,N,0,0,N,N,0,3,0,0,240101,,,,,,,,,,,,,,,,3,,,,3,,,
86753091,2019-20,STU01736,FALL,>20 - 24,First-Time,Part-Time,N,C,UK,Hispanic,H,M,A,UK,First-Time Part-Time,B,420101,3.04,2.85,9,7,0,0,0,0,0,0,R,N,Y,NA,D,NA,F,,Y,NA,C,NA,0,1,0,0,0,0,1,2,,C,,0,N,0,0,N,N,0,0,0,0,420101,,,,,,,,Baccalaureate Colleges,,,,,Urban,,,,,,,,,,
86753091,2016-17,STU01737,SPRING,Older than 24,First-Time,Part-Time,C,C,,Asian,N,F,A,UK,First-Time Part-Time,01,230101,3.38,3.34,8,8,15,12,19,14,9,8,N,N,NA,NA,NA,NA,,,NA,NA,NA,NA,1,0,0,0,0,0,3,0,,C,,0,N,0,3,N,Fall 2019,0,0,0,0,230101,,,,,,,,,,,,,,,,,,,,,,,
86753091,2017-18,STU01738,SPRING,>20 - 24,First-Time,Full-Time,R,N,,Asian,N,M,B,UK,First-Time Full-Time,B,240101,2.37,2.3,17,12,23,18,0,0,0,0,R,R,Y,Y,C,C,A,3.22,NA,N,NA,N,1,1,0,0,0,0,3,1,,N,,3,N,1,-1,UK,N,0,0,0,0,240101,,,VA,,,,,Master's Colleges & Universities,,,,,,,,,,,,,,,
86753091,2016-17,STU01739,SUMMER,20 and younger,First-Time,Full-Time,N,N,,White,N,M,C,N,First-Time Full-Time,A,240101,3.99,3.62,20,18,32,28,32,30,0,0,R,R,Y,Y,C,C,2.06,2.36,Y,N,C,N,1,0,0,0,0,0,4,0,,N,,2,N,0,-1,N,Fall 2019,0,0,0,0,240101,,,,,,,,,,,,,,,,,,,,,,,
86753091,2017-18,STU01740,FALL,20 and younger,Transfer-In,Full-Time,R,R,,Hispanic,H,F,N,N,Transfer-In Full-Time,B,510904,2.69,2.38,14,12,31,19,27,17,37,26,R,R,Y,Y,C,C,1.31,O,NA,NA,NA,NA,1,0,0,2,0,0,3,0,1.9,R,First Year Success,-1,N,0,3,N,N,0,2,0,0,510904,,,,,,,,,,,,,,,,2,,,,2,,,
86753091,2019-20,STU01741,FALL,20 and younger,First-Time,Full-Time,R,C,,Black or African American,N,F,B,N,First-Time Full-Time,B,422814,3.01,2.85,13,12,28,16,0,0,0,0,R,N,Y,NA,C,NA,2.83,,NA,NA,NA,NA,1,0,0,0,0,0,3,0,,C,,0,N,0,3,N,N,6,0,0,0,422814,,,,,,,,,,,,,,,,,,,,,,,
86753091,2020-21,STU01742,FALL,Older than 24,First-Time,Full-Time,N,C,,Asian,N,F,N,UK,First-Time Full-Time,B,261504,3.4,3.51,12,10,22,21,23,23,23,23,R,N,N,NA,N,NA,,,Y,NA,D,NA,1,1,0,0,0,0,5,2,,C,,3,UK,0,2,UK,Spring 2020,0,0,0,0,261504,,,WA,,,,,Master's Colleges & Universities,,,,,Suburb,,,,,,,,,,
86753091,2016-17,STU01743,FALL,>20 - 24,First-Time,Full-Time,C,C,,Black or African American,N,F,A,Y,First-Time Full-Time,B,261504,2.78,2.32,8,7,32,24,29,26,0,0,N,N,NA,NA,NA,NA,,,NA,NA,NA,NA,1,0,0,0,0,0,2,0,,C,,0,P,0,4,N,Fall 2019,4,0,0,0,261504,,,,,,,,,,,,,,,,,,,,,,,
86753091,2016-17,STU01744,FALL,>20 - 24,Transfer-In,Full-Time,C,C,,Two or More Races,N,F,B,N,Transfer-In Full-Time,B,422814,4,3.98,18,14,31,26,32,32,0,0,N,N,NA,NA,NA,NA,,,NA,NA,NA,NA,1,1,0,3,0,0,3,2,2.9,C,,2,N,0,3,N,N,0,3,0,0,422814,,,,,,,,Associate's Colleges,,,,,Town/Rural,,,3,,,,3,,,
86753091,2020-21,STU01745,FALL,20 and younger,Transfer-In,Full-Time,C,C,,White,N,M,B,UK,Transfer-In Full-Time,B,240101,4,4,19,17,30,26,28,28,0,0,N,N,NA,NA,NA,NA,,,NA,NA,NA,NA,1,1,0,2,0,0,2,3,2.2,C,,2,N,-1,0,N,N,0,2,0,0,240101,,,AZ,,,,,,,,,,Town/Rural,,,2,,,,2,,,
86753091,2016-17,STU01746,SPRING,20 and younger,First-Time,Full-Time,C,C,,Two or More Races,N,M,N,Y,First-Time Full-Time,B,110701,3.12,3.27,16,12,30,28,0,0,0,0,N,N,NA,NA,NA,NA,,,NA,NA,NA,NA,1,0,0,0,0,0,2,0,,C,,6,N,2,3,N,N,4,0,0,0,110701,,,,,,,,,,,,,,,,,,,,,,,
86753091,2020-21,STU01747,FALL,>20 - 24,Transfer-In,Part-Time,C,C,,Asian,N,M,A,Y,Transfer-In Part-Time,B,270101,2.99,3.01,12,10,14,14,9,9,17,13,N,N,NA,NA,NA,NA,,,NA,NA,NA,NA,1,0,0,0,0,0,1,0,,C,,2,N,0,3,UK,N,0,0,0,0,270101,,,,,,,,,,,,,,,,,,,,,,,
86753091,2018-19,STU01748,FALL,>20 - 24,Transfer-In,Full-Time,R,C,,White,N,F,C,UK,Transfer-In Full-Time,02,520201,3.35,3.29,11,6,28,25,0,0,0,0,R,N,Y,NA,D,NA,I,,NA,NA,NA,NA,1,0,0,0,0,0,4,0,,C,STEM Scholars 2019,1,N,0,4,N,Spring 2020,0,0,0,0,520201,,,,,,,,,,,,,,,,,,,,,,,
86753091,2017-18,STU01749,SPRING,>20 - 24,First-Time,Full-Time,N,C,UK,Hispanic,H,M,B,UK,First-Time Full-Time,B,420101,2.81,1.95,14,9,26,13,0,0,0,0,R,N,N,NA,N,NA,,,Y,NA,D,NA,1,0,0,0,0,0,1,0,,C,,5,N,0,4,N,N,0,0,0,0,420101,,,,,,,,,,,,,,,,,,,,,,,
86753091,2020-21,STU01750,SUMMER,20 and younger,Transfer-In,Full-Time,C,N,,Black or African American,N,F,B,UK,Transfer-In Full-Time,B,510904,3.53,4,16,14,22,22,25,25,0,0,N,R,NA,Y,NA,NC,,F,NA,Y,NA,C,1,1,0,0,0,0,2,2,,N,,0,N,0,3,N,N,0,0,0,0,510904,,,,,,,,Doctoral Universities,,,,,Urban,,,,,,,,,,
86753091,2017-18,STU01751,FALL,20 and younger,Transfer-In,Full-Time,C,C,,White,N,P,C,N,Transfer-In Full-Time,B,270101,3.52,4,15,12,29,29,27,27,30,26,N,N,NA,NA,NA,NA,,,NA,NA,NA,NA,1,0,0,0,0,0,2,0,,C,,0,N,-1,0,N,N,0,0,0,0,270101,,,,,,,,,,,,,,,,,,,,,,,
86753091,2017-18,STU01752,FALL,20 and younger,Transfer-In,Full-Time,C,N,,White,N,F,B,Y,Transfer-In Full-Time,03,420101,2.23,1.9,18,12,0,0,0,0,0,0,N,R,NA,N,NA,N,,,NA,Y,NA,D,0,0,0,0,0,0,1,0,,N,Bridge Program,0,N,0,3,N,N,0,0,0,0,420101,,,,,,,,,,,,,,,,,,,,,,,
86753091,2019-20,STU01753,FALL,>20 - 24,Transfer-In,Full-Time,C,N,,White,N,F,,N,Transfer-In Full-Time,B,230101,3.53,3.28,14,12,0,0,0,0,0,0,N,R,NA,Y,NA,C,,2.77,NA,Y,NA,C,0,0,0,0,0,0,1,0,,N,,0,N,0,0,N,N,0,0,0,0,230101,,,,,,,,,,,,,,,,,,,,,,,
86753091,2020-21,STU01754,FALL,>20 - 24,Transfer-In,Full-Time,N,C,,Hispanic,H,F,A,Y,Transfer-In Full-Time,B,510904,4,4,13,13,21,21,21,21,0,0,R,N,Y,NA,D,NA,I,,Y,NA,D,NA,1,0,0,0,0,0,3,0,,C,,3,UK,-1,-1,N,N,0,0,0,0,510904,,,,,,,,,,,,,,,,,,,,,,,
86753091,2020-21,STU01755,FALL,>20 - 24,First-Time,Part-Time,N,N,,White,N,M,N,UK,First-Time Part-Time,A,540101,3.2,3.01,10,9,15,15,0,0,0,0,R,R,Y,Y,C,C,3.11,2.38,Y,Y,D,C,1,0,0,0,0,0,3,0,,N,,4,N,0,3,Y,N,0,0,0,0,540101,,,,,,,,,,,,,,,,,,,,,,,
86753091,2016-17,STU01756,FALL,Older than 24,Transfer-In,Full-Time,C,C,,White,N,M,,N,Transfer-In Full-Time,B,540101,3.35,3.68,17,16,26,24,32,32,27,27,N,N,NA,NA,NA,NA,,,NA,NA,NA,NA,1,0,0,0,0,0,2,0,,C,,4,UK,0,1,N,N,0,0,0,0,540101,,,,,,,,,,,,,,,,,,,,,,,
86753091,2019-20,STU01757,FALL,20 and younger,Transfer-In,Part-Time,C,C,,White,N,F,P,N,Transfer-In Part-Time,B,261504,2.87,2.55,6,4,12,8,15,12,9,7,N,N,NA,NA,NA,NA,,,NA,NA,NA,NA,1,0,0,0,0,0,4,0,,C,,3,N,0,3,N,N,0,0,0,0,261504,,,,,,,,,,,,,,,,,,,,,,,
86753091,2020-21,STU01758,SPRING,20 and younger,Transfer-In,Full-Time,N,C,,Black or African American,N,M,A,Y,Transfer-In Full-Time,B,540101,3.49,3.38,15,13,29,24,25,20,30,21,R,N,Y,NA,C,NA,3.71,,Y,NA,C,NA,1,0,0,3,0,0,2,0,3.2,C,,0,N,0,4,Y,N,0,3,0,0,540101,,,,,,,,,,,,,,,,3,,,,3,,,
86753091,2019-20,STU01759,FALL,>20 - 24,Transfer-In,Full-Time,C,N,UK,Hispanic,H,F,B,UK,Transfer-In Full-Time,03,110701,2.4,2.44,14,9,37,26,29,24,36,23,N,R,NA,N,NA,N,,,NA,N,NA,N,1,1,0,0,0,0,4,0,,N,,0,N,0,2,N,N,0,0,0,0,110701,,,NJ,,,,,Baccalaureate Colleges,,,,,Town/Rural,,,,,,,,,,
86753091,2019-20,STU01760,FALL,Older than 24,Transfer-In,Full-Time,C,C,,Asian,N,M,B,N,Transfer-In Full-Time,B,540101,2.8,3.49,15,14,27,19,20,17,24,18,N,N,NA,NA,NA,NA,,,NA,NA,NA,NA,1,0,0,0,0,0,2,0,,C,,1,UK,0,1,N,N,6,0,0,0,540101,,,,,,,,,,,,,,,,,,,,,,,
86753091,2019-20,STU01761,FALL,>20 - 24,First-Time,Full-Time,C,N,,Black or African American,N,M,C,N,First-Time Full-Time,B,240101,2.91,3.02,16,14,29,27,24,13,25,25,N,R,NA,Y,NA,C,,2.15,NA,Y,NA,D,1,0,0,0,0,0,2,0,,N,,0,N,0,3,UK,N,5,0,0,0,240101,,,,,,,,,,,,,,,,,,,,,,,
86753091,2020-21,STU01762,FALL,>20 - 24,Transfer-In,Full-Time,UK,C,,White,N,M,B,Y,Transfer-In Full-Time,B,513899,3.03,3.08,14,12,26,26,33,33,27,23,UK,N,UK,NA,UK,NA,,,UK,NA,UK,NA,1,0,0,0,0,0,4,0,,C,,0,N,0,2,N,N,0,0,0,0,513899,,,,,,,,,,,,,,,,,,,,,,,
86753091,2018-19,STU01763,FALL,>20 - 24,Transfer-In,Full-Time,N,C,,Asian,N,F,B,Y,Transfer-In Full-Time,03,510904,2.52,3.22,15,11,25,20,34,32,0,0,R,N,Y,NA,D,NA,F,,Y,NA,C,NA,1,0,0,2,0,0,2,0,2.2,C,,4,UK,2,-1,N,N,0,2,0,0,510904,,,,,,,,,,,,,,,,2,,,,2,,,
86753091,2016-17,STU01764,FALL,>20 - 24,First-Time,Full-Time,C,C,,White,N,F,A,N,First-Time Full-Time,B,270101,3.66,3.69,15,15,27,27,23,18,0,0,N,N,NA,NA,NA,NA,,,NA,NA,NA,NA,1,0,0,0,0,0,1,0,,C,,6,UK,0,3,N,Spring 2020,0,0,0,0,270101,,,,,,,,,,,,,,,,,,,,,,,
86753091,2018-19,STU01765,SUMMER,Older than 24,First-Time,Full-Time,UK,C,UK,White,N,M,N,N,First-Time Full-Time,A,270101,2.27,2.41,16,14,27,13,0,0,0,0,UK,N,UK,NA,UK,NA,,,UK,NA,UK,NA,1,1,0,0,0,0,3,2,,C,,0,N,0,-1,Y,N,0,3,0,0,270101,,,,,,,,Baccalaureate Colleges,,,,,Urban,,,,,,,3,,,
86753091,2018-19,STU01766,FALL,>20 - 24,First-Time,Full-Time,C,R,,White,N,M,B,Y,First-Time Full-Time,01,261504,2.96,2.79,16,15,29,24,0,0,0,0,N,R,NA,N,NA,N,,,NA,NA,NA,NA,1,0,0,0,0,0,4,0,,R,,0,N,0,0,N,N,0,0,0,0,261504,,,,,,,,,,,,,,,,,,,,,,,
86753091,2017-18,STU01767,SPRING,Older than 24,First-Time,Part-Time,N,N,,Hispanic,H,M,B,UK,First-Time Part-Time,02,510904,3.43,3.08,10,9,10,10,0,0,0,0,R,R,Y,Y,NC,C,F,3.36,Y,Y,C,C,1,0,0,0,0,0,2,0,,N,,2,N,0,1,N,Spring 2021,0,0,0,0,510904,,,,,,,,,,,,,,,,,,,,,,,
86753091,2017-18,STU01768,FALL,>20 - 24,First-Time,Full-Time,C,C,,Hispanic,H,M,B,N,First-Time Full-Time,03,240101,2.99,2.77,17,11,24,16,25,14,0,0,N,N,NA,NA,NA,NA,,,NA,NA,NA,NA,1,1,0,0,0,0,3,1,,C,,0,UK,0,1,N,N,0,0,0,0,240101,,,CA,,,,,Associate's Colleges,,,,,Suburb,,,,,,,,,,
86753091,2016-17,STU01769,FALL,Older than 24,Re-admit,Full-Time,N,C,,Hispanic,H,M,B,UK,Re-admit Full-Time,B,261504,2.31,3.27,20,18,29,24,25,24,25,25,R,N,Y,NA,NC,NA,F,,Y,NA,C,NA,1,0,0,0,0,0,2,0,,C,,2,N,-1,4,N,N,0,0,0,0,261504,,,,,,,,,,,,,,,,,,,,,,,
86753091,2017-18,STU01770,FALL,20 and younger,Transfer-In,Full-Time,C,C,,White,N,M,P,UK,Transfer-In Full-Time,B,420101,4,3.6,14,14,34,31,27,26,0,0,N,N,NA,NA,NA,NA,,,NA,NA,NA,NA,1,0,0,0,0,0,2,0,,C,,0,UK,0,-1,N,N,0,0,0,0,420101,,,,,,,,,,,,,,,,,,,,,,,
86753091,2018-19,STU01771,FALL,>20 - 24,First-Time,Full-Time,R,R,,White,N,X,N,N,First-Time Full-Time,B,110701,3.95,4,16,15,26,26,29,28,31,26,R,R,Y,Y,C,NC,3.06,M,NA,NA,NA,NA,1,0,0,0,0,0,3,0,,R,,1,N,0,3,N,Spring 2021,0,0,0,0,110701,,,,,,,,,,,,,,,,,,,,,,,
86753091,2020-21,STU01772,SPRING,>20 - 24,First-Time,Part-Time,C,C,,Two or More Races,N,M,B,UK,First-Time Part-Time,05,230101,3.7,3.63,9,9,16,16,17,16,20,16,N,N,NA,NA,NA,NA,,,NA,NA,NA,NA,1,0,0,0,0,0,2,0,,C,,3,N,0,0,N,N,0,0,0,0,230101,,,,,,,,,,,,,,,,,,,,,,,
86753091,2017-18,STU01773,FALL,20 and younger,First-Time,Full-Time,R,C,,White,N,UK,A,N,First-Time Full-Time,B,420101,2.64,2.79,16,15,25,18,36,24,30,26,R,N,N,NA,N,NA,,,NA,NA,NA,NA,1,1,0,0,0,2,4,2,,C,,0,N,0,0,N,N,0,0,0,2,420101,,,,,,,Doctoral Universities,Doctoral Universities,,Doctoral Universities,,Suburb,Suburb,,Suburb,,,2,,,,2,
86753091,2016-17,STU01774,FALL,20 and younger,First-Time,Full-Time,C,N,,White,N,F,B,UK,First-Time Full-Time,B,420101,2.51,2.78,15,11,28,21,0,0,0,0,N,R,NA,Y,NA,D,,I,NA,N,NA,N,1,0,0,0,0,0,2,0,,N,,3,N,0,3,N,Spring 2021,0,0,0,0,420101,,,,,,,,,,,,,,,,,,,,,,,
86753091,2018-19,STU01775,FALL,20 and younger,First-Time,Full-Time,C,N,DE,Black or African American,N,M,B,Y,First-Time Full-Time,B,513899,4,3.89,16,16,0,0,0,0,0,0,N,R,NA,Y,NA,C,,3.15,NA,N,NA,N,0,1,0,0,0,0,1,1,,N,,1,UK,1,2,Y,N,0,0,0,0,513899,,,FL,,,,,Associate's Colleges,,,,,Suburb,,,,,,,,,,
86753091,2017-18,STU01776,FALL,20 and younger,Transfer-In,Full-Time,N,C,,Asian,N,F,B,Y,Transfer-In Full-Time,03,513899,1.78,1.84,19,12,0,0,0,0,0,0,R,N,Y,NA,NC,NA,W,,Y,NA,C,NA,0,1,0,0,0,0,1,1,,C,,-1,N,1,2,N,N,0,4,0,0,513899,,,OH,,,,,,,,,,Town/Rural,,,,,,,4,,,
86753091,2018-19,STU01777,FALL,>20 - 24,First-Time,Full-Time,R,N,,White,N,F,A,N,First-Time Full-Time,03,422814,2.31,2.03,14,11,0,0,0,0,0,0,R,R,N,N,N,N,,,NA,Y,NA,D,0,0,0,0,0,0,1,0,,N,,0,N,0,0,UK,N,0,3,0,0,422814,,,,,,,,,,,,,,,,,,,,3,,,
86753091,2016-17,STU01778,SUMMER,>20 - 24,First-Time,Full-Time,R,C,,Black or African American,N,M,P,N,First-Time Full-Time,A,513899,2.17,1.85,15,11,30,16,0,0,0,0,R,N,N,NA,N,NA,,,NA,NA,NA,NA,1,0,0,0,0,0,1,0,,C,,0,P,0,3,N,Fall 2019,0,0,0,0,513899,,,,,,,,,,,,,,,,,,,,,,,
86753091,2016-17,STU01779,FALL,20 and younger,First-Time,Full-Time,N,C,,White,N,M,A,N,First-Time Full-Time,B,420101,3.01,2.83,14,12,20,15,29,23,25,18,R,N,Y,NA,C,NA,3.58,,Y,NA,D,NA,1,0,0,3,0,0,3,0,2.9,C,,0,UK,0,-1,N,N,4,3,0,0,420101,,,,,,,,,,,,,,,,3,,,,3,,,
86753091,2020-21,STU01780,SPRING,>20 - 24,Transfer-In,Full-Time,C,C,,White,N,M,B,N,Transfer-In Full-Time,B,510904,4,4,15,13,28,28,0,0,0,0,N,N,NA,NA,NA,NA,,,NA,NA,NA,NA,1,1,0,0,0,0,3,1,,C,,3,N,0,4,N,N,0,0,0,0,510904,,,NC,,,,,Associate's Colleges,,,,,,,,,,,,,,,
86753091,2017-18,STU01781,WINTER,20 and younger,First-Time,Full-Time,C,C,DE,American Indian or Alaska Native,N,M,N,N,First-Time Full-Time,B,510904,4,3.84,14,11,31,28,0,0,0,0,N,N,NA,NA,NA,NA,,,NA,NA,NA,NA,1,0,0,0,0,0,4,0,,C,,0,N,0,-1,UK,N,0,0,0,0,510904,,,,,,,,,,,,,,,,,,,,,,,
86753091,2019-20,STU01782,WINTER,Older than 24,First-Time,Full-Time,C,N,,White,N,F,B,N,First-Time Full-Time,A,240101,2.94,3.51,11,10,29,28,25,22,23,18,N,R,NA,Y,NA,C,,2.51,NA,Y,NA,C,1,0,0,0,0,0,2,0,,N,,0,N,0,1,Y,N,0,0,0,0,240101,,,,,,,,,,,,,,,,,,,,,,,
86753091,2020-21,STU01783,FALL,20 and younger,Transfer-In,Full-Time,C,C,,White,N,F,N,N,Transfer-In Full-Time,B,240101,3.33,2.88,14,12,24,17,30,26,28,18,N,N,NA,NA,NA,NA,,,NA,NA,NA,NA,1,0,0,0,0,0,2,0,,C,,0,N,0,0,N,N,5,0,0,0,240101,,,,,,,,,,,,,,,,,,,,,,,
86753091,2020-21,STU01784,FALL,20 and younger,Transfer-In,Full-Time,R,C,,Hispanic,H,F,B,Y,Transfer-In Full-Time,B,540101,3.82,3.54,16,15,24,21,0,0,0,0,R,N,Y,NA,D,NA,W,,NA,NA,NA,NA,1,0,0,0,0,0,5,0,,C,,2,N,0,3,N,N,0,2,0,0,540101,,,,,,,,,,,,,,,,,,,,2,,,
86753091,2018-19,STU01785,FALL,Older than 24,Transfer-In,Full-Time,C,UK,UK,Black or African American,N,F,B,Y,Transfer-In Full-Time,B,540101,3.77,4,14,13,32,32,25,25,26,26,N,UK,NA,UK,NA,UK,,,NA,UK,NA,UK,1,0,0,2,0,0,2,0,2.1,UK,,0,P,0,2,N,N,0,2,0,0,540101,,,,,,,,,,,,,,,,2,,,,2,,,
86753091,2016-17,STU01786,FALL,>20 - 24,Transfer-In,Part-Time,C,C,,Asian,N,F,,N,Transfer-In Part-Time,B,131202,3.33,3.52,7,6,19,18,12,11,16,16,N,N,NA,NA,NA,NA,,,NA,NA,NA,NA,1,0,0,0,0,0,4,0,,C,,0,N,1,-1,N,N,0,0,0,0,131202,,,,,,,,,,,,,,,,,,,,,,,
86753091,2016-17,STU01787,FALL,>20 - 24,First-Time,Part-Time,N,C,UK,Hispanic,H,X,,Y,First-Time Part-Time,B,513899,2.05,2.27,9,7,15,9,12,9,11,8,R,N,N,NA,N,NA,,,Y,NA,D,NA,1,0,0,0,0,0,1,0,,C,Bridge Program,-1,Y,0,2,N,N,0,0,0,0,513899,,,,,,,,,,,,,,,,,,,,,,,
86753091,2016-17,STU01788,FALL,Older than 24,First-Time,Part-Time,UK,C,,White,N,UK,P,N,First-Time Part-Time,C1,422814,3.24,2.86,13,10,15,9,0,0,0,0,UK,N,UK,NA,UK,NA,,,UK,NA,UK,NA,1,0,0,0,0,0,2,0,,C,,-1,N,0,3,UK,N,4,0,0,0,422814,,,,,,,,,,,,,,,,,,,,,,,
86753091,2018-19,STU01789,FALL,Older than 24,First-Time,Full-Time,N,R,,Hispanic,H,F,N,Y,First-Time Full-Time,B,261504,2.75,2.56,17,14,31,26,28,28,23,23,R,R,Y,Y,C,D,P,F,Y,NA,C,NA,1,1,0,4,4,0,2,0,4,R,,1,UK,0,4,N,Spring 2020,0,4,4,0,261504,,,,,,,,,,,Urban,,Urban,Urban,,4,,,,4,,,
86753091,2016-17,STU01790,FALL,20 and younger,First-Time,Full-Time,N,C,,Two or More Races,N,M,P,Y,First-Time Full-Time,A,110701,3.69,3.7,20,17,20,19,26,21,25,19,R,N,N,NA,N,NA,,,Y,NA,D,NA,1,0,0,0,0,0,3,0,,C,,2,N,0,0,N,Fall 2020,0,0,0,0,110701,,,,,,,,,,,,,,,,,,,,,,,
86753091,2018-19,STU01791,FALL,Older than 24,First-Time,Full-Time,C,C,,Hispanic,H,M,A,N,First-Time Full-Time,B,270101,2.28,2.94,14,12,23,23,29,19,30,26,N,N,NA,NA,NA,NA,,,NA,NA,NA,NA,1,1,0,0,4,0,5,1,,C,Bridge Program,0,N,0,2,N,N,0,0,4,0,270101,MA,,MA,MA,,Master's Colleges & Universities,,Master's Colleges & Universities,Master's Colleges & Universities,,Urban,,Urban,Urban,,,,,,,,,
86753091,2018-19,STU01792,FALL,>20 - 24,First-Time,Part-Time,C,C,,Hispanic,H,M,,N,First-Time Part-Time,B,261504,3.66,3.37,8,8,14,13,15,11,12,12,N,N,NA,NA,NA,NA,,,NA,NA,NA,NA,1,1,0,0,0,0,4,3,,C,,5,N,0,0,N,N,0,0,0,0,261504,,,NY,,,,,Doctoral Universities,,,,,Suburb,,,,,,,,,,
86753091,2019-20,STU01793,FALL,Older than 24,Transfer-In,Part-Time,C,C,,White,N,M,B,N,Transfer-In Part-Time,B,420101,3.05,3.58,12,11,16,12,20,18,13,12,N,N,NA,NA,NA,NA,,,NA,NA,NA,NA,1,1,0,0,0,0,2,0,,C,,0,P,0,2,N,N,0,0,0,0,420101,,,CA,,,,,Master's Colleges & Universities,,,,,Suburb,,,,,,,,,,
86753091,2019-20,STU01794,FALL,Older than 24,First-Time,Full-Time,C,C,,Hispanic,H,M,A,Y,First-Time Full-Time,02,513899,3.87,2.43,15,13,0,0,0,0,0,0,N,N,NA,NA,NA,NA,,,NA,NA,NA,NA,0,0,0,0,0,0,1,0,,C,,1,N,0,1,N,Spring 2021,0,0,0,0,513899,,,,,,,,,,,,,,,,,,,,,,,
86753091,2017-18,STU01795,FALL,20 and younger,First-Time,Full-Time,UK,N,,Hispanic,H,M,B,N,First-Time Full-Time,B,422814,4,4,15,15,34,34,0,0,0,0,UK,R,UK,Y,UK,C,,2.29,UK,Y,UK,C,1,0,0,0,0,0,2,0,,N,,1,N,0,2,N,N,0,0,0,0,422814,,,,,,,,,,,,,,,,,,,,,,,
86753091,2020-21,STU01796,FALL,Older than 24,Transfer-In,Part-Time,N,C,,White,N,M,,N,Transfer-In Part-Time,B,510904,3.39,3.51,6,6,23,19,0,0,0,0,R,N,N,NA,N,NA,,,Y,NA,C,NA,1,0,0,0,0,0,3,0,,C,,1,UK,1,1,N,N,0,0,0,0,510904,,,,,,,,,,,,,,,,,,,,,,,
86753091,2020-21,STU01797,FALL,Older than 24,Transfer-In,Part-Time,C,C,,Black or African American,N,F,B,N,Transfer-In Part-Time,B,261504,2.77,3.55,4,4,16,13,14,12,0,0,N,N,NA,NA,NA,NA,,,NA,NA,NA,NA,1,0,0,0,0,0,5,0,,C,,3,N,0,2,Y,N,0,0,0,0,261504,,,,,,,,,,,,,,,,,,,,,,,
86753091,2019-20,STU01798,FALL,Older than 24,First-Time,Full-Time,C,C,,White,N,F,A,N,First-Time Full-Time,03,540101,2.75,3.08,18,13,32,24,25,25,26,24,N,N,NA,NA,NA,NA,,,NA,NA,NA,NA,1,1,0,0,0,0,3,2,,C,,6,UK,0,2,N,N,0,0,0,0,540101,,,NJ,,,,,Doctoral Universities,,,,,,,,,,,,,,,
86753091,2016-17,STU01799,WINTER,>20 - 24,First-Time,Part-Time,C,C,,Nonresident alien,N,F,B,N,First-Time Part-Time,A,261504,2.81,3.57,8,8,14,14,12,12,9,8,N,N,NA,NA,NA,NA,,,NA,NA,NA,NA,1,0,0,0,0,0,4,0,,C,,0,N,0,4,Y,N,0,0,0,0,261504,,,,,,,,,,,,,,,,,,,,,,,
